Animal,File,phase,subphase,bin,motion,freezing
1,240324_SEFL21G4d2_novsts_01_02 Box 1.wmv,mildstressor,prepost,bl,487.3881481,27.14814815
1,240324_SEFL21G4d2_novsts_01_02 Box 1.wmv,mildstressor,startle,noise_noise,1631.155556,0
1,240324_SEFL21G4d2_novsts_01_02 Box 1.wmv,mildstressor,startle,noise_post,329.5444444,54.44444444
1,240324_SEFL21G4d2_novsts_01_02 Box 1.wmv,mildstressor,startle,noise_pre,170.2444444,65.55555556
1,240324_SEFL21G4d2_novsts_01_02 Box 1.wmv,mildstressor,prepost,post,307.9594595,52.7027027
1,20240322_21G4D_traumarecall_01_02 Box 1.wmv,traumatest,OFF,1,403.7725,41.36111111
1,20240322_21G4D_traumarecall_01_02 Box 1.wmv,traumatest,ON,2,159.3333333,69.36111111
1,20240322_21G4D_traumarecall_01_02 Box 1.wmv,traumatest,OFF,3,307.1291667,55.36111111
1,20240322_21G4D_traumarecall_01_02 Box 1.wmv,traumatest,ON,4,374.7566667,33.75
2,240324_SEFL21G4d2_novsts_01_02 Box 2.wmv,mildstressor,prepost,bl,654.8162963,20.27777778
2,240324_SEFL21G4d2_novsts_01_02 Box 2.wmv,mildstressor,startle,noise_noise,1308.722222,12.22222222
2,240324_SEFL21G4d2_novsts_01_02 Box 2.wmv,mildstressor,startle,noise_post,118.2333333,66.66666667
2,240324_SEFL21G4d2_novsts_01_02 Box 2.wmv,mildstressor,startle,noise_pre,473.9666667,0
2,240324_SEFL21G4d2_novsts_01_02 Box 2.wmv,mildstressor,prepost,post,571.179661,44.40677966
2,20240322_21G4D_traumarecall_01_02 Box 2.wmv,traumatest,OFF,1,507.1402778,38.41666667
2,20240322_21G4D_traumarecall_01_02 Box 2.wmv,traumatest,ON,2,669.6622222,16
2,20240322_21G4D_traumarecall_01_02 Box 2.wmv,traumatest,OFF,3,249.2052778,67.19444444
2,20240322_21G4D_traumarecall_01_02 Box 2.wmv,traumatest,ON,4,602.4994444,19.36111111
3,240324_SEFL21G4d2_novsts_03_04 Box 1.wmv,mildstressor,prepost,bl,405.3361111,36.05555556
3,240324_SEFL21G4d2_novsts_03_04 Box 1.wmv,mildstressor,startle,noise_noise,1338.6,0
3,240324_SEFL21G4d2_novsts_03_04 Box 1.wmv,mildstressor,startle,noise_post,1133.533333,0
3,240324_SEFL21G4d2_novsts_03_04 Box 1.wmv,mildstressor,startle,noise_pre,241.2666667,63.33333333
3,240324_SEFL21G4d2_novsts_03_04 Box 1.wmv,mildstressor,prepost,post,1100.369492,0
3,20240322_21G4D_traumarecall_03_04 Box 1.wmv,traumatest,OFF,1,175.2638889,61.5
3,20240322_21G4D_traumarecall_03_04 Box 1.wmv,traumatest,ON,2,50.12111111,88.11111111
3,20240322_21G4D_traumarecall_03_04 Box 1.wmv,traumatest,OFF,3,40.54722222,89.88888889
3,20240322_21G4D_traumarecall_03_04 Box 1.wmv,traumatest,ON,4,76.47638889,81.11111111
4,240324_SEFL21G4d2_novsts_03_04 Box 2.wmv,mildstressor,prepost,bl,943.6988889,6.555555556
4,240324_SEFL21G4d2_novsts_03_04 Box 2.wmv,mildstressor,startle,noise_noise,1397.466667,46.66666667
4,240324_SEFL21G4d2_novsts_03_04 Box 2.wmv,mildstressor,startle,noise_post,59.02222222,87.77777778
4,240324_SEFL21G4d2_novsts_03_04 Box 2.wmv,mildstressor,startle,noise_pre,442.1888889,27.77777778
4,240324_SEFL21G4d2_novsts_03_04 Box 2.wmv,mildstressor,prepost,post,374.8745763,37.62711864
4,20240322_21G4D_traumarecall_03_04 Box 2.wmv,traumatest,OFF,1,117.3480556,73.38888889
4,20240322_21G4D_traumarecall_03_04 Box 2.wmv,traumatest,ON,2,634.3625,13.75
4,20240322_21G4D_traumarecall_03_04 Box 2.wmv,traumatest,OFF,3,241.5363889,52.47222222
4,20240322_21G4D_traumarecall_03_04 Box 2.wmv,traumatest,ON,4,609.3783333,13.91666667
5,240324_SEFL21G4d2_novsts_05_06 Box 1.wmv,mildstressor,prepost,bl,751.7464815,8.796296296
5,240324_SEFL21G4d2_novsts_05_06 Box 1.wmv,mildstressor,startle,noise_noise,1251.888889,0
5,240324_SEFL21G4d2_novsts_05_06 Box 1.wmv,mildstressor,startle,noise_post,340.1222222,45.55555556
5,240324_SEFL21G4d2_novsts_05_06 Box 1.wmv,mildstressor,startle,noise_pre,480.1333333,0
5,240324_SEFL21G4d2_novsts_05_06 Box 1.wmv,mildstressor,prepost,post,374.4276094,32.65993266
5,20240322_21G4D_traumarecall_05_06 Box 1.wmv,traumatest,OFF,1,88.66972222,79.72222222
5,20240322_21G4D_traumarecall_05_06 Box 1.wmv,traumatest,ON,2,49.40472222,84.63888889
5,20240322_21G4D_traumarecall_05_06 Box 1.wmv,traumatest,OFF,3,101.2688889,71.75
5,20240322_21G4D_traumarecall_05_06 Box 1.wmv,traumatest,ON,4,176.1013889,60.75
6,240324_SEFL21G4d2_novsts_05_06 Box 2.wmv,mildstressor,prepost,bl,705.4892593,8.462962963
6,240324_SEFL21G4d2_novsts_05_06 Box 2.wmv,mildstressor,startle,noise_noise,1643.844444,0
6,240324_SEFL21G4d2_novsts_05_06 Box 2.wmv,mildstressor,startle,noise_post,56.31111111,91.11111111
6,240324_SEFL21G4d2_novsts_05_06 Box 2.wmv,mildstressor,startle,noise_pre,600.5444444,1.111111111
6,240324_SEFL21G4d2_novsts_05_06 Box 2.wmv,mildstressor,prepost,post,151.5945946,75
6,20240322_21G4D_traumarecall_05_06 Box 2.wmv,traumatest,OFF,1,181.3738889,60.16666667
6,20240322_21G4D_traumarecall_05_06 Box 2.wmv,traumatest,ON,2,520.0344444,6.333333333
6,20240322_21G4D_traumarecall_05_06 Box 2.wmv,traumatest,OFF,3,287.2641667,38.91666667
6,20240322_21G4D_traumarecall_05_06 Box 2.wmv,traumatest,ON,4,554.8383333,5.333333333
7,240324_SEFL21G4d2_novsts_07_08 Box 1.wmv,mildstressor,prepost,bl,819.0335185,14.38888889
7,240324_SEFL21G4d2_novsts_07_08 Box 1.wmv,mildstressor,startle,noise_noise,1586.455556,22.22222222
7,240324_SEFL21G4d2_novsts_07_08 Box 1.wmv,mildstressor,startle,noise_post,11.57777778,98.88888889
7,240324_SEFL21G4d2_novsts_07_08 Box 1.wmv,mildstressor,startle,noise_pre,441.5444444,35.55555556
7,240324_SEFL21G4d2_novsts_07_08 Box 1.wmv,mildstressor,prepost,post,42.53511706,94.64882943
7,20240322_21G4D_traumarecall_07_08 Box 1.wmv,traumatest,OFF,1,192.7172222,48.94444444
7,20240322_21G4D_traumarecall_07_08 Box 1.wmv,traumatest,ON,2,287.8027778,47.80555556
7,20240322_21G4D_traumarecall_07_08 Box 1.wmv,traumatest,OFF,3,239.2730556,48.44444444
7,20240322_21G4D_traumarecall_07_08 Box 1.wmv,traumatest,ON,4,224.0661111,54.61111111
8,240324_SEFL21G4d2_novsts_07_08 Box 2.wmv,mildstressor,prepost,bl,1015.119259,3.796296296
8,240324_SEFL21G4d2_novsts_07_08 Box 2.wmv,mildstressor,startle,noise_noise,1719.344444,21.11111111
8,240324_SEFL21G4d2_novsts_07_08 Box 2.wmv,mildstressor,startle,noise_post,251.8777778,48.88888889
8,240324_SEFL21G4d2_novsts_07_08 Box 2.wmv,mildstressor,startle,noise_pre,1014.377778,0
8,240324_SEFL21G4d2_novsts_07_08 Box 2.wmv,mildstressor,prepost,post,623.8595318,25.08361204
8,20240322_21G4D_traumarecall_07_08 Box 2.wmv,traumatest,OFF,1,357.4566667,39
8,20240322_21G4D_traumarecall_07_08 Box 2.wmv,traumatest,ON,2,714.1247222,7.083333333
8,20240322_21G4D_traumarecall_07_08 Box 2.wmv,traumatest,OFF,3,349.2852778,36.77777778
8,20240322_21G4D_traumarecall_07_08 Box 2.wmv,traumatest,ON,4,638.5886111,9.916666667
9,240324_SEFL21G4d2_novsts_09_10 Box 1.wmv,mildstressor,prepost,bl,1230.044259,1.703703704
9,240324_SEFL21G4d2_novsts_09_10 Box 1.wmv,mildstressor,startle,noise_noise,1655.911111,0
9,240324_SEFL21G4d2_novsts_09_10 Box 1.wmv,mildstressor,startle,noise_post,157.7111111,65.55555556
9,240324_SEFL21G4d2_novsts_09_10 Box 1.wmv,mildstressor,startle,noise_pre,843.0777778,14.44444444
9,240324_SEFL21G4d2_novsts_09_10 Box 1.wmv,mildstressor,prepost,post,842.527027,32.09459459
9,20240322_21G4D_traumarecall_09_10 Box 1.wmv,traumatest,OFF,1,281.6436111,48.05555556
9,20240322_21G4D_traumarecall_09_10 Box 1.wmv,traumatest,ON,2,696.8883333,7.611111111
9,20240322_21G4D_traumarecall_09_10 Box 1.wmv,traumatest,OFF,3,392.3330556,43.02777778
9,20240322_21G4D_traumarecall_09_10 Box 1.wmv,traumatest,ON,4,592.0066685,23.83995554
10,240324_SEFL21G4d2_novsts_09_10 Box 2.wmv,mildstressor,prepost,bl,974.3642593,3.407407407
10,240324_SEFL21G4d2_novsts_09_10 Box 2.wmv,mildstressor,startle,noise_noise,1367.744444,28.88888889
10,240324_SEFL21G4d2_novsts_09_10 Box 2.wmv,mildstressor,startle,noise_post,0.055555556,100
10,240324_SEFL21G4d2_novsts_09_10 Box 2.wmv,mildstressor,startle,noise_pre,838.7,0
10,240324_SEFL21G4d2_novsts_09_10 Box 2.wmv,mildstressor,prepost,post,111.3186441,76.27118644
10,20240322_21G4D_traumarecall_09_10 Box 2.wmv,traumatest,OFF,1,134.1788889,70.66666667
10,20240322_21G4D_traumarecall_09_10 Box 2.wmv,traumatest,ON,2,476.6333333,22.36111111
10,20240322_21G4D_traumarecall_09_10 Box 2.wmv,traumatest,OFF,3,310.9697222,33.25
10,20240322_21G4D_traumarecall_09_10 Box 2.wmv,traumatest,ON,4,832.998055,6.724090025
11,240324_SEFL21G4d2_novsts_11_12 Box 1.wmv,mildstressor,prepost,bl,794.5488889,17.59259259
11,240324_SEFL21G4d2_novsts_11_12 Box 1.wmv,mildstressor,startle,noise_noise,1358.911111,0
11,240324_SEFL21G4d2_novsts_11_12 Box 1.wmv,mildstressor,startle,noise_post,19.43333333,100
11,240324_SEFL21G4d2_novsts_11_12 Box 1.wmv,mildstressor,startle,noise_pre,825.5777778,0
11,240324_SEFL21G4d2_novsts_11_12 Box 1.wmv,mildstressor,prepost,post,7.61952862,100
11,20240322_21G4D_traumarecall_11_12 Box 1.wmv,traumatest,OFF,1,276.2127778,38.58333333
11,20240322_21G4D_traumarecall_11_12 Box 1.wmv,traumatest,ON,2,206.0497222,59.66666667
11,20240322_21G4D_traumarecall_11_12 Box 1.wmv,traumatest,OFF,3,357.73,50.75
11,20240322_21G4D_traumarecall_11_12 Box 1.wmv,traumatest,ON,4,531.9505556,25.75
12,240324_SEFL21G4d2_novsts_11_12 Box 2.wmv,mildstressor,prepost,bl,876.9031481,15.77777778
12,240324_SEFL21G4d2_novsts_11_12 Box 2.wmv,mildstressor,startle,noise_noise,2897.322222,0
12,240324_SEFL21G4d2_novsts_11_12 Box 2.wmv,mildstressor,startle,noise_post,28.61111111,94.44444444
12,240324_SEFL21G4d2_novsts_11_12 Box 2.wmv,mildstressor,startle,noise_pre,338.1777778,44.44444444
12,240324_SEFL21G4d2_novsts_11_12 Box 2.wmv,mildstressor,prepost,post,20.02027027,96.28378378
12,20240322_21G4D_traumarecall_11_12 Box 2.wmv,traumatest,OFF,1,303.7763889,17.30555556
12,20240322_21G4D_traumarecall_11_12 Box 2.wmv,traumatest,ON,2,265.4916667,45.80555556
12,20240322_21G4D_traumarecall_11_12 Box 2.wmv,traumatest,OFF,3,134.1588889,71.61111111
12,20240322_21G4D_traumarecall_11_12 Box 2.wmv,traumatest,ON,4,182.2216667,62.27777778
13,240324_SEFL21G4d2_novsts_13_14 Box 1.wmv,mildstressor,prepost,bl,1084.492593,8.37037037
13,240324_SEFL21G4d2_novsts_13_14 Box 1.wmv,mildstressor,startle,noise_noise,2071.877778,0
13,240324_SEFL21G4d2_novsts_13_14 Box 1.wmv,mildstressor,startle,noise_post,578.7111111,42.22222222
13,240324_SEFL21G4d2_novsts_13_14 Box 1.wmv,mildstressor,startle,noise_pre,709.8444444,0
13,240324_SEFL21G4d2_novsts_13_14 Box 1.wmv,mildstressor,prepost,post,413.2154882,44.78114478
13,20240322_21G4D_traumarecall_13_14(01) Box 1.wmv,traumatest,OFF,1,257.055,46.11111111
13,20240322_21G4D_traumarecall_13_14(01) Box 1.wmv,traumatest,ON,2,400.7138889,27.75
13,20240322_21G4D_traumarecall_13_14(01) Box 1.wmv,traumatest,OFF,3,246.8094444,44.72222222
13,20240322_21G4D_traumarecall_13_14(01) Box 1.wmv,traumatest,ON,4,580.0186111,18.05555556
14,240324_SEFL21G4d2_novsts_13_14 Box 2.wmv,mildstressor,prepost,bl,687.9435185,12.33333333
14,240324_SEFL21G4d2_novsts_13_14 Box 2.wmv,mildstressor,startle,noise_noise,711.8555556,37.77777778
14,240324_SEFL21G4d2_novsts_13_14 Box 2.wmv,mildstressor,startle,noise_post,0.055555556,100
14,240324_SEFL21G4d2_novsts_13_14 Box 2.wmv,mildstressor,startle,noise_pre,582.2555556,26.66666667
14,240324_SEFL21G4d2_novsts_13_14 Box 2.wmv,mildstressor,prepost,post,61.20945946,88.51351351
14,20240322_21G4D_traumarecall_13_14(01) Box 2.wmv,traumatest,OFF,1,129.0197222,65.08333333
14,20240322_21G4D_traumarecall_13_14(01) Box 2.wmv,traumatest,ON,2,522.5533333,17.75
14,20240322_21G4D_traumarecall_13_14(01) Box 2.wmv,traumatest,OFF,3,148.3011111,67.55555556
14,20240322_21G4D_traumarecall_13_14(01) Box 2.wmv,traumatest,ON,4,494.8588889,23.11111111
15,240324_SEFL21G4d2_novsts_15_16 Box 1.wmv,mildstressor,prepost,bl,843.4674074,9.37037037
15,240324_SEFL21G4d2_novsts_15_16 Box 1.wmv,mildstressor,startle,noise_noise,1698.577778,0
15,240324_SEFL21G4d2_novsts_15_16 Box 1.wmv,mildstressor,startle,noise_post,151.6888889,82.22222222
15,240324_SEFL21G4d2_novsts_15_16 Box 1.wmv,mildstressor,startle,noise_pre,1043.866667,18.88888889
15,240324_SEFL21G4d2_novsts_15_16 Box 1.wmv,mildstressor,prepost,post,96.04391892,83.10810811
15,20240322_21G4D_traumarecall_15_16 Box 1.wmv,traumatest,OFF,1,83.50166667,81.02777778
15,20240322_21G4D_traumarecall_15_16 Box 1.wmv,traumatest,ON,2,180.515,53.83333333
15,20240322_21G4D_traumarecall_15_16 Box 1.wmv,traumatest,OFF,3,111,68.75
15,20240322_21G4D_traumarecall_15_16 Box 1.wmv,traumatest,ON,4,106,71.52777778
16,240324_SEFL21G4d2_novsts_15_16 Box 2.wmv,mildstressor,prepost,bl,646.6877778,11.01851852
16,240324_SEFL21G4d2_novsts_15_16 Box 2.wmv,mildstressor,startle,noise_noise,1437.977778,0
16,240324_SEFL21G4d2_novsts_15_16 Box 2.wmv,mildstressor,startle,noise_post,582.3,0
16,240324_SEFL21G4d2_novsts_15_16 Box 2.wmv,mildstressor,startle,noise_pre,1324.322222,22.22222222
16,240324_SEFL21G4d2_novsts_15_16 Box 2.wmv,mildstressor,prepost,post,596.8614865,7.094594595
16,20240322_21G4D_traumarecall_15_16 Box 2.wmv,traumatest,OFF,1,157.9530556,57.83333333
16,20240322_21G4D_traumarecall_15_16 Box 2.wmv,traumatest,ON,2,275.905,47.36111111
16,20240322_21G4D_traumarecall_15_16 Box 2.wmv,traumatest,OFF,3,149.7441667,66.66666667
16,20240322_21G4D_traumarecall_15_16 Box 2.wmv,traumatest,ON,4,383.4241667,29.61111111
17,240324_SEFL21G4d2_novsts_17_18 Box 1.wmv,mildstressor,prepost,bl,1091.60463,6.388888889
17,240324_SEFL21G4d2_novsts_17_18 Box 1.wmv,mildstressor,startle,noise_noise,1634.644444,1.111111111
17,240324_SEFL21G4d2_novsts_17_18 Box 1.wmv,mildstressor,startle,noise_post,6.655555556,100
17,240324_SEFL21G4d2_novsts_17_18 Box 1.wmv,mildstressor,startle,noise_pre,466.5333333,47.77777778
17,240324_SEFL21G4d2_novsts_17_18 Box 1.wmv,mildstressor,prepost,post,364.559322,35.25423729
17,20240322_21G4D_traumarecall_17_18 Box 1.wmv,traumatest,OFF,1,198.5830556,50.52777778
17,20240322_21G4D_traumarecall_17_18 Box 1.wmv,traumatest,ON,2,651.8552778,14.88888889
17,20240322_21G4D_traumarecall_17_18 Box 1.wmv,traumatest,OFF,3,244.3416667,52.66666667
17,20240322_21G4D_traumarecall_17_18 Box 1.wmv,traumatest,ON,4,626.8983333,20
18,240324_SEFL21G4d2_novsts_17_18 Box 2.wmv,mildstressor,prepost,bl,589.9466667,16.77777778
18,240324_SEFL21G4d2_novsts_17_18 Box 2.wmv,mildstressor,startle,noise_noise,1070.411111,35.55555556
18,240324_SEFL21G4d2_novsts_17_18 Box 2.wmv,mildstressor,startle,noise_post,15.96666667,98.88888889
18,240324_SEFL21G4d2_novsts_17_18 Box 2.wmv,mildstressor,startle,noise_pre,993.1777778,0
18,240324_SEFL21G4d2_novsts_17_18 Box 2.wmv,mildstressor,prepost,post,354.6326531,53.7414966
18,20240322_21G4D_traumarecall_17_18 Box 2.wmv,traumatest,OFF,1,141.0997222,62.22222222
18,20240322_21G4D_traumarecall_17_18 Box 2.wmv,traumatest,ON,2,151.1472222,61.63888889
18,20240322_21G4D_traumarecall_17_18 Box 2.wmv,traumatest,OFF,3,130.1644444,69.27777778
18,20240322_21G4D_traumarecall_17_18 Box 2.wmv,traumatest,ON,4,320.6894444,37.69444444
20,240324_SEFL21G4d2_novsts_20_21 Box 1.wmv,mildstressor,prepost,bl,1079.872593,2.611111111
20,240324_SEFL21G4d2_novsts_20_21 Box 1.wmv,mildstressor,startle,noise_noise,1096.488889,0
20,240324_SEFL21G4d2_novsts_20_21 Box 1.wmv,mildstressor,startle,noise_post,71.86666667,91.11111111
20,240324_SEFL21G4d2_novsts_20_21 Box 1.wmv,mildstressor,startle,noise_pre,995.7,0
20,240324_SEFL21G4d2_novsts_20_21 Box 1.wmv,mildstressor,prepost,post,261.969697,50.16835017
20,20240322_21G4D_traumarecall_20_21 Box 1.wmv,traumatest,OFF,1,124.5863889,74.94444444
20,20240322_21G4D_traumarecall_20_21 Box 1.wmv,traumatest,ON,2,558.0038889,18.58333333
20,20240322_21G4D_traumarecall_20_21 Box 1.wmv,traumatest,OFF,3,176.7166667,60.16666667
20,20240322_21G4D_traumarecall_20_21 Box 1.wmv,traumatest,ON,4,570.6797222,23.86111111
21,240324_SEFL21G4d2_novsts_20_21 Box 2.wmv,mildstressor,prepost,bl,638.8977778,22.05555556
21,240324_SEFL21G4d2_novsts_20_21 Box 2.wmv,mildstressor,startle,noise_noise,1358.055556,0
21,240324_SEFL21G4d2_novsts_20_21 Box 2.wmv,mildstressor,startle,noise_post,384.7666667,53.33333333
21,240324_SEFL21G4d2_novsts_20_21 Box 2.wmv,mildstressor,startle,noise_pre,267.3,65.55555556
21,240324_SEFL21G4d2_novsts_20_21 Box 2.wmv,mildstressor,prepost,post,416.9391892,43.91891892
21,20240322_21G4D_traumarecall_20_21 Box 2.wmv,traumatest,OFF,1,249.5808333,38.86111111
21,20240322_21G4D_traumarecall_20_21 Box 2.wmv,traumatest,ON,2,430.5047222,27.63888889
21,20240322_21G4D_traumarecall_20_21 Box 2.wmv,traumatest,OFF,3,281.1041667,41.94444444
21,20240322_21G4D_traumarecall_20_21 Box 2.wmv,traumatest,ON,4,259.3741667,57.05555556
22,240324_SEFL21G4d2_novsts_22_23 Box 1.wmv,mildstressor,prepost,bl,1056.280185,6.12962963
22,240324_SEFL21G4d2_novsts_22_23 Box 1.wmv,mildstressor,startle,noise_noise,1553.255556,2.222222222
22,240324_SEFL21G4d2_novsts_22_23 Box 1.wmv,mildstressor,startle,noise_post,123.8444444,84.44444444
22,240324_SEFL21G4d2_novsts_22_23 Box 1.wmv,mildstressor,startle,noise_pre,1339.933333,26.66666667
22,240324_SEFL21G4d2_novsts_22_23 Box 1.wmv,mildstressor,prepost,post,590.9183673,43.53741497
22,20240322_21G4D_traumarecall_22_23 Box 1.wmv,traumatest,OFF,1,378.1588889,44.13888889
22,20240322_21G4D_traumarecall_22_23 Box 1.wmv,traumatest,ON,2,679.1491667,11.08333333
22,20240322_21G4D_traumarecall_22_23 Box 1.wmv,traumatest,OFF,3,335.9677778,52.27777778
22,20240322_21G4D_traumarecall_22_23 Box 1.wmv,traumatest,ON,4,532.7840846,19.83861992
23,240324_SEFL21G4d2_novsts_22_23 Box 2.wmv,mildstressor,prepost,bl,384.9585185,39.24074074
23,240324_SEFL21G4d2_novsts_22_23 Box 2.wmv,mildstressor,startle,noise_noise,874.6222222,0
23,240324_SEFL21G4d2_novsts_22_23 Box 2.wmv,mildstressor,startle,noise_post,65.01111111,95.55555556
23,240324_SEFL21G4d2_novsts_22_23 Box 2.wmv,mildstressor,startle,noise_pre,179.7333333,62.22222222
23,240324_SEFL21G4d2_novsts_22_23 Box 2.wmv,mildstressor,prepost,post,26.37414966,98.63945578
23,20240322_21G4D_traumarecall_22_23 Box 2.wmv,traumatest,OFF,1,354.7330556,34.75
23,20240322_21G4D_traumarecall_22_23 Box 2.wmv,traumatest,ON,2,114.4833333,68.77777778
23,20240322_21G4D_traumarecall_22_23 Box 2.wmv,traumatest,OFF,3,314.6294444,46.86111111
23,20240322_21G4D_traumarecall_22_23 Box 2.wmv,traumatest,ON,4,349.8405676,35.61491375
24,240324_SEFL21G4d2_novsts_24_25 Box 1.wmv,mildstressor,prepost,bl,872.075,13.2037037
24,240324_SEFL21G4d2_novsts_24_25 Box 1.wmv,mildstressor,startle,noise_noise,2239.166667,0
24,240324_SEFL21G4d2_novsts_24_25 Box 1.wmv,mildstressor,startle,noise_post,11.92222222,98.88888889
24,240324_SEFL21G4d2_novsts_24_25 Box 1.wmv,mildstressor,startle,noise_pre,661.8222222,0
24,240324_SEFL21G4d2_novsts_24_25 Box 1.wmv,mildstressor,prepost,post,59.90572391,89.22558923
24,20240322_21G4D_traumarecall_24_25 Box 1.wmv,traumatest,OFF,1,292.5455556,38.41666667
24,20240322_21G4D_traumarecall_24_25 Box 1.wmv,traumatest,ON,2,419.5888889,26.72222222
24,20240322_21G4D_traumarecall_24_25 Box 1.wmv,traumatest,OFF,3,309.9302778,31.5
24,20240322_21G4D_traumarecall_24_25 Box 1.wmv,traumatest,ON,4,422.0686111,26.58333333
25,240324_SEFL21G4d2_novsts_24_25 Box 2.wmv,mildstressor,prepost,bl,704.045,17.75925926
25,240324_SEFL21G4d2_novsts_24_25 Box 2.wmv,mildstressor,startle,noise_noise,1901.877778,2.222222222
25,240324_SEFL21G4d2_novsts_24_25 Box 2.wmv,mildstressor,startle,noise_post,35.28888889,93.33333333
25,240324_SEFL21G4d2_novsts_24_25 Box 2.wmv,mildstressor,startle,noise_pre,262.9444444,45.55555556
25,240324_SEFL21G4d2_novsts_24_25 Box 2.wmv,mildstressor,prepost,post,134.5738255,73.15436242
25,20240322_21G4D_traumarecall_24_25 Box 2.wmv,traumatest,OFF,1,175.0936111,56.05555556
25,20240322_21G4D_traumarecall_24_25 Box 2.wmv,traumatest,ON,2,280.9022222,57.52777778
25,20240322_21G4D_traumarecall_24_25 Box 2.wmv,traumatest,OFF,3,649.0263889,21.55555556
25,20240322_21G4D_traumarecall_24_25 Box 2.wmv,traumatest,ON,4,450.3602778,32.88888889
26,240324_SEFL21G4d2_novsts_26_27 Box 1.wmv,mildstressor,prepost,bl,1259.597037,2.722222222
26,240324_SEFL21G4d2_novsts_26_27 Box 1.wmv,mildstressor,startle,noise_noise,1897.3,0
26,240324_SEFL21G4d2_novsts_26_27 Box 1.wmv,mildstressor,startle,noise_post,607.5888889,16.66666667
26,240324_SEFL21G4d2_novsts_26_27 Box 1.wmv,mildstressor,startle,noise_pre,882.7222222,0
26,240324_SEFL21G4d2_novsts_26_27 Box 1.wmv,mildstressor,prepost,post,739.9898305,7.457627119
26,20240322_21G4D_traumarecall_26_27 Box 1.wmv,traumatest,OFF,1,150.0066667,58.41666667
26,20240322_21G4D_traumarecall_26_27 Box 1.wmv,traumatest,ON,2,826.3944444,7.166666667
26,20240322_21G4D_traumarecall_26_27 Box 1.wmv,traumatest,OFF,3,505.1797222,35.61111111
26,20240322_21G4D_traumarecall_26_27 Box 1.wmv,traumatest,ON,4,696.1241667,20.25
27,240324_SEFL21G4d2_novsts_26_27 Box 2.wmv,mildstressor,prepost,bl,853.9824074,10.61111111
27,240324_SEFL21G4d2_novsts_26_27 Box 2.wmv,mildstressor,startle,noise_noise,1268.355556,0
27,240324_SEFL21G4d2_novsts_26_27 Box 2.wmv,mildstressor,startle,noise_post,86.91111111,90
27,240324_SEFL21G4d2_novsts_26_27 Box 2.wmv,mildstressor,startle,noise_pre,748.7333333,3.333333333
27,240324_SEFL21G4d2_novsts_26_27 Box 2.wmv,mildstressor,prepost,post,155.0881356,74.57627119
27,20240322_21G4D_traumarecall_26_27 Box 2.wmv,traumatest,OFF,1,392.8288889,33.47222222
27,20240322_21G4D_traumarecall_26_27 Box 2.wmv,traumatest,ON,2,486.6,28.75
27,20240322_21G4D_traumarecall_26_27 Box 2.wmv,traumatest,OFF,3,404.9713889,41.63888889
27,20240322_21G4D_traumarecall_26_27 Box 2.wmv,traumatest,ON,4,452.3130556,38.30555556
28,240324_SEFL21G4d2_novsts_28_29 Box 1.wmv,mildstressor,prepost,bl,734.2355556,19.14814815
28,240324_SEFL21G4d2_novsts_28_29 Box 1.wmv,mildstressor,startle,noise_noise,1813.344444,0
28,240324_SEFL21G4d2_novsts_28_29 Box 1.wmv,mildstressor,startle,noise_post,247.0888889,76.66666667
28,240324_SEFL21G4d2_novsts_28_29 Box 1.wmv,mildstressor,startle,noise_pre,1332.222222,0
28,240324_SEFL21G4d2_novsts_28_29 Box 1.wmv,mildstressor,prepost,post,93.66779661,90.16949153
28,20240322_21G4D_traumarecall_28_29 Box 1.wmv,traumatest,OFF,1,110.1480556,84.05555556
28,20240322_21G4D_traumarecall_28_29 Box 1.wmv,traumatest,ON,2,195.2327778,68.41666667
28,20240322_21G4D_traumarecall_28_29 Box 1.wmv,traumatest,OFF,3,314.5247222,44.52777778
28,20240322_21G4D_traumarecall_28_29 Box 1.wmv,traumatest,ON,4,228.9969402,61.39082058
29,240324_SEFL21G4d2_novsts_28_29 Box 2.wmv,mildstressor,prepost,bl,695.9375926,15.68518519
29,240324_SEFL21G4d2_novsts_28_29 Box 2.wmv,mildstressor,startle,noise_noise,881.7777778,2.222222222
29,240324_SEFL21G4d2_novsts_28_29 Box 2.wmv,mildstressor,startle,noise_post,40.37777778,93.33333333
29,240324_SEFL21G4d2_novsts_28_29 Box 2.wmv,mildstressor,startle,noise_pre,315.5888889,36.66666667
29,240324_SEFL21G4d2_novsts_28_29 Box 2.wmv,mildstressor,prepost,post,411.6542373,51.52542373
29,20240322_21G4D_traumarecall_28_29 Box 2.wmv,traumatest,OFF,1,204.1677778,52.77777778
29,20240322_21G4D_traumarecall_28_29 Box 2.wmv,traumatest,ON,2,343.5191667,37.30555556
29,20240322_21G4D_traumarecall_28_29 Box 2.wmv,traumatest,OFF,3,80.68722222,82.30555556
29,20240322_21G4D_traumarecall_28_29 Box 2.wmv,traumatest,ON,4,252.1419032,40.87367835
1,240320_SEFL21G4d_trauma_g1,trauma,baseline,baseline,171.26,2.41
1,240320_SEFL21G4d_trauma_g1,trauma,postshock,postshock01,33.69,39.33
1,240320_SEFL21G4d_trauma_g1,trauma,postshock,postshock02,49.06,21.33
1,240320_SEFL21G4d_trauma_g1,trauma,postshock,postshock03,18.48,69
1,240320_SEFL21G4d_trauma_g1,trauma,postshock,postshock04,20.13,65.5
1,240320_SEFL21G4d_trauma_g1,trauma,postshock,postshock05,17.26,62.33
1,240320_SEFL21G4d_trauma_g1,trauma,postshock,postshock06,14.13,58.33
1,240320_SEFL21G4d_trauma_g1,trauma,postshock,postshock07,39.66,70.33
1,240320_SEFL21G4d_trauma_g1,trauma,postshock,postshock08,12.26,67.67
1,240320_SEFL21G4d_trauma_g1,trauma,postshock,postshock09,14.32,76
1,240320_SEFL21G4d_trauma_g1,trauma,postshock,postshock10,4.42,90.5
1,240320_SEFL21G4d_trauma_g1,trauma,shock,shock01,1398.83,0
1,240320_SEFL21G4d_trauma_g1,trauma,shock,shock02,868,0
1,240320_SEFL21G4d_trauma_g1,trauma,shock,shock03,735.37,0
1,240320_SEFL21G4d_trauma_g1,trauma,shock,shock04,958.7,0
1,240320_SEFL21G4d_trauma_g1,trauma,shock,shock05,329.97,0
1,240320_SEFL21G4d_trauma_g1,trauma,shock,shock06,881.83,0
1,240320_SEFL21G4d_trauma_g1,trauma,shock,shock07,811.83,0
1,240320_SEFL21G4d_trauma_g1,trauma,shock,shock08,951.97,0
1,240320_SEFL21G4d_trauma_g1,trauma,shock,shock09,490.93,0
1,240320_SEFL21G4d_trauma_g1,trauma,shock,shock10,543.1,0
2,240320_SEFL21G4d_trauma_g1,trauma,baseline,baseline,243.25,2.23
2,240320_SEFL21G4d_trauma_g1,trauma,postshock,postshock01,128.68,5.67
2,240320_SEFL21G4d_trauma_g1,trauma,postshock,postshock02,34.72,41
2,240320_SEFL21G4d_trauma_g1,trauma,postshock,postshock03,11.09,76
2,240320_SEFL21G4d_trauma_g1,trauma,postshock,postshock04,22.53,71.83
2,240320_SEFL21G4d_trauma_g1,trauma,postshock,postshock05,7.29,87.17
2,240320_SEFL21G4d_trauma_g1,trauma,postshock,postshock06,40.55,49.67
2,240320_SEFL21G4d_trauma_g1,trauma,postshock,postshock07,16.14,85.83
2,240320_SEFL21G4d_trauma_g1,trauma,postshock,postshock08,10.66,71.67
2,240320_SEFL21G4d_trauma_g1,trauma,postshock,postshock09,8.54,82.17
2,240320_SEFL21G4d_trauma_g1,trauma,postshock,postshock10,4.21,85.83
2,240320_SEFL21G4d_trauma_g1,trauma,shock,shock01,1452.23,0
2,240320_SEFL21G4d_trauma_g1,trauma,shock,shock02,1784.2,0
2,240320_SEFL21G4d_trauma_g1,trauma,shock,shock03,1397.93,0
2,240320_SEFL21G4d_trauma_g1,trauma,shock,shock04,841.53,0
2,240320_SEFL21G4d_trauma_g1,trauma,shock,shock05,936,0
2,240320_SEFL21G4d_trauma_g1,trauma,shock,shock06,1252.43,0
2,240320_SEFL21G4d_trauma_g1,trauma,shock,shock07,956.73,0
2,240320_SEFL21G4d_trauma_g1,trauma,shock,shock08,1027.13,0
2,240320_SEFL21G4d_trauma_g1,trauma,shock,shock09,790.3,0
2,240320_SEFL21G4d_trauma_g1,trauma,shock,shock10,771.93,0
3,240320_SEFL21G4d_trauma_g1,trauma,baseline,baseline,192.33,1.01
3,240320_SEFL21G4d_trauma_g1,trauma,postshock,postshock01,85.31,12.5
3,240320_SEFL21G4d_trauma_g1,trauma,postshock,postshock02,14.9,57
3,240320_SEFL21G4d_trauma_g1,trauma,postshock,postshock03,6.59,80.33
3,240320_SEFL21G4d_trauma_g1,trauma,postshock,postshock04,54.14,54.5
3,240320_SEFL21G4d_trauma_g1,trauma,postshock,postshock05,5.81,77.33
3,240320_SEFL21G4d_trauma_g1,trauma,postshock,postshock06,9.43,88.83
3,240320_SEFL21G4d_trauma_g1,trauma,postshock,postshock07,27.93,61.17
3,240320_SEFL21G4d_trauma_g1,trauma,postshock,postshock08,40.78,64.33
3,240320_SEFL21G4d_trauma_g1,trauma,postshock,postshock09,25.07,82.5
3,240320_SEFL21G4d_trauma_g1,trauma,postshock,postshock10,6.23,80
3,240320_SEFL21G4d_trauma_g1,trauma,shock,shock01,1033.4,0
3,240320_SEFL21G4d_trauma_g1,trauma,shock,shock02,1554.17,0
3,240320_SEFL21G4d_trauma_g1,trauma,shock,shock03,720.47,0
3,240320_SEFL21G4d_trauma_g1,trauma,shock,shock04,743.93,0
3,240320_SEFL21G4d_trauma_g1,trauma,shock,shock05,668.03,0
3,240320_SEFL21G4d_trauma_g1,trauma,shock,shock06,756.77,0
3,240320_SEFL21G4d_trauma_g1,trauma,shock,shock07,711.5,0
3,240320_SEFL21G4d_trauma_g1,trauma,shock,shock08,1355.93,0
3,240320_SEFL21G4d_trauma_g1,trauma,shock,shock09,1038.47,0
3,240320_SEFL21G4d_trauma_g1,trauma,shock,shock10,1418.53,0
4,240320_SEFL21G4d_trauma_g1,trauma,baseline,baseline,248.26,1.5
4,240320_SEFL21G4d_trauma_g1,trauma,postshock,postshock01,88.42,6.67
4,240320_SEFL21G4d_trauma_g1,trauma,postshock,postshock02,100.05,29.5
4,240320_SEFL21G4d_trauma_g1,trauma,postshock,postshock03,55.24,49.67
4,240320_SEFL21G4d_trauma_g1,trauma,postshock,postshock04,15.6,70
4,240320_SEFL21G4d_trauma_g1,trauma,postshock,postshock05,19.23,62
4,240320_SEFL21G4d_trauma_g1,trauma,postshock,postshock06,24.62,44.17
4,240320_SEFL21G4d_trauma_g1,trauma,postshock,postshock07,0.14,100
4,240320_SEFL21G4d_trauma_g1,trauma,postshock,postshock08,39.58,70.33
4,240320_SEFL21G4d_trauma_g1,trauma,postshock,postshock09,38.42,62
4,240320_SEFL21G4d_trauma_g1,trauma,postshock,postshock10,25.1,74.67
4,240320_SEFL21G4d_trauma_g1,trauma,shock,shock01,1146.33,0
4,240320_SEFL21G4d_trauma_g1,trauma,shock,shock02,1051.47,0
4,240320_SEFL21G4d_trauma_g1,trauma,shock,shock03,824.57,0
4,240320_SEFL21G4d_trauma_g1,trauma,shock,shock04,926.27,0
4,240320_SEFL21G4d_trauma_g1,trauma,shock,shock05,400.73,0
4,240320_SEFL21G4d_trauma_g1,trauma,shock,shock06,695.27,0
4,240320_SEFL21G4d_trauma_g1,trauma,shock,shock07,849.33,0
4,240320_SEFL21G4d_trauma_g1,trauma,shock,shock08,886.33,0
4,240320_SEFL21G4d_trauma_g1,trauma,shock,shock09,1070.1,0
4,240320_SEFL21G4d_trauma_g1,trauma,shock,shock10,1064.07,0
5,240320_SEFL21G4d_trauma_g2,trauma,baseline,baseline,249.83,3.42
5,240320_SEFL21G4d_trauma_g2,trauma,postshock,postshock01,159.3,6
5,240320_SEFL21G4d_trauma_g2,trauma,postshock,postshock02,107.73,20.33
5,240320_SEFL21G4d_trauma_g2,trauma,postshock,postshock03,22.29,34
5,240320_SEFL21G4d_trauma_g2,trauma,postshock,postshock04,11.71,82.67
5,240320_SEFL21G4d_trauma_g2,trauma,postshock,postshock05,123.1,29
5,240320_SEFL21G4d_trauma_g2,trauma,postshock,postshock06,5.38,86.17
5,240320_SEFL21G4d_trauma_g2,trauma,postshock,postshock07,13.2,77
5,240320_SEFL21G4d_trauma_g2,trauma,postshock,postshock08,6.85,73.5
5,240320_SEFL21G4d_trauma_g2,trauma,postshock,postshock09,10.72,71.33
5,240320_SEFL21G4d_trauma_g2,trauma,postshock,postshock10,0.04,100
5,240320_SEFL21G4d_trauma_g2,trauma,shock,shock01,1059.03,0
5,240320_SEFL21G4d_trauma_g2,trauma,shock,shock02,1022.37,0
5,240320_SEFL21G4d_trauma_g2,trauma,shock,shock03,1453.63,0
5,240320_SEFL21G4d_trauma_g2,trauma,shock,shock04,837.93,0
5,240320_SEFL21G4d_trauma_g2,trauma,shock,shock05,873.73,0
5,240320_SEFL21G4d_trauma_g2,trauma,shock,shock06,930.6,0
5,240320_SEFL21G4d_trauma_g2,trauma,shock,shock07,701.77,0
5,240320_SEFL21G4d_trauma_g2,trauma,shock,shock08,447.37,0
5,240320_SEFL21G4d_trauma_g2,trauma,shock,shock09,893.33,0
5,240320_SEFL21G4d_trauma_g2,trauma,shock,shock10,770.37,0
6,240320_SEFL21G4d_trauma_g2,trauma,baseline,baseline,269.81,0.38
6,240320_SEFL21G4d_trauma_g2,trauma,postshock,postshock01,82.38,0
6,240320_SEFL21G4d_trauma_g2,trauma,postshock,postshock02,57.1,36.33
6,240320_SEFL21G4d_trauma_g2,trauma,postshock,postshock03,106.66,22.5
6,240320_SEFL21G4d_trauma_g2,trauma,postshock,postshock04,69.08,32
6,240320_SEFL21G4d_trauma_g2,trauma,postshock,postshock05,5.57,93
6,240320_SEFL21G4d_trauma_g2,trauma,postshock,postshock06,38.11,59
6,240320_SEFL21G4d_trauma_g2,trauma,postshock,postshock07,63.59,36.17
6,240320_SEFL21G4d_trauma_g2,trauma,postshock,postshock08,3.64,86.67
6,240320_SEFL21G4d_trauma_g2,trauma,postshock,postshock09,35.11,73.33
6,240320_SEFL21G4d_trauma_g2,trauma,postshock,postshock10,7.14,80
6,240320_SEFL21G4d_trauma_g2,trauma,shock,shock01,938.7,0
6,240320_SEFL21G4d_trauma_g2,trauma,shock,shock02,899.73,0
6,240320_SEFL21G4d_trauma_g2,trauma,shock,shock03,827.93,0
6,240320_SEFL21G4d_trauma_g2,trauma,shock,shock04,1421.13,0
6,240320_SEFL21G4d_trauma_g2,trauma,shock,shock05,1093.43,0
6,240320_SEFL21G4d_trauma_g2,trauma,shock,shock06,991.57,0
6,240320_SEFL21G4d_trauma_g2,trauma,shock,shock07,450.93,0
6,240320_SEFL21G4d_trauma_g2,trauma,shock,shock08,934.27,0
6,240320_SEFL21G4d_trauma_g2,trauma,shock,shock09,748.37,0
6,240320_SEFL21G4d_trauma_g2,trauma,shock,shock10,1168.47,0
7,240320_SEFL21G4d_trauma_g2,trauma,baseline,baseline,230.11,0
7,240320_SEFL21G4d_trauma_g2,trauma,postshock,postshock01,58.28,0
7,240320_SEFL21G4d_trauma_g2,trauma,postshock,postshock02,26.49,35.33
7,240320_SEFL21G4d_trauma_g2,trauma,postshock,postshock03,55.79,28
7,240320_SEFL21G4d_trauma_g2,trauma,postshock,postshock04,31.77,51.83
7,240320_SEFL21G4d_trauma_g2,trauma,postshock,postshock05,4.04,86
7,240320_SEFL21G4d_trauma_g2,trauma,postshock,postshock06,107.61,42.5
7,240320_SEFL21G4d_trauma_g2,trauma,postshock,postshock07,11.48,77
7,240320_SEFL21G4d_trauma_g2,trauma,postshock,postshock08,9.3,87.17
7,240320_SEFL21G4d_trauma_g2,trauma,postshock,postshock09,26.43,64
7,240320_SEFL21G4d_trauma_g2,trauma,postshock,postshock10,15.04,68.33
7,240320_SEFL21G4d_trauma_g2,trauma,shock,shock01,973.03,0
7,240320_SEFL21G4d_trauma_g2,trauma,shock,shock02,1195.4,0
7,240320_SEFL21G4d_trauma_g2,trauma,shock,shock03,1005.47,0
7,240320_SEFL21G4d_trauma_g2,trauma,shock,shock04,972.33,0
7,240320_SEFL21G4d_trauma_g2,trauma,shock,shock05,962.7,0
7,240320_SEFL21G4d_trauma_g2,trauma,shock,shock06,1442.83,0
7,240320_SEFL21G4d_trauma_g2,trauma,shock,shock07,1605.2,0
7,240320_SEFL21G4d_trauma_g2,trauma,shock,shock08,733.23,0
7,240320_SEFL21G4d_trauma_g2,trauma,shock,shock09,952.13,0
7,240320_SEFL21G4d_trauma_g2,trauma,shock,shock10,1107.47,0
8,240320_SEFL21G4d_trauma_g2,trauma,baseline,baseline,254.07,0.46
8,240320_SEFL21G4d_trauma_g2,trauma,postshock,postshock01,155.1,5.67
8,240320_SEFL21G4d_trauma_g2,trauma,postshock,postshock02,150.13,0
8,240320_SEFL21G4d_trauma_g2,trauma,postshock,postshock03,118.43,12.83
8,240320_SEFL21G4d_trauma_g2,trauma,postshock,postshock04,83.01,40.5
8,240320_SEFL21G4d_trauma_g2,trauma,postshock,postshock05,67.4,43.33
8,240320_SEFL21G4d_trauma_g2,trauma,postshock,postshock06,103.35,37
8,240320_SEFL21G4d_trauma_g2,trauma,postshock,postshock07,4.74,88.17
8,240320_SEFL21G4d_trauma_g2,trauma,postshock,postshock08,0.56,95.67
8,240320_SEFL21G4d_trauma_g2,trauma,postshock,postshock09,47,20.33
8,240320_SEFL21G4d_trauma_g2,trauma,postshock,postshock10,15.58,68.67
8,240320_SEFL21G4d_trauma_g2,trauma,shock,shock01,914.77,0
8,240320_SEFL21G4d_trauma_g2,trauma,shock,shock02,702.77,0
8,240320_SEFL21G4d_trauma_g2,trauma,shock,shock03,1034.83,0
8,240320_SEFL21G4d_trauma_g2,trauma,shock,shock04,840.4,0
8,240320_SEFL21G4d_trauma_g2,trauma,shock,shock05,498.23,0
8,240320_SEFL21G4d_trauma_g2,trauma,shock,shock06,1178.7,0
8,240320_SEFL21G4d_trauma_g2,trauma,shock,shock07,973,0
8,240320_SEFL21G4d_trauma_g2,trauma,shock,shock08,938.2,0
8,240320_SEFL21G4d_trauma_g2,trauma,shock,shock09,1073.63,0
8,240320_SEFL21G4d_trauma_g2,trauma,shock,shock10,676.57,0
9,240320_SEFL21G4d_trauma_g3,trauma,baseline,baseline,294.72,0
9,240320_SEFL21G4d_trauma_g3,trauma,postshock,postshock01,199.43,0
9,240320_SEFL21G4d_trauma_g3,trauma,postshock,postshock02,74.7,24
9,240320_SEFL21G4d_trauma_g3,trauma,postshock,postshock03,22.34,64.67
9,240320_SEFL21G4d_trauma_g3,trauma,postshock,postshock04,92.19,5.5
9,240320_SEFL21G4d_trauma_g3,trauma,postshock,postshock05,17.89,55.83
9,240320_SEFL21G4d_trauma_g3,trauma,postshock,postshock06,6.85,84.67
9,240320_SEFL21G4d_trauma_g3,trauma,postshock,postshock07,17.62,74.83
9,240320_SEFL21G4d_trauma_g3,trauma,postshock,postshock08,6.84,86.83
9,240320_SEFL21G4d_trauma_g3,trauma,postshock,postshock09,16.84,75.17
9,240320_SEFL21G4d_trauma_g3,trauma,postshock,postshock10,23.84,59.33
9,240320_SEFL21G4d_trauma_g3,trauma,shock,shock01,1117.23,0
9,240320_SEFL21G4d_trauma_g3,trauma,shock,shock02,938.9,0
9,240320_SEFL21G4d_trauma_g3,trauma,shock,shock03,745.33,0
9,240320_SEFL21G4d_trauma_g3,trauma,shock,shock04,764.2,0
9,240320_SEFL21G4d_trauma_g3,trauma,shock,shock05,712.4,0
9,240320_SEFL21G4d_trauma_g3,trauma,shock,shock06,945.8,0
9,240320_SEFL21G4d_trauma_g3,trauma,shock,shock07,556.33,0
9,240320_SEFL21G4d_trauma_g3,trauma,shock,shock08,965.73,0
9,240320_SEFL21G4d_trauma_g3,trauma,shock,shock09,912.13,0
9,240320_SEFL21G4d_trauma_g3,trauma,shock,shock10,1008.03,0
10,240320_SEFL21G4d_trauma_g3,trauma,baseline,baseline,260.66,0
10,240320_SEFL21G4d_trauma_g3,trauma,postshock,postshock01,74.64,17.5
10,240320_SEFL21G4d_trauma_g3,trauma,postshock,postshock02,59.58,17
10,240320_SEFL21G4d_trauma_g3,trauma,postshock,postshock03,17.69,61.33
10,240320_SEFL21G4d_trauma_g3,trauma,postshock,postshock04,34.58,72.17
10,240320_SEFL21G4d_trauma_g3,trauma,postshock,postshock05,20.23,71.17
10,240320_SEFL21G4d_trauma_g3,trauma,postshock,postshock06,20.27,84.17
10,240320_SEFL21G4d_trauma_g3,trauma,postshock,postshock07,9.32,79
10,240320_SEFL21G4d_trauma_g3,trauma,postshock,postshock08,9.47,41.67
10,240320_SEFL21G4d_trauma_g3,trauma,postshock,postshock09,8.4,89.5
10,240320_SEFL21G4d_trauma_g3,trauma,postshock,postshock10,62.93,66.67
10,240320_SEFL21G4d_trauma_g3,trauma,shock,shock01,952.73,0
10,240320_SEFL21G4d_trauma_g3,trauma,shock,shock02,979.27,0
10,240320_SEFL21G4d_trauma_g3,trauma,shock,shock03,1043.63,0
10,240320_SEFL21G4d_trauma_g3,trauma,shock,shock04,645.03,0
10,240320_SEFL21G4d_trauma_g3,trauma,shock,shock05,1928.07,0
10,240320_SEFL21G4d_trauma_g3,trauma,shock,shock06,1139,0
10,240320_SEFL21G4d_trauma_g3,trauma,shock,shock07,808.57,0
10,240320_SEFL21G4d_trauma_g3,trauma,shock,shock08,785.63,0
10,240320_SEFL21G4d_trauma_g3,trauma,shock,shock09,608.87,0
10,240320_SEFL21G4d_trauma_g3,trauma,shock,shock10,564.47,0
11,240320_SEFL21G4d_trauma_g3,trauma,baseline,baseline,186.76,2.91
11,240320_SEFL21G4d_trauma_g3,trauma,postshock,postshock01,125.01,21.5
11,240320_SEFL21G4d_trauma_g3,trauma,postshock,postshock02,70.9,17
11,240320_SEFL21G4d_trauma_g3,trauma,postshock,postshock03,40.49,41.33
11,240320_SEFL21G4d_trauma_g3,trauma,postshock,postshock04,28.15,60.33
11,240320_SEFL21G4d_trauma_g3,trauma,postshock,postshock05,7.66,78.17
11,240320_SEFL21G4d_trauma_g3,trauma,postshock,postshock06,128.65,11.33
11,240320_SEFL21G4d_trauma_g3,trauma,postshock,postshock07,3.37,90
11,240320_SEFL21G4d_trauma_g3,trauma,postshock,postshock08,6.55,77.83
11,240320_SEFL21G4d_trauma_g3,trauma,postshock,postshock09,5.26,86.67
11,240320_SEFL21G4d_trauma_g3,trauma,postshock,postshock10,90.69,0
11,240320_SEFL21G4d_trauma_g3,trauma,shock,shock01,1784.73,0
11,240320_SEFL21G4d_trauma_g3,trauma,shock,shock02,1061.17,0
11,240320_SEFL21G4d_trauma_g3,trauma,shock,shock03,699.1,0
11,240320_SEFL21G4d_trauma_g3,trauma,shock,shock04,773.87,0
11,240320_SEFL21G4d_trauma_g3,trauma,shock,shock05,526,0
11,240320_SEFL21G4d_trauma_g3,trauma,shock,shock06,945.3,0
11,240320_SEFL21G4d_trauma_g3,trauma,shock,shock07,536.73,0
11,240320_SEFL21G4d_trauma_g3,trauma,shock,shock08,820.77,0
11,240320_SEFL21G4d_trauma_g3,trauma,shock,shock09,924.1,0
11,240320_SEFL21G4d_trauma_g3,trauma,shock,shock10,543.53,0
12,240320_SEFL21G4d_trauma_g3,trauma,baseline,baseline,237.78,0
12,240320_SEFL21G4d_trauma_g3,trauma,postshock,postshock01,109.46,5.67
12,240320_SEFL21G4d_trauma_g3,trauma,postshock,postshock02,14.95,53.5
12,240320_SEFL21G4d_trauma_g3,trauma,postshock,postshock03,88.87,39.17
12,240320_SEFL21G4d_trauma_g3,trauma,postshock,postshock04,3.9,82.5
12,240320_SEFL21G4d_trauma_g3,trauma,postshock,postshock05,8.23,85.5
12,240320_SEFL21G4d_trauma_g3,trauma,postshock,postshock06,7.79,74.5
12,240320_SEFL21G4d_trauma_g3,trauma,postshock,postshock07,8.03,87.33
12,240320_SEFL21G4d_trauma_g3,trauma,postshock,postshock08,3.16,82.67
12,240320_SEFL21G4d_trauma_g3,trauma,postshock,postshock09,0.42,98.5
12,240320_SEFL21G4d_trauma_g3,trauma,postshock,postshock10,1.6,94.33
12,240320_SEFL21G4d_trauma_g3,trauma,shock,shock01,1807.33,0
12,240320_SEFL21G4d_trauma_g3,trauma,shock,shock02,1366.23,0
12,240320_SEFL21G4d_trauma_g3,trauma,shock,shock03,1131.67,0
12,240320_SEFL21G4d_trauma_g3,trauma,shock,shock04,1183.13,0
12,240320_SEFL21G4d_trauma_g3,trauma,shock,shock05,1019.8,0
12,240320_SEFL21G4d_trauma_g3,trauma,shock,shock06,1139.1,0
12,240320_SEFL21G4d_trauma_g3,trauma,shock,shock07,749.67,0
12,240320_SEFL21G4d_trauma_g3,trauma,shock,shock08,1165.27,0
12,240320_SEFL21G4d_trauma_g3,trauma,shock,shock09,758.57,0
12,240320_SEFL21G4d_trauma_g3,trauma,shock,shock10,675,0
13,240320_SEFL21G4d_trauma_g4,trauma,baseline,baseline,313.5,0
13,240320_SEFL21G4d_trauma_g4,trauma,postshock,postshock01,216.64,0
13,240320_SEFL21G4d_trauma_g4,trauma,postshock,postshock02,41.31,29
13,240320_SEFL21G4d_trauma_g4,trauma,postshock,postshock03,28.73,63.5
13,240320_SEFL21G4d_trauma_g4,trauma,postshock,postshock04,19.05,65.67
13,240320_SEFL21G4d_trauma_g4,trauma,postshock,postshock05,15.1,77
13,240320_SEFL21G4d_trauma_g4,trauma,postshock,postshock06,13.15,80.83
13,240320_SEFL21G4d_trauma_g4,trauma,postshock,postshock07,20.66,55
13,240320_SEFL21G4d_trauma_g4,trauma,postshock,postshock08,8.3,85.33
13,240320_SEFL21G4d_trauma_g4,trauma,postshock,postshock09,12.76,77.17
13,240320_SEFL21G4d_trauma_g4,trauma,postshock,postshock10,93.59,6
13,240320_SEFL21G4d_trauma_g4,trauma,shock,shock01,1555.17,0
13,240320_SEFL21G4d_trauma_g4,trauma,shock,shock02,1191.3,0
13,240320_SEFL21G4d_trauma_g4,trauma,shock,shock03,1844.33,0
13,240320_SEFL21G4d_trauma_g4,trauma,shock,shock04,1898.6,0
13,240320_SEFL21G4d_trauma_g4,trauma,shock,shock05,1327.4,0
13,240320_SEFL21G4d_trauma_g4,trauma,shock,shock06,1528.57,0
13,240320_SEFL21G4d_trauma_g4,trauma,shock,shock07,1361.63,0
13,240320_SEFL21G4d_trauma_g4,trauma,shock,shock08,1130.47,0
13,240320_SEFL21G4d_trauma_g4,trauma,shock,shock09,1140.37,0
13,240320_SEFL21G4d_trauma_g4,trauma,shock,shock10,1312.57,0
14,240320_SEFL21G4d_trauma_g4,trauma,baseline,baseline,236.24,0
14,240320_SEFL21G4d_trauma_g4,trauma,postshock,postshock01,142.35,7
14,240320_SEFL21G4d_trauma_g4,trauma,postshock,postshock02,107.74,23
14,240320_SEFL21G4d_trauma_g4,trauma,postshock,postshock03,43.31,54.67
14,240320_SEFL21G4d_trauma_g4,trauma,postshock,postshock04,37.69,63.67
14,240320_SEFL21G4d_trauma_g4,trauma,postshock,postshock05,24.53,80.67
14,240320_SEFL21G4d_trauma_g4,trauma,postshock,postshock06,58,32.33
14,240320_SEFL21G4d_trauma_g4,trauma,postshock,postshock07,41.48,44.67
14,240320_SEFL21G4d_trauma_g4,trauma,postshock,postshock08,21.55,59.17
14,240320_SEFL21G4d_trauma_g4,trauma,postshock,postshock09,9.97,75
14,240320_SEFL21G4d_trauma_g4,trauma,postshock,postshock10,8.55,82
14,240320_SEFL21G4d_trauma_g4,trauma,shock,shock01,904.1,0
14,240320_SEFL21G4d_trauma_g4,trauma,shock,shock02,1437.1,0
14,240320_SEFL21G4d_trauma_g4,trauma,shock,shock03,1156.1,0
14,240320_SEFL21G4d_trauma_g4,trauma,shock,shock04,973.43,0
14,240320_SEFL21G4d_trauma_g4,trauma,shock,shock05,723.23,0
14,240320_SEFL21G4d_trauma_g4,trauma,shock,shock06,795.13,0
14,240320_SEFL21G4d_trauma_g4,trauma,shock,shock07,712.63,0
14,240320_SEFL21G4d_trauma_g4,trauma,shock,shock08,613.9,0
14,240320_SEFL21G4d_trauma_g4,trauma,shock,shock09,1148.17,0
14,240320_SEFL21G4d_trauma_g4,trauma,shock,shock10,1034.13,0
15,240320_SEFL21G4d_trauma_g4,trauma,baseline,baseline,201.41,5.84
15,240320_SEFL21G4d_trauma_g4,trauma,postshock,postshock01,92.72,6.67
15,240320_SEFL21G4d_trauma_g4,trauma,postshock,postshock02,12.77,61
15,240320_SEFL21G4d_trauma_g4,trauma,postshock,postshock03,34.03,32.5
15,240320_SEFL21G4d_trauma_g4,trauma,postshock,postshock04,19.01,53.5
15,240320_SEFL21G4d_trauma_g4,trauma,postshock,postshock05,27.43,77
15,240320_SEFL21G4d_trauma_g4,trauma,postshock,postshock06,19.08,60.67
15,240320_SEFL21G4d_trauma_g4,trauma,postshock,postshock07,7,81.33
15,240320_SEFL21G4d_trauma_g4,trauma,postshock,postshock08,31.04,28.83
15,240320_SEFL21G4d_trauma_g4,trauma,postshock,postshock09,11.03,65.33
15,240320_SEFL21G4d_trauma_g4,trauma,postshock,postshock10,9.29,76.83
15,240320_SEFL21G4d_trauma_g4,trauma,shock,shock01,932.07,0
15,240320_SEFL21G4d_trauma_g4,trauma,shock,shock02,1367.87,0
15,240320_SEFL21G4d_trauma_g4,trauma,shock,shock03,792,0
15,240320_SEFL21G4d_trauma_g4,trauma,shock,shock04,552.93,0
15,240320_SEFL21G4d_trauma_g4,trauma,shock,shock05,631.63,0
15,240320_SEFL21G4d_trauma_g4,trauma,shock,shock06,1716.37,0
15,240320_SEFL21G4d_trauma_g4,trauma,shock,shock07,628.53,0
15,240320_SEFL21G4d_trauma_g4,trauma,shock,shock08,636.67,0
15,240320_SEFL21G4d_trauma_g4,trauma,shock,shock09,461.33,0
15,240320_SEFL21G4d_trauma_g4,trauma,shock,shock10,433.63,0
16,240320_SEFL21G4d_trauma_g4,trauma,baseline,baseline,259.7,0
16,240320_SEFL21G4d_trauma_g4,trauma,postshock,postshock01,160.55,5.33
16,240320_SEFL21G4d_trauma_g4,trauma,postshock,postshock02,130.48,0
16,240320_SEFL21G4d_trauma_g4,trauma,postshock,postshock03,50.3,16.5
16,240320_SEFL21G4d_trauma_g4,trauma,postshock,postshock04,4.71,64.5
16,240320_SEFL21G4d_trauma_g4,trauma,postshock,postshock05,5.63,58.17
16,240320_SEFL21G4d_trauma_g4,trauma,postshock,postshock06,16.9,58.17
16,240320_SEFL21G4d_trauma_g4,trauma,postshock,postshock07,93.43,0
16,240320_SEFL21G4d_trauma_g4,trauma,postshock,postshock08,41.23,52.67
16,240320_SEFL21G4d_trauma_g4,trauma,postshock,postshock09,92.19,14.67
16,240320_SEFL21G4d_trauma_g4,trauma,postshock,postshock10,11.73,75.17
16,240320_SEFL21G4d_trauma_g4,trauma,shock,shock01,1328.63,0
16,240320_SEFL21G4d_trauma_g4,trauma,shock,shock02,1490.9,0
16,240320_SEFL21G4d_trauma_g4,trauma,shock,shock03,1026.23,0
16,240320_SEFL21G4d_trauma_g4,trauma,shock,shock04,1264.43,0
16,240320_SEFL21G4d_trauma_g4,trauma,shock,shock05,1127.03,0
16,240320_SEFL21G4d_trauma_g4,trauma,shock,shock06,668.47,0
16,240320_SEFL21G4d_trauma_g4,trauma,shock,shock07,1572.93,0
16,240320_SEFL21G4d_trauma_g4,trauma,shock,shock08,796.7,0
16,240320_SEFL21G4d_trauma_g4,trauma,shock,shock09,893.2,0
16,240320_SEFL21G4d_trauma_g4,trauma,shock,shock10,874,0
17,240320_SEFL21G4d_trauma_g5,trauma,baseline,baseline,269.52,1.54
17,240320_SEFL21G4d_trauma_g5,trauma,postshock,postshock01,112.88,0
17,240320_SEFL21G4d_trauma_g5,trauma,postshock,postshock02,26.34,54.17
17,240320_SEFL21G4d_trauma_g5,trauma,postshock,postshock03,8.79,66.83
17,240320_SEFL21G4d_trauma_g5,trauma,postshock,postshock04,1.93,96.83
17,240320_SEFL21G4d_trauma_g5,trauma,postshock,postshock05,27.05,77
17,240320_SEFL21G4d_trauma_g5,trauma,postshock,postshock06,4.21,81.5
17,240320_SEFL21G4d_trauma_g5,trauma,postshock,postshock07,0,100
17,240320_SEFL21G4d_trauma_g5,trauma,postshock,postshock08,0.07,100
17,240320_SEFL21G4d_trauma_g5,trauma,postshock,postshock09,1.45,92.5
17,240320_SEFL21G4d_trauma_g5,trauma,postshock,postshock10,0.04,100
17,240320_SEFL21G4d_trauma_g5,trauma,shock,shock01,802.37,0
17,240320_SEFL21G4d_trauma_g5,trauma,shock,shock02,761.53,0
17,240320_SEFL21G4d_trauma_g5,trauma,shock,shock03,663.5,0
17,240320_SEFL21G4d_trauma_g5,trauma,shock,shock04,443.9,0
17,240320_SEFL21G4d_trauma_g5,trauma,shock,shock05,422.2,0
17,240320_SEFL21G4d_trauma_g5,trauma,shock,shock06,796.73,0
17,240320_SEFL21G4d_trauma_g5,trauma,shock,shock07,703.87,0
17,240320_SEFL21G4d_trauma_g5,trauma,shock,shock08,873.53,0
17,240320_SEFL21G4d_trauma_g5,trauma,shock,shock09,807.93,0
17,240320_SEFL21G4d_trauma_g5,trauma,shock,shock10,1348.17,0
18,240320_SEFL21G4d_trauma_g5,trauma,baseline,baseline,231.63,0.39
18,240320_SEFL21G4d_trauma_g5,trauma,postshock,postshock01,208.12,0
18,240320_SEFL21G4d_trauma_g5,trauma,postshock,postshock02,148.85,0
18,240320_SEFL21G4d_trauma_g5,trauma,postshock,postshock03,63.37,19.83
18,240320_SEFL21G4d_trauma_g5,trauma,postshock,postshock04,75.87,48
18,240320_SEFL21G4d_trauma_g5,trauma,postshock,postshock05,29.25,42.17
18,240320_SEFL21G4d_trauma_g5,trauma,postshock,postshock06,142.58,22.17
18,240320_SEFL21G4d_trauma_g5,trauma,postshock,postshock07,15.4,56.67
18,240320_SEFL21G4d_trauma_g5,trauma,postshock,postshock08,15.09,60.83
18,240320_SEFL21G4d_trauma_g5,trauma,postshock,postshock09,12.97,84.17
18,240320_SEFL21G4d_trauma_g5,trauma,postshock,postshock10,19.11,84.67
18,240320_SEFL21G4d_trauma_g5,trauma,shock,shock01,441.37,0
18,240320_SEFL21G4d_trauma_g5,trauma,shock,shock02,688.6,0
18,240320_SEFL21G4d_trauma_g5,trauma,shock,shock03,989.77,0
18,240320_SEFL21G4d_trauma_g5,trauma,shock,shock04,602.5,0
18,240320_SEFL21G4d_trauma_g5,trauma,shock,shock05,756.43,0
18,240320_SEFL21G4d_trauma_g5,trauma,shock,shock06,1565.3,0
18,240320_SEFL21G4d_trauma_g5,trauma,shock,shock07,121.23,0
18,240320_SEFL21G4d_trauma_g5,trauma,shock,shock08,812.57,0
18,240320_SEFL21G4d_trauma_g5,trauma,shock,shock09,1344.33,0
18,240320_SEFL21G4d_trauma_g5,trauma,shock,shock10,1522.1,0
20,240320_SEFL21G4d_trauma_g5,trauma,baseline,baseline,253,0.44
20,240320_SEFL21G4d_trauma_g5,trauma,postshock,postshock01,167.11,0
20,240320_SEFL21G4d_trauma_g5,trauma,postshock,postshock02,167.64,6.17
20,240320_SEFL21G4d_trauma_g5,trauma,postshock,postshock03,47.21,22.67
20,240320_SEFL21G4d_trauma_g5,trauma,postshock,postshock04,7.33,75.83
20,240320_SEFL21G4d_trauma_g5,trauma,postshock,postshock05,8.45,65.5
20,240320_SEFL21G4d_trauma_g5,trauma,postshock,postshock06,27.92,59.17
20,240320_SEFL21G4d_trauma_g5,trauma,postshock,postshock07,8.41,70.5
20,240320_SEFL21G4d_trauma_g5,trauma,postshock,postshock08,10.69,60.67
20,240320_SEFL21G4d_trauma_g5,trauma,postshock,postshock09,9.34,73.83
20,240320_SEFL21G4d_trauma_g5,trauma,postshock,postshock10,0.01,100
20,240320_SEFL21G4d_trauma_g5,trauma,shock,shock01,804.4,0
20,240320_SEFL21G4d_trauma_g5,trauma,shock,shock02,1164.07,0
20,240320_SEFL21G4d_trauma_g5,trauma,shock,shock03,994.07,0
20,240320_SEFL21G4d_trauma_g5,trauma,shock,shock04,832.87,0
20,240320_SEFL21G4d_trauma_g5,trauma,shock,shock05,583.33,0
20,240320_SEFL21G4d_trauma_g5,trauma,shock,shock06,927.13,0
20,240320_SEFL21G4d_trauma_g5,trauma,shock,shock07,1071.87,0
20,240320_SEFL21G4d_trauma_g5,trauma,shock,shock08,1027.87,0
20,240320_SEFL21G4d_trauma_g5,trauma,shock,shock09,611.27,0
20,240320_SEFL21G4d_trauma_g5,trauma,shock,shock10,1039.37,0
21,240320_SEFL21G4d_trauma_g5,trauma,baseline,baseline,288.83,0
21,240320_SEFL21G4d_trauma_g5,trauma,postshock,postshock01,133.13,7.17
21,240320_SEFL21G4d_trauma_g5,trauma,postshock,postshock02,50.83,18.83
21,240320_SEFL21G4d_trauma_g5,trauma,postshock,postshock03,4.05,82.83
21,240320_SEFL21G4d_trauma_g5,trauma,postshock,postshock04,16.39,53.67
21,240320_SEFL21G4d_trauma_g5,trauma,postshock,postshock05,2.02,91.83
21,240320_SEFL21G4d_trauma_g5,trauma,postshock,postshock06,0.65,92.17
21,240320_SEFL21G4d_trauma_g5,trauma,postshock,postshock07,15.3,88.17
21,240320_SEFL21G4d_trauma_g5,trauma,postshock,postshock08,18.94,82.83
21,240320_SEFL21G4d_trauma_g5,trauma,postshock,postshock09,17.39,74
21,240320_SEFL21G4d_trauma_g5,trauma,postshock,postshock10,16,72
21,240320_SEFL21G4d_trauma_g5,trauma,shock,shock01,1298.33,0
21,240320_SEFL21G4d_trauma_g5,trauma,shock,shock02,838.87,0
21,240320_SEFL21G4d_trauma_g5,trauma,shock,shock03,1238.13,0
21,240320_SEFL21G4d_trauma_g5,trauma,shock,shock04,1218.43,0
21,240320_SEFL21G4d_trauma_g5,trauma,shock,shock05,1002.13,0
21,240320_SEFL21G4d_trauma_g5,trauma,shock,shock06,1158.77,0
21,240320_SEFL21G4d_trauma_g5,trauma,shock,shock07,920.6,0
21,240320_SEFL21G4d_trauma_g5,trauma,shock,shock08,808.53,0
21,240320_SEFL21G4d_trauma_g5,trauma,shock,shock09,1186.6,0
21,240320_SEFL21G4d_trauma_g5,trauma,shock,shock10,693.03,0
22,240320_SEFL21G4d_trauma_g6,trauma,baseline,baseline,276.24,0.34
22,240320_SEFL21G4d_trauma_g6,trauma,postshock,postshock01,208.3,0
22,240320_SEFL21G4d_trauma_g6,trauma,postshock,postshock02,75.69,9.67
22,240320_SEFL21G4d_trauma_g6,trauma,postshock,postshock03,34.51,53.83
22,240320_SEFL21G4d_trauma_g6,trauma,postshock,postshock04,74.67,33
22,240320_SEFL21G4d_trauma_g6,trauma,postshock,postshock05,15.81,54.67
22,240320_SEFL21G4d_trauma_g6,trauma,postshock,postshock06,1.52,92.33
22,240320_SEFL21G4d_trauma_g6,trauma,postshock,postshock07,166.08,35.33
22,240320_SEFL21G4d_trauma_g6,trauma,postshock,postshock08,9.73,80.5
22,240320_SEFL21G4d_trauma_g6,trauma,postshock,postshock09,17.35,58.5
22,240320_SEFL21G4d_trauma_g6,trauma,postshock,postshock10,10.57,71.17
22,240320_SEFL21G4d_trauma_g6,trauma,shock,shock01,1349.33,0
22,240320_SEFL21G4d_trauma_g6,trauma,shock,shock02,1292.3,0
22,240320_SEFL21G4d_trauma_g6,trauma,shock,shock03,1423,0
22,240320_SEFL21G4d_trauma_g6,trauma,shock,shock04,1401.63,0
22,240320_SEFL21G4d_trauma_g6,trauma,shock,shock05,608.37,0
22,240320_SEFL21G4d_trauma_g6,trauma,shock,shock06,1003.23,0
22,240320_SEFL21G4d_trauma_g6,trauma,shock,shock07,821.7,0
22,240320_SEFL21G4d_trauma_g6,trauma,shock,shock08,1092.03,0
22,240320_SEFL21G4d_trauma_g6,trauma,shock,shock09,868.8,0
22,240320_SEFL21G4d_trauma_g6,trauma,shock,shock10,607.77,0
23,240320_SEFL21G4d_trauma_g6,trauma,baseline,baseline,160.81,5.5
23,240320_SEFL21G4d_trauma_g6,trauma,postshock,postshock01,119.56,0
23,240320_SEFL21G4d_trauma_g6,trauma,postshock,postshock02,22.01,72.17
23,240320_SEFL21G4d_trauma_g6,trauma,postshock,postshock03,3.3,84.67
23,240320_SEFL21G4d_trauma_g6,trauma,postshock,postshock04,13.33,75.17
23,240320_SEFL21G4d_trauma_g6,trauma,postshock,postshock05,0.95,97.67
23,240320_SEFL21G4d_trauma_g6,trauma,postshock,postshock06,8.82,83.5
23,240320_SEFL21G4d_trauma_g6,trauma,postshock,postshock07,3.13,57
23,240320_SEFL21G4d_trauma_g6,trauma,postshock,postshock08,3.32,84.17
23,240320_SEFL21G4d_trauma_g6,trauma,postshock,postshock09,0.2,100
23,240320_SEFL21G4d_trauma_g6,trauma,postshock,postshock10,5.13,83.5
23,240320_SEFL21G4d_trauma_g6,trauma,shock,shock01,1045.47,0
23,240320_SEFL21G4d_trauma_g6,trauma,shock,shock02,1158.93,0
23,240320_SEFL21G4d_trauma_g6,trauma,shock,shock03,1102.47,0
23,240320_SEFL21G4d_trauma_g6,trauma,shock,shock04,898.8,0
23,240320_SEFL21G4d_trauma_g6,trauma,shock,shock05,1389.8,0
23,240320_SEFL21G4d_trauma_g6,trauma,shock,shock06,1455.43,0
23,240320_SEFL21G4d_trauma_g6,trauma,shock,shock07,1166.37,0
23,240320_SEFL21G4d_trauma_g6,trauma,shock,shock08,961.3,0
23,240320_SEFL21G4d_trauma_g6,trauma,shock,shock09,1111.03,0
23,240320_SEFL21G4d_trauma_g6,trauma,shock,shock10,520.9,0
24,240320_SEFL21G4d_trauma_g6,trauma,baseline,baseline,221.93,1.12
24,240320_SEFL21G4d_trauma_g6,trauma,postshock,postshock01,286.26,0
24,240320_SEFL21G4d_trauma_g6,trauma,postshock,postshock02,126.88,0
24,240320_SEFL21G4d_trauma_g6,trauma,postshock,postshock03,45.63,22
24,240320_SEFL21G4d_trauma_g6,trauma,postshock,postshock04,13.4,60.67
24,240320_SEFL21G4d_trauma_g6,trauma,postshock,postshock05,18.1,54
24,240320_SEFL21G4d_trauma_g6,trauma,postshock,postshock06,2.2,87.33
24,240320_SEFL21G4d_trauma_g6,trauma,postshock,postshock07,18.12,42.33
24,240320_SEFL21G4d_trauma_g6,trauma,postshock,postshock08,2.82,94.67
24,240320_SEFL21G4d_trauma_g6,trauma,postshock,postshock09,3.34,84.5
24,240320_SEFL21G4d_trauma_g6,trauma,postshock,postshock10,1.45,92
24,240320_SEFL21G4d_trauma_g6,trauma,shock,shock01,1005.67,0
24,240320_SEFL21G4d_trauma_g6,trauma,shock,shock02,777,0
24,240320_SEFL21G4d_trauma_g6,trauma,shock,shock03,653.63,0
24,240320_SEFL21G4d_trauma_g6,trauma,shock,shock04,649.1,0
24,240320_SEFL21G4d_trauma_g6,trauma,shock,shock05,717.47,0
24,240320_SEFL21G4d_trauma_g6,trauma,shock,shock06,779.5,0
24,240320_SEFL21G4d_trauma_g6,trauma,shock,shock07,737.13,0
24,240320_SEFL21G4d_trauma_g6,trauma,shock,shock08,1129.17,0
24,240320_SEFL21G4d_trauma_g6,trauma,shock,shock09,789.5,0
24,240320_SEFL21G4d_trauma_g6,trauma,shock,shock10,813.1,0
25,240320_SEFL21G4d_trauma_g6,trauma,baseline,baseline,238.8,0.41
25,240320_SEFL21G4d_trauma_g6,trauma,postshock,postshock01,204.55,0
25,240320_SEFL21G4d_trauma_g6,trauma,postshock,postshock02,76.46,7.67
25,240320_SEFL21G4d_trauma_g6,trauma,postshock,postshock03,60.42,35.5
25,240320_SEFL21G4d_trauma_g6,trauma,postshock,postshock04,57.47,38.5
25,240320_SEFL21G4d_trauma_g6,trauma,postshock,postshock05,27.9,32.83
25,240320_SEFL21G4d_trauma_g6,trauma,postshock,postshock06,28.57,56.5
25,240320_SEFL21G4d_trauma_g6,trauma,postshock,postshock07,5.22,75
25,240320_SEFL21G4d_trauma_g6,trauma,postshock,postshock08,38.39,46.17
25,240320_SEFL21G4d_trauma_g6,trauma,postshock,postshock09,32.51,56.17
25,240320_SEFL21G4d_trauma_g6,trauma,postshock,postshock10,4.7,84.33
25,240320_SEFL21G4d_trauma_g6,trauma,shock,shock01,785.57,0
25,240320_SEFL21G4d_trauma_g6,trauma,shock,shock02,818.1,0
25,240320_SEFL21G4d_trauma_g6,trauma,shock,shock03,666.9,0
25,240320_SEFL21G4d_trauma_g6,trauma,shock,shock04,876,0
25,240320_SEFL21G4d_trauma_g6,trauma,shock,shock05,1347.57,0
25,240320_SEFL21G4d_trauma_g6,trauma,shock,shock06,1232.53,0
25,240320_SEFL21G4d_trauma_g6,trauma,shock,shock07,712.63,0
25,240320_SEFL21G4d_trauma_g6,trauma,shock,shock08,1170.97,0
25,240320_SEFL21G4d_trauma_g6,trauma,shock,shock09,932.7,0
25,240320_SEFL21G4d_trauma_g6,trauma,shock,shock10,968.47,0
26,240320_SEFL21G4d_trauma_g7,trauma,baseline,baseline,283.84,0
26,240320_SEFL21G4d_trauma_g7,trauma,postshock,postshock01,152.62,7.33
26,240320_SEFL21G4d_trauma_g7,trauma,postshock,postshock02,78.06,25.33
26,240320_SEFL21G4d_trauma_g7,trauma,postshock,postshock03,54.26,37.33
26,240320_SEFL21G4d_trauma_g7,trauma,postshock,postshock04,15.88,73.33
26,240320_SEFL21G4d_trauma_g7,trauma,postshock,postshock05,102.7,40
26,240320_SEFL21G4d_trauma_g7,trauma,postshock,postshock06,43.88,38.67
26,240320_SEFL21G4d_trauma_g7,trauma,postshock,postshock07,97.5,35.33
26,240320_SEFL21G4d_trauma_g7,trauma,postshock,postshock08,8.56,83.83
26,240320_SEFL21G4d_trauma_g7,trauma,postshock,postshock09,31.3,23.17
26,240320_SEFL21G4d_trauma_g7,trauma,postshock,postshock10,8.15,89.17
26,240320_SEFL21G4d_trauma_g7,trauma,shock,shock01,1099.63,0
26,240320_SEFL21G4d_trauma_g7,trauma,shock,shock02,795.93,0
26,240320_SEFL21G4d_trauma_g7,trauma,shock,shock03,617.1,0
26,240320_SEFL21G4d_trauma_g7,trauma,shock,shock04,713.6,0
26,240320_SEFL21G4d_trauma_g7,trauma,shock,shock05,680.1,0
26,240320_SEFL21G4d_trauma_g7,trauma,shock,shock06,563.93,0
26,240320_SEFL21G4d_trauma_g7,trauma,shock,shock07,637.67,0
26,240320_SEFL21G4d_trauma_g7,trauma,shock,shock08,648.37,0
26,240320_SEFL21G4d_trauma_g7,trauma,shock,shock09,895.4,0
26,240320_SEFL21G4d_trauma_g7,trauma,shock,shock10,1117.87,0
27,240320_SEFL21G4d_trauma_g7,trauma,baseline,baseline,211.52,1.59
27,240320_SEFL21G4d_trauma_g7,trauma,postshock,postshock01,182.41,0
27,240320_SEFL21G4d_trauma_g7,trauma,postshock,postshock02,145.46,0
27,240320_SEFL21G4d_trauma_g7,trauma,postshock,postshock03,95.4,39.83
27,240320_SEFL21G4d_trauma_g7,trauma,postshock,postshock04,100.32,17.83
27,240320_SEFL21G4d_trauma_g7,trauma,postshock,postshock05,25.25,60.67
27,240320_SEFL21G4d_trauma_g7,trauma,postshock,postshock06,18.27,79.33
27,240320_SEFL21G4d_trauma_g7,trauma,postshock,postshock07,16.26,48.67
27,240320_SEFL21G4d_trauma_g7,trauma,postshock,postshock08,16.1,65.33
27,240320_SEFL21G4d_trauma_g7,trauma,postshock,postshock09,3.57,83.5
27,240320_SEFL21G4d_trauma_g7,trauma,postshock,postshock10,10.38,77.17
27,240320_SEFL21G4d_trauma_g7,trauma,shock,shock01,689.13,0
27,240320_SEFL21G4d_trauma_g7,trauma,shock,shock02,506.73,0
27,240320_SEFL21G4d_trauma_g7,trauma,shock,shock03,433.23,0
27,240320_SEFL21G4d_trauma_g7,trauma,shock,shock04,709.07,0
27,240320_SEFL21G4d_trauma_g7,trauma,shock,shock05,1119.27,0
27,240320_SEFL21G4d_trauma_g7,trauma,shock,shock06,590.17,0
27,240320_SEFL21G4d_trauma_g7,trauma,shock,shock07,640.2,0
27,240320_SEFL21G4d_trauma_g7,trauma,shock,shock08,438.17,0
27,240320_SEFL21G4d_trauma_g7,trauma,shock,shock09,1005.57,0
27,240320_SEFL21G4d_trauma_g7,trauma,shock,shock10,405.63,0
28,240320_SEFL21G4d_trauma_g7,trauma,baseline,baseline,182.95,6.27
28,240320_SEFL21G4d_trauma_g7,trauma,postshock,postshock01,122.08,6.67
28,240320_SEFL21G4d_trauma_g7,trauma,postshock,postshock02,91.45,37.33
28,240320_SEFL21G4d_trauma_g7,trauma,postshock,postshock03,45.24,29.5
28,240320_SEFL21G4d_trauma_g7,trauma,postshock,postshock04,8.45,76.83
28,240320_SEFL21G4d_trauma_g7,trauma,postshock,postshock05,7.25,80.67
28,240320_SEFL21G4d_trauma_g7,trauma,postshock,postshock06,9.04,64
28,240320_SEFL21G4d_trauma_g7,trauma,postshock,postshock07,7.72,77.17
28,240320_SEFL21G4d_trauma_g7,trauma,postshock,postshock08,3.98,84
28,240320_SEFL21G4d_trauma_g7,trauma,postshock,postshock09,3.56,95.5
28,240320_SEFL21G4d_trauma_g7,trauma,postshock,postshock10,11.52,67.67
28,240320_SEFL21G4d_trauma_g7,trauma,shock,shock01,735.63,0
28,240320_SEFL21G4d_trauma_g7,trauma,shock,shock02,1147.37,0
28,240320_SEFL21G4d_trauma_g7,trauma,shock,shock03,632.47,0
28,240320_SEFL21G4d_trauma_g7,trauma,shock,shock04,561.27,0
28,240320_SEFL21G4d_trauma_g7,trauma,shock,shock05,550.37,0
28,240320_SEFL21G4d_trauma_g7,trauma,shock,shock06,867.47,0
28,240320_SEFL21G4d_trauma_g7,trauma,shock,shock07,664.37,0
28,240320_SEFL21G4d_trauma_g7,trauma,shock,shock08,319.9,0
28,240320_SEFL21G4d_trauma_g7,trauma,shock,shock09,317.67,0
28,240320_SEFL21G4d_trauma_g7,trauma,shock,shock10,569.1,0
29,240320_SEFL21G4d_trauma_g7,trauma,baseline,baseline,193.37,1.18
29,240320_SEFL21G4d_trauma_g7,trauma,postshock,postshock01,111.96,11.5
29,240320_SEFL21G4d_trauma_g7,trauma,postshock,postshock02,65.61,31
29,240320_SEFL21G4d_trauma_g7,trauma,postshock,postshock03,56.19,39.5
29,240320_SEFL21G4d_trauma_g7,trauma,postshock,postshock04,44.1,29.67
29,240320_SEFL21G4d_trauma_g7,trauma,postshock,postshock05,0.49,95.5
29,240320_SEFL21G4d_trauma_g7,trauma,postshock,postshock06,18.59,51.67
29,240320_SEFL21G4d_trauma_g7,trauma,postshock,postshock07,1.99,91.33
29,240320_SEFL21G4d_trauma_g7,trauma,postshock,postshock08,2.5,88.67
29,240320_SEFL21G4d_trauma_g7,trauma,postshock,postshock09,1.22,87.17
29,240320_SEFL21G4d_trauma_g7,trauma,postshock,postshock10,33.05,28.17
29,240320_SEFL21G4d_trauma_g7,trauma,shock,shock01,1074.1,0
29,240320_SEFL21G4d_trauma_g7,trauma,shock,shock02,832.47,0
29,240320_SEFL21G4d_trauma_g7,trauma,shock,shock03,898.87,0
29,240320_SEFL21G4d_trauma_g7,trauma,shock,shock04,1073.9,0
29,240320_SEFL21G4d_trauma_g7,trauma,shock,shock05,583.47,0
29,240320_SEFL21G4d_trauma_g7,trauma,shock,shock06,600.07,0
29,240320_SEFL21G4d_trauma_g7,trauma,shock,shock07,883.43,0
29,240320_SEFL21G4d_trauma_g7,trauma,shock,shock08,739.7,0
29,240320_SEFL21G4d_trauma_g7,trauma,shock,shock09,1122.97,0
29,240320_SEFL21G4d_trauma_g7,trauma,shock,shock10,922.37,0
1,21G4D_SEFL21G4d_sefltest_g1,sefltest,min,min01,201.59,11.44
1,21G4D_SEFL21G4d_sefltest_g1,sefltest,min,min02,116.17,28.89
1,21G4D_SEFL21G4d_sefltest_g1,sefltest,min,min03,138.97,14.11
1,21G4D_SEFL21G4d_sefltest_g1,sefltest,min,min04,173.03,20.28
1,21G4D_SEFL21G4d_sefltest_g1,sefltest,min,min05,122.97,31.5
1,21G4D_SEFL21G4d_sefltest_g1,sefltest,min,min06,119.84,33.28
1,21G4D_SEFL21G4d_sefltest_g1,sefltest,min,min07,157.42,13.11
1,21G4D_SEFL21G4d_sefltest_g1,sefltest,min,min08,203.59,28.78
1,21G4D_SEFL21G4d_sefltest_g1,sefltest,avg,avg,154.2,22.92
2,21G4D_SEFL21G4d_sefltest_g1,sefltest,min,min01,379.49,0
2,21G4D_SEFL21G4d_sefltest_g1,sefltest,min,min02,231.23,4.83
2,21G4D_SEFL21G4d_sefltest_g1,sefltest,min,min03,218.92,16.28
2,21G4D_SEFL21G4d_sefltest_g1,sefltest,min,min04,198.64,18.94
2,21G4D_SEFL21G4d_sefltest_g1,sefltest,min,min05,170.07,26.89
2,21G4D_SEFL21G4d_sefltest_g1,sefltest,min,min06,171.5,27
2,21G4D_SEFL21G4d_sefltest_g1,sefltest,min,min07,165.69,23.22
2,21G4D_SEFL21G4d_sefltest_g1,sefltest,min,min08,170.69,10.83
2,21G4D_SEFL21G4d_sefltest_g1,sefltest,avg,avg,213.28,16.49
3,21G4D_SEFL21G4d_sefltest_g1,sefltest,min,min01,93.64,16.61
3,21G4D_SEFL21G4d_sefltest_g1,sefltest,min,min02,35.08,46.28
3,21G4D_SEFL21G4d_sefltest_g1,sefltest,min,min03,37.33,46.44
3,21G4D_SEFL21G4d_sefltest_g1,sefltest,min,min04,174.6,14.78
3,21G4D_SEFL21G4d_sefltest_g1,sefltest,min,min05,116.33,23.78
3,21G4D_SEFL21G4d_sefltest_g1,sefltest,min,min06,92.65,32.22
3,21G4D_SEFL21G4d_sefltest_g1,sefltest,min,min07,136.44,26.33
3,21G4D_SEFL21G4d_sefltest_g1,sefltest,min,min08,75.22,41.33
3,21G4D_SEFL21G4d_sefltest_g1,sefltest,avg,avg,95.16,31.22
4,21G4D_SEFL21G4d_sefltest_g1,sefltest,min,min01,287.32,2.11
4,21G4D_SEFL21G4d_sefltest_g1,sefltest,min,min02,120.08,17.33
4,21G4D_SEFL21G4d_sefltest_g1,sefltest,min,min03,165.1,5.5
4,21G4D_SEFL21G4d_sefltest_g1,sefltest,min,min04,173.46,13
4,21G4D_SEFL21G4d_sefltest_g1,sefltest,min,min05,192.59,8.89
4,21G4D_SEFL21G4d_sefltest_g1,sefltest,min,min06,175.41,17.72
4,21G4D_SEFL21G4d_sefltest_g1,sefltest,min,min07,94.14,17.5
4,21G4D_SEFL21G4d_sefltest_g1,sefltest,min,min08,174.39,24.5
4,21G4D_SEFL21G4d_sefltest_g1,sefltest,avg,avg,172.81,13.32
5,21G4D_SEFL21G4d_sefltest_g2,sefltest,min,min01,229.58,4.22
5,21G4D_SEFL21G4d_sefltest_g2,sefltest,min,min02,131.11,21.39
5,21G4D_SEFL21G4d_sefltest_g2,sefltest,min,min03,131.86,38.72
5,21G4D_SEFL21G4d_sefltest_g2,sefltest,min,min04,172.59,8.89
5,21G4D_SEFL21G4d_sefltest_g2,sefltest,min,min05,150.74,31.28
5,21G4D_SEFL21G4d_sefltest_g2,sefltest,min,min06,173.67,11.22
5,21G4D_SEFL21G4d_sefltest_g2,sefltest,min,min07,142.53,12.61
5,21G4D_SEFL21G4d_sefltest_g2,sefltest,min,min08,115.47,32.5
5,21G4D_SEFL21G4d_sefltest_g2,sefltest,avg,avg,155.94,20.24
6,21G4D_SEFL21G4d_sefltest_g2,sefltest,min,min01,200.84,0
6,21G4D_SEFL21G4d_sefltest_g2,sefltest,min,min02,139.11,9.83
6,21G4D_SEFL21G4d_sefltest_g2,sefltest,min,min03,93.14,25.39
6,21G4D_SEFL21G4d_sefltest_g2,sefltest,min,min04,137.23,20.22
6,21G4D_SEFL21G4d_sefltest_g2,sefltest,min,min05,97.22,33.56
6,21G4D_SEFL21G4d_sefltest_g2,sefltest,min,min06,75.53,4.39
6,21G4D_SEFL21G4d_sefltest_g2,sefltest,min,min07,77.92,36.83
6,21G4D_SEFL21G4d_sefltest_g2,sefltest,min,min08,154.05,11.17
6,21G4D_SEFL21G4d_sefltest_g2,sefltest,avg,avg,121.88,17.67
7,21G4D_SEFL21G4d_sefltest_g2,sefltest,min,min01,298.94,0
7,21G4D_SEFL21G4d_sefltest_g2,sefltest,min,min02,123.68,13.06
7,21G4D_SEFL21G4d_sefltest_g2,sefltest,min,min03,180.96,3.56
7,21G4D_SEFL21G4d_sefltest_g2,sefltest,min,min04,143.5,10.78
7,21G4D_SEFL21G4d_sefltest_g2,sefltest,min,min05,114.16,33.56
7,21G4D_SEFL21G4d_sefltest_g2,sefltest,min,min06,169.52,13.17
7,21G4D_SEFL21G4d_sefltest_g2,sefltest,min,min07,142.67,28.39
7,21G4D_SEFL21G4d_sefltest_g2,sefltest,min,min08,122.53,32.33
7,21G4D_SEFL21G4d_sefltest_g2,sefltest,avg,avg,161.99,16.85
8,21G4D_SEFL21G4d_sefltest_g2,sefltest,min,min01,383.58,0
8,21G4D_SEFL21G4d_sefltest_g2,sefltest,min,min02,257.78,1.67
8,21G4D_SEFL21G4d_sefltest_g2,sefltest,min,min03,194.6,26.5
8,21G4D_SEFL21G4d_sefltest_g2,sefltest,min,min04,170.74,20.22
8,21G4D_SEFL21G4d_sefltest_g2,sefltest,min,min05,156.72,18
8,21G4D_SEFL21G4d_sefltest_g2,sefltest,min,min06,86.47,20.44
8,21G4D_SEFL21G4d_sefltest_g2,sefltest,min,min07,153.11,21.89
8,21G4D_SEFL21G4d_sefltest_g2,sefltest,min,min08,188.03,12.72
8,21G4D_SEFL21G4d_sefltest_g2,sefltest,avg,avg,198.88,15.18
9,21G4D_SEFL21G4d_sefltest_g3,sefltest,min,min01,412.44,0
9,21G4D_SEFL21G4d_sefltest_g3,sefltest,min,min02,350.66,0
9,21G4D_SEFL21G4d_sefltest_g3,sefltest,min,min03,306.43,9
9,21G4D_SEFL21G4d_sefltest_g3,sefltest,min,min04,215.94,28.33
9,21G4D_SEFL21G4d_sefltest_g3,sefltest,min,min05,225.66,7.83
9,21G4D_SEFL21G4d_sefltest_g3,sefltest,min,min06,219.4,21.33
9,21G4D_SEFL21G4d_sefltest_g3,sefltest,min,min07,213.45,25
9,21G4D_SEFL21G4d_sefltest_g3,sefltest,min,min08,139.23,32.89
9,21G4D_SEFL21G4d_sefltest_g3,sefltest,avg,avg,260.4,15.6
10,21G4D_SEFL21G4d_sefltest_g3,sefltest,min,min01,286.95,0
10,21G4D_SEFL21G4d_sefltest_g3,sefltest,min,min02,239.22,0
10,21G4D_SEFL21G4d_sefltest_g3,sefltest,min,min03,237.9,1.67
10,21G4D_SEFL21G4d_sefltest_g3,sefltest,min,min04,215.5,0
10,21G4D_SEFL21G4d_sefltest_g3,sefltest,min,min05,293.81,0
10,21G4D_SEFL21G4d_sefltest_g3,sefltest,min,min06,243.83,2
10,21G4D_SEFL21G4d_sefltest_g3,sefltest,min,min07,279.4,4.22
10,21G4D_SEFL21G4d_sefltest_g3,sefltest,min,min08,223.95,2.56
10,21G4D_SEFL21G4d_sefltest_g3,sefltest,avg,avg,252.57,1.31
11,21G4D_SEFL21G4d_sefltest_g3,sefltest,min,min01,224.44,2.89
11,21G4D_SEFL21G4d_sefltest_g3,sefltest,min,min02,191.57,10.22
11,21G4D_SEFL21G4d_sefltest_g3,sefltest,min,min03,136.41,12.89
11,21G4D_SEFL21G4d_sefltest_g3,sefltest,min,min04,187.69,25
11,21G4D_SEFL21G4d_sefltest_g3,sefltest,min,min05,115.87,33.33
11,21G4D_SEFL21G4d_sefltest_g3,sefltest,min,min06,157.71,27.33
11,21G4D_SEFL21G4d_sefltest_g3,sefltest,min,min07,242.23,8.11
11,21G4D_SEFL21G4d_sefltest_g3,sefltest,min,min08,207.37,14.22
11,21G4D_SEFL21G4d_sefltest_g3,sefltest,avg,avg,182.91,17.27
12,21G4D_SEFL21G4d_sefltest_g3,sefltest,min,min01,352.01,0
12,21G4D_SEFL21G4d_sefltest_g3,sefltest,min,min02,157.82,11.06
12,21G4D_SEFL21G4d_sefltest_g3,sefltest,min,min03,162.31,13.72
12,21G4D_SEFL21G4d_sefltest_g3,sefltest,min,min04,130.82,21.06
12,21G4D_SEFL21G4d_sefltest_g3,sefltest,min,min05,81.27,45.28
12,21G4D_SEFL21G4d_sefltest_g3,sefltest,min,min06,101.86,33.61
12,21G4D_SEFL21G4d_sefltest_g3,sefltest,min,min07,96.46,38.83
12,21G4D_SEFL21G4d_sefltest_g3,sefltest,min,min08,121.5,30.28
12,21G4D_SEFL21G4d_sefltest_g3,sefltest,avg,avg,150.51,24.47
13,21G4D_SEFL21G4d_sefltest_g4,sefltest,min,min01,304.5,3.78
13,21G4D_SEFL21G4d_sefltest_g4,sefltest,min,min02,273.38,10.33
13,21G4D_SEFL21G4d_sefltest_g4,sefltest,min,min03,243.47,10
13,21G4D_SEFL21G4d_sefltest_g4,sefltest,min,min04,266.63,11.28
13,21G4D_SEFL21G4d_sefltest_g4,sefltest,min,min05,195.64,22.39
13,21G4D_SEFL21G4d_sefltest_g4,sefltest,min,min06,215.99,24
13,21G4D_SEFL21G4d_sefltest_g4,sefltest,min,min07,171.35,22.5
13,21G4D_SEFL21G4d_sefltest_g4,sefltest,min,min08,220.81,9.94
13,21G4D_SEFL21G4d_sefltest_g4,sefltest,avg,avg,236.47,14.63
14,21G4D_SEFL21G4d_sefltest_g4,sefltest,min,min01,142.97,11.56
14,21G4D_SEFL21G4d_sefltest_g4,sefltest,min,min02,137.57,20.06
14,21G4D_SEFL21G4d_sefltest_g4,sefltest,min,min03,169.77,7.56
14,21G4D_SEFL21G4d_sefltest_g4,sefltest,min,min04,131.77,6.39
14,21G4D_SEFL21G4d_sefltest_g4,sefltest,min,min05,189.64,10.61
14,21G4D_SEFL21G4d_sefltest_g4,sefltest,min,min06,157.21,18.17
14,21G4D_SEFL21G4d_sefltest_g4,sefltest,min,min07,164.04,4.44
14,21G4D_SEFL21G4d_sefltest_g4,sefltest,min,min08,160.65,23.89
14,21G4D_SEFL21G4d_sefltest_g4,sefltest,avg,avg,156.7,13.11
15,21G4D_SEFL21G4d_sefltest_g4,sefltest,min,min01,62.28,12.22
15,21G4D_SEFL21G4d_sefltest_g4,sefltest,min,min02,103.2,8.61
15,21G4D_SEFL21G4d_sefltest_g4,sefltest,min,min03,46.31,39.83
15,21G4D_SEFL21G4d_sefltest_g4,sefltest,min,min04,171.07,25.28
15,21G4D_SEFL21G4d_sefltest_g4,sefltest,min,min05,138.61,16.61
15,21G4D_SEFL21G4d_sefltest_g4,sefltest,min,min06,188.52,14.22
15,21G4D_SEFL21G4d_sefltest_g4,sefltest,min,min07,135.33,26.5
15,21G4D_SEFL21G4d_sefltest_g4,sefltest,min,min08,113.17,29.61
15,21G4D_SEFL21G4d_sefltest_g4,sefltest,avg,avg,119.81,21.9
16,21G4D_SEFL21G4d_sefltest_g4,sefltest,min,min01,294.92,0
16,21G4D_SEFL21G4d_sefltest_g4,sefltest,min,min02,207.05,0
16,21G4D_SEFL21G4d_sefltest_g4,sefltest,min,min03,209.47,0
16,21G4D_SEFL21G4d_sefltest_g4,sefltest,min,min04,230.29,2.06
16,21G4D_SEFL21G4d_sefltest_g4,sefltest,min,min05,201.81,6.89
16,21G4D_SEFL21G4d_sefltest_g4,sefltest,min,min06,220.35,5.17
16,21G4D_SEFL21G4d_sefltest_g4,sefltest,min,min07,109.29,22.22
16,21G4D_SEFL21G4d_sefltest_g4,sefltest,min,min08,198.75,5.33
16,21G4D_SEFL21G4d_sefltest_g4,sefltest,avg,avg,208.99,5.21
17,21G4D_SEFL21G4d_sefltest_g5,sefltest,min,min01,436.51,0
17,21G4D_SEFL21G4d_sefltest_g5,sefltest,min,min02,360.76,1.83
17,21G4D_SEFL21G4d_sefltest_g5,sefltest,min,min03,312.37,7
17,21G4D_SEFL21G4d_sefltest_g5,sefltest,min,min04,248.82,13.28
17,21G4D_SEFL21G4d_sefltest_g5,sefltest,min,min05,317.36,7.06
17,21G4D_SEFL21G4d_sefltest_g5,sefltest,min,min06,196.91,8
17,21G4D_SEFL21G4d_sefltest_g5,sefltest,min,min07,232.68,15.94
17,21G4D_SEFL21G4d_sefltest_g5,sefltest,min,min08,175.2,31.94
17,21G4D_SEFL21G4d_sefltest_g5,sefltest,avg,avg,285.08,10.93
18,21G4D_SEFL21G4d_sefltest_g5,sefltest,min,min01,98.36,3.94
18,21G4D_SEFL21G4d_sefltest_g5,sefltest,min,min02,88.22,19.33
18,21G4D_SEFL21G4d_sefltest_g5,sefltest,min,min03,120.41,23.22
18,21G4D_SEFL21G4d_sefltest_g5,sefltest,min,min04,113.22,37
18,21G4D_SEFL21G4d_sefltest_g5,sefltest,min,min05,61.04,29.17
18,21G4D_SEFL21G4d_sefltest_g5,sefltest,min,min06,88.98,29.56
18,21G4D_SEFL21G4d_sefltest_g5,sefltest,min,min07,61.11,22
18,21G4D_SEFL21G4d_sefltest_g5,sefltest,min,min08,84.26,24.5
18,21G4D_SEFL21G4d_sefltest_g5,sefltest,avg,avg,89.45,24.08
20,21G4D_SEFL21G4d_sefltest_g5,sefltest,min,min01,389.09,0
20,21G4D_SEFL21G4d_sefltest_g5,sefltest,min,min02,193.95,4.39
20,21G4D_SEFL21G4d_sefltest_g5,sefltest,min,min03,182.09,11.28
20,21G4D_SEFL21G4d_sefltest_g5,sefltest,min,min04,211.04,4.44
20,21G4D_SEFL21G4d_sefltest_g5,sefltest,min,min05,162.51,12.61
20,21G4D_SEFL21G4d_sefltest_g5,sefltest,min,min06,123.89,27.72
20,21G4D_SEFL21G4d_sefltest_g5,sefltest,min,min07,124.65,34.33
20,21G4D_SEFL21G4d_sefltest_g5,sefltest,min,min08,210.95,3.78
20,21G4D_SEFL21G4d_sefltest_g5,sefltest,avg,avg,199.77,12.55
21,21G4D_SEFL21G4d_sefltest_g5,sefltest,min,min01,224.38,0
21,21G4D_SEFL21G4d_sefltest_g5,sefltest,min,min02,169.02,19.28
21,21G4D_SEFL21G4d_sefltest_g5,sefltest,min,min03,128.35,29.39
21,21G4D_SEFL21G4d_sefltest_g5,sefltest,min,min04,176.18,23.33
21,21G4D_SEFL21G4d_sefltest_g5,sefltest,min,min05,103.56,26.11
21,21G4D_SEFL21G4d_sefltest_g5,sefltest,min,min06,100.65,16.83
21,21G4D_SEFL21G4d_sefltest_g5,sefltest,min,min07,140.28,14.61
21,21G4D_SEFL21G4d_sefltest_g5,sefltest,min,min08,179.1,18.61
21,21G4D_SEFL21G4d_sefltest_g5,sefltest,avg,avg,152.69,18.52
22,21G4D_SEFL21G4d_sefltest_g6,sefltest,min,min01,347.05,3.94
22,21G4D_SEFL21G4d_sefltest_g6,sefltest,min,min02,322.17,3.28
22,21G4D_SEFL21G4d_sefltest_g6,sefltest,min,min03,319.37,7.06
22,21G4D_SEFL21G4d_sefltest_g6,sefltest,min,min04,265.37,5.83
22,21G4D_SEFL21G4d_sefltest_g6,sefltest,min,min05,145.38,32.61
22,21G4D_SEFL21G4d_sefltest_g6,sefltest,min,min06,296.86,2.72
22,21G4D_SEFL21G4d_sefltest_g6,sefltest,min,min07,316.11,6.17
22,21G4D_SEFL21G4d_sefltest_g6,sefltest,min,min08,208.29,21.56
22,21G4D_SEFL21G4d_sefltest_g6,sefltest,avg,avg,277.57,10.4
23,21G4D_SEFL21G4d_sefltest_g6,sefltest,min,min01,138.94,3.33
23,21G4D_SEFL21G4d_sefltest_g6,sefltest,min,min02,151.31,16.28
23,21G4D_SEFL21G4d_sefltest_g6,sefltest,min,min03,40.62,44.17
23,21G4D_SEFL21G4d_sefltest_g6,sefltest,min,min04,112.04,18.56
23,21G4D_SEFL21G4d_sefltest_g6,sefltest,min,min05,122.52,24.78
23,21G4D_SEFL21G4d_sefltest_g6,sefltest,min,min06,111.65,24.72
23,21G4D_SEFL21G4d_sefltest_g6,sefltest,min,min07,71.86,44.33
23,21G4D_SEFL21G4d_sefltest_g6,sefltest,min,min08,67.27,41.67
23,21G4D_SEFL21G4d_sefltest_g6,sefltest,avg,avg,102.03,27.27
24,21G4D_SEFL21G4d_sefltest_g6,sefltest,min,min01,242.68,0
24,21G4D_SEFL21G4d_sefltest_g6,sefltest,min,min02,170.11,1.83
24,21G4D_SEFL21G4d_sefltest_g6,sefltest,min,min03,157.76,21.61
24,21G4D_SEFL21G4d_sefltest_g6,sefltest,min,min04,188.16,8.06
24,21G4D_SEFL21G4d_sefltest_g6,sefltest,min,min05,156.45,17.67
24,21G4D_SEFL21G4d_sefltest_g6,sefltest,min,min06,158.27,9.22
24,21G4D_SEFL21G4d_sefltest_g6,sefltest,min,min07,138.07,34.89
24,21G4D_SEFL21G4d_sefltest_g6,sefltest,min,min08,172.35,18.67
24,21G4D_SEFL21G4d_sefltest_g6,sefltest,avg,avg,172.98,13.99
25,21G4D_SEFL21G4d_sefltest_g6,sefltest,min,min01,377.61,2.89
25,21G4D_SEFL21G4d_sefltest_g6,sefltest,min,min02,144.01,17.11
25,21G4D_SEFL21G4d_sefltest_g6,sefltest,min,min03,175.38,20
25,21G4D_SEFL21G4d_sefltest_g6,sefltest,min,min04,237.19,12.67
25,21G4D_SEFL21G4d_sefltest_g6,sefltest,min,min05,124.25,22.89
25,21G4D_SEFL21G4d_sefltest_g6,sefltest,min,min06,115.98,18.39
25,21G4D_SEFL21G4d_sefltest_g6,sefltest,min,min07,164.55,36.83
25,21G4D_SEFL21G4d_sefltest_g6,sefltest,min,min08,201.14,21.83
25,21G4D_SEFL21G4d_sefltest_g6,sefltest,avg,avg,192.51,19.28
26,21G4D_SEFL21G4d_sefltest_g7,sefltest,min,min01,417.02,0
26,21G4D_SEFL21G4d_sefltest_g7,sefltest,min,min02,310.06,2.22
26,21G4D_SEFL21G4d_sefltest_g7,sefltest,min,min03,268.11,6.11
26,21G4D_SEFL21G4d_sefltest_g7,sefltest,min,min04,262.59,6.61
26,21G4D_SEFL21G4d_sefltest_g7,sefltest,min,min05,253.79,13.56
26,21G4D_SEFL21G4d_sefltest_g7,sefltest,min,min06,295.86,6.28
26,21G4D_SEFL21G4d_sefltest_g7,sefltest,min,min07,187.65,4.83
26,21G4D_SEFL21G4d_sefltest_g7,sefltest,min,min08,201.39,7.94
26,21G4D_SEFL21G4d_sefltest_g7,sefltest,avg,avg,274.56,6.19
27,21G4D_SEFL21G4d_sefltest_g7,sefltest,min,min01,326.6,0
27,21G4D_SEFL21G4d_sefltest_g7,sefltest,min,min02,209.02,1.94
27,21G4D_SEFL21G4d_sefltest_g7,sefltest,min,min03,174.83,19.78
27,21G4D_SEFL21G4d_sefltest_g7,sefltest,min,min04,153.47,24.5
27,21G4D_SEFL21G4d_sefltest_g7,sefltest,min,min05,172.52,23.89
27,21G4D_SEFL21G4d_sefltest_g7,sefltest,min,min06,149.71,23
27,21G4D_SEFL21G4d_sefltest_g7,sefltest,min,min07,244.18,17.94
27,21G4D_SEFL21G4d_sefltest_g7,sefltest,min,min08,219.95,14.94
27,21G4D_SEFL21G4d_sefltest_g7,sefltest,avg,avg,206.29,15.84
28,21G4D_SEFL21G4d_sefltest_g7,sefltest,min,min01,235.07,2.39
28,21G4D_SEFL21G4d_sefltest_g7,sefltest,min,min02,75.64,28.22
28,21G4D_SEFL21G4d_sefltest_g7,sefltest,min,min03,104.37,31.72
28,21G4D_SEFL21G4d_sefltest_g7,sefltest,min,min04,110.04,36.83
28,21G4D_SEFL21G4d_sefltest_g7,sefltest,min,min05,12.5,60.33
28,21G4D_SEFL21G4d_sefltest_g7,sefltest,min,min06,94.33,36.28
28,21G4D_SEFL21G4d_sefltest_g7,sefltest,min,min07,119.64,35.44
28,21G4D_SEFL21G4d_sefltest_g7,sefltest,min,min08,180.84,21.67
28,21G4D_SEFL21G4d_sefltest_g7,sefltest,avg,avg,116.55,31.65
29,21G4D_SEFL21G4d_sefltest_g7,sefltest,min,min01,432.64,0
29,21G4D_SEFL21G4d_sefltest_g7,sefltest,min,min02,290.22,0
29,21G4D_SEFL21G4d_sefltest_g7,sefltest,min,min03,251.21,10.72
29,21G4D_SEFL21G4d_sefltest_g7,sefltest,min,min04,184.71,25.56
29,21G4D_SEFL21G4d_sefltest_g7,sefltest,min,min05,171.6,18.89
29,21G4D_SEFL21G4d_sefltest_g7,sefltest,min,min06,119.42,26.94
29,21G4D_SEFL21G4d_sefltest_g7,sefltest,min,min07,171.07,10.56
29,21G4D_SEFL21G4d_sefltest_g7,sefltest,min,min08,153.48,11.67
29,21G4D_SEFL21G4d_sefltest_g7,sefltest,avg,avg,221.79,13.36