Animal,file,phase,subphase,Box,component,freezing,motion
1,200721_SEFL17_traumatest_g1,traumatest,min,1,min01,40.89,37.59
1,200721_SEFL17_traumatest_g1,traumatest,min,1,min02,20.67,64.63
1,200721_SEFL17_traumatest_g1,traumatest,min,1,min03,14.28,124.89
1,200721_SEFL17_traumatest_g1,traumatest,min,1,min04,21.5,116.2
1,200721_SEFL17_traumatest_g1,traumatest,min,1,min05,23.67,123.45
1,200721_SEFL17_traumatest_g1,traumatest,min,1,min06,28.5,77.06
1,200721_SEFL17_traumatest_g1,traumatest,min,1,min07,15.39,121.34
1,200721_SEFL17_traumatest_g1,traumatest,min,1,min08,36.61,74.69
1,200721_SEFL17_traumatest_g1,traumatest,avg,1,avg,25.42,92.48
2,200721_SEFL17_traumatest_g1,traumatest,min,2,min01,3.5,154.91
2,200721_SEFL17_traumatest_g1,traumatest,min,2,min02,0,166.83
2,200721_SEFL17_traumatest_g1,traumatest,min,2,min03,8.5,148.35
2,200721_SEFL17_traumatest_g1,traumatest,min,2,min04,1.67,175.48
2,200721_SEFL17_traumatest_g1,traumatest,min,2,min05,0,176.63
2,200721_SEFL17_traumatest_g1,traumatest,min,2,min06,0,90.61
2,200721_SEFL17_traumatest_g1,traumatest,min,2,min07,0,235.06
2,200721_SEFL17_traumatest_g1,traumatest,min,2,min08,0,229.04
2,200721_SEFL17_traumatest_g1,traumatest,avg,2,avg,1.71,172.11
3,200721_SEFL17_traumatest_g1,traumatest,min,3,min01,31.94,47.01
3,200721_SEFL17_traumatest_g1,traumatest,min,3,min02,69.39,8.52
3,200721_SEFL17_traumatest_g1,traumatest,min,3,min03,62.33,35.86
3,200721_SEFL17_traumatest_g1,traumatest,min,3,min04,67.89,30.5
3,200721_SEFL17_traumatest_g1,traumatest,min,3,min05,56.83,28.13
3,200721_SEFL17_traumatest_g1,traumatest,min,3,min06,47.33,62.4
3,200721_SEFL17_traumatest_g1,traumatest,min,3,min07,67.94,18.19
3,200721_SEFL17_traumatest_g1,traumatest,min,3,min08,67.89,29.15
3,200721_SEFL17_traumatest_g1,traumatest,avg,3,avg,59.23,32.47
4,200721_SEFL17_traumatest_g1,traumatest,min,4,min01,0,320.54
4,200721_SEFL17_traumatest_g1,traumatest,min,4,min02,0,301.33
4,200721_SEFL17_traumatest_g1,traumatest,min,4,min03,0,254.55
4,200721_SEFL17_traumatest_g1,traumatest,min,4,min04,0,273.2
4,200721_SEFL17_traumatest_g1,traumatest,min,4,min05,0,270.9
4,200721_SEFL17_traumatest_g1,traumatest,min,4,min06,0,218.34
4,200721_SEFL17_traumatest_g1,traumatest,min,4,min07,0,265.11
4,200721_SEFL17_traumatest_g1,traumatest,min,4,min08,0,235.64
4,200721_SEFL17_traumatest_g1,traumatest,avg,4,avg,0,267.45
5,200722_SEFL17_traumatest_g2,traumatest,min,1,min01,3.39,130.42
5,200722_SEFL17_traumatest_g2,traumatest,min,1,min02,4.5,121.41
5,200722_SEFL17_traumatest_g2,traumatest,min,1,min03,5.39,162.11
5,200722_SEFL17_traumatest_g2,traumatest,min,1,min04,0,165.29
5,200722_SEFL17_traumatest_g2,traumatest,min,1,min05,2.11,195.81
5,200722_SEFL17_traumatest_g2,traumatest,min,1,min06,1.78,186.96
5,200722_SEFL17_traumatest_g2,traumatest,min,1,min07,0,167.26
5,200722_SEFL17_traumatest_g2,traumatest,min,1,min08,2.11,152.12
5,200722_SEFL17_traumatest_g2,traumatest,avg,1,avg,2.41,160.17
6,200722_SEFL17_traumatest_g2,traumatest,min,2,min01,15.89,126.81
6,200722_SEFL17_traumatest_g2,traumatest,min,2,min02,45.5,26.94
6,200722_SEFL17_traumatest_g2,traumatest,min,2,min03,25.39,110.42
6,200722_SEFL17_traumatest_g2,traumatest,min,2,min04,9.83,178.61
6,200722_SEFL17_traumatest_g2,traumatest,min,2,min05,22.44,100.73
6,200722_SEFL17_traumatest_g2,traumatest,min,2,min06,21.78,74.13
6,200722_SEFL17_traumatest_g2,traumatest,min,2,min07,11,185.14
6,200722_SEFL17_traumatest_g2,traumatest,min,2,min08,34.28,109.91
6,200722_SEFL17_traumatest_g2,traumatest,avg,2,avg,23.29,114.09
7,200722_SEFL17_traumatest_g2,traumatest,min,3,min01,1.94,208.98
7,200722_SEFL17_traumatest_g2,traumatest,min,3,min02,0,235.51
7,200722_SEFL17_traumatest_g2,traumatest,min,3,min03,4.28,221.95
7,200722_SEFL17_traumatest_g2,traumatest,min,3,min04,3.94,155.57
7,200722_SEFL17_traumatest_g2,traumatest,min,3,min05,4.11,153.04
7,200722_SEFL17_traumatest_g2,traumatest,min,3,min06,4.28,207.03
7,200722_SEFL17_traumatest_g2,traumatest,min,3,min07,17.67,88.39
7,200722_SEFL17_traumatest_g2,traumatest,min,3,min08,2.17,170.54
7,200722_SEFL17_traumatest_g2,traumatest,avg,3,avg,4.81,180.13
8,200722_SEFL17_traumatest_g2,traumatest,min,4,min01,50.72,15.67
8,200722_SEFL17_traumatest_g2,traumatest,min,4,min02,98.28,1.08
8,200722_SEFL17_traumatest_g2,traumatest,min,4,min03,97.11,1.35
8,200722_SEFL17_traumatest_g2,traumatest,min,4,min04,76.5,4.09
8,200722_SEFL17_traumatest_g2,traumatest,min,4,min05,92.94,2.01
8,200722_SEFL17_traumatest_g2,traumatest,min,4,min06,94.94,0.66
8,200722_SEFL17_traumatest_g2,traumatest,min,4,min07,86.33,3.9
8,200722_SEFL17_traumatest_g2,traumatest,min,4,min08,95.94,1.18
8,200722_SEFL17_traumatest_g2,traumatest,avg,4,avg,86.76,3.74
9,200723_SEFL17_traumatest_g3,traumatest,min,1,min01,61.11,20.82
9,200723_SEFL17_traumatest_g3,traumatest,min,1,min02,72.89,20.14
9,200723_SEFL17_traumatest_g3,traumatest,min,1,min03,67.11,22.12
9,200723_SEFL17_traumatest_g3,traumatest,min,1,min04,73.28,16.69
9,200723_SEFL17_traumatest_g3,traumatest,min,1,min05,94,2.27
9,200723_SEFL17_traumatest_g3,traumatest,min,1,min06,36.11,79.65
9,200723_SEFL17_traumatest_g3,traumatest,min,1,min07,22.94,114.89
9,200723_SEFL17_traumatest_g3,traumatest,min,1,min08,12.28,86.44
9,200723_SEFL17_traumatest_g3,traumatest,avg,1,avg,55.14,45.38
10,200723_SEFL17_traumatest_g3,traumatest,min,2,min01,35.78,51.03
10,200723_SEFL17_traumatest_g3,traumatest,min,2,min02,57.5,20.41
10,200723_SEFL17_traumatest_g3,traumatest,min,2,min03,49.44,44.38
10,200723_SEFL17_traumatest_g3,traumatest,min,2,min04,76.17,11.78
10,200723_SEFL17_traumatest_g3,traumatest,min,2,min05,46.17,24.55
10,200723_SEFL17_traumatest_g3,traumatest,min,2,min06,22.17,76.4
10,200723_SEFL17_traumatest_g3,traumatest,min,2,min07,25.39,85.53
10,200723_SEFL17_traumatest_g3,traumatest,min,2,min08,49.06,40.31
10,200723_SEFL17_traumatest_g3,traumatest,avg,2,avg,45.21,44.3
11,200723_SEFL17_traumatest_g3,traumatest,min,3,min01,6.44,57.31
11,200723_SEFL17_traumatest_g3,traumatest,min,3,min02,50.61,17.8
11,200723_SEFL17_traumatest_g3,traumatest,min,3,min03,49.56,44.35
11,200723_SEFL17_traumatest_g3,traumatest,min,3,min04,26.11,89.66
11,200723_SEFL17_traumatest_g3,traumatest,min,3,min05,45.56,25.66
11,200723_SEFL17_traumatest_g3,traumatest,min,3,min06,10.89,75.99
11,200723_SEFL17_traumatest_g3,traumatest,min,3,min07,15.28,72.4
11,200723_SEFL17_traumatest_g3,traumatest,min,3,min08,14.67,89.29
11,200723_SEFL17_traumatest_g3,traumatest,avg,3,avg,27.58,59.06
12,200723_SEFL17_traumatest_g3,traumatest,min,4,min01,0,183.85
12,200723_SEFL17_traumatest_g3,traumatest,min,4,min02,0,236.82
12,200723_SEFL17_traumatest_g3,traumatest,min,4,min03,5.83,163.22
12,200723_SEFL17_traumatest_g3,traumatest,min,4,min04,7.33,149.06
12,200723_SEFL17_traumatest_g3,traumatest,min,4,min05,2.28,138.1
12,200723_SEFL17_traumatest_g3,traumatest,min,4,min06,3.17,133.86
12,200723_SEFL17_traumatest_g3,traumatest,min,4,min07,2.06,174.42
12,200723_SEFL17_traumatest_g3,traumatest,min,4,min08,0,204.71
12,200723_SEFL17_traumatest_g3,traumatest,avg,4,avg,2.87,173
13,200724_SEFL17_traumatest_g4,traumatest,min,1,min01,0,81.37
13,200724_SEFL17_traumatest_g4,traumatest,min,1,min02,0,207.52
13,200724_SEFL17_traumatest_g4,traumatest,min,1,min03,10.39,192.13
13,200724_SEFL17_traumatest_g4,traumatest,min,1,min04,0,198.96
13,200724_SEFL17_traumatest_g4,traumatest,min,1,min05,0,222.61
13,200724_SEFL17_traumatest_g4,traumatest,min,1,min06,0,220.41
13,200724_SEFL17_traumatest_g4,traumatest,min,1,min07,2.06,276.95
13,200724_SEFL17_traumatest_g4,traumatest,min,1,min08,4.28,232.75
13,200724_SEFL17_traumatest_g4,traumatest,avg,1,avg,2.09,204.09
14,200724_SEFL17_traumatest_g4,traumatest,min,2,min01,2.22,145.92
14,200724_SEFL17_traumatest_g4,traumatest,min,2,min02,1.72,161.76
14,200724_SEFL17_traumatest_g4,traumatest,min,2,min03,6.67,125.96
14,200724_SEFL17_traumatest_g4,traumatest,min,2,min04,0,194.83
14,200724_SEFL17_traumatest_g4,traumatest,min,2,min05,0,186.33
14,200724_SEFL17_traumatest_g4,traumatest,min,2,min06,0,173.26
14,200724_SEFL17_traumatest_g4,traumatest,min,2,min07,0,340.35
14,200724_SEFL17_traumatest_g4,traumatest,min,2,min08,2.33,212.91
14,200724_SEFL17_traumatest_g4,traumatest,avg,2,avg,1.62,192.66
15,200724_SEFL17_traumatest_g4,traumatest,min,3,min01,0,167.29
15,200724_SEFL17_traumatest_g4,traumatest,min,3,min02,4.17,160.21
15,200724_SEFL17_traumatest_g4,traumatest,min,3,min03,0,234.92
15,200724_SEFL17_traumatest_g4,traumatest,min,3,min04,2,239.42
15,200724_SEFL17_traumatest_g4,traumatest,min,3,min05,0,262.36
15,200724_SEFL17_traumatest_g4,traumatest,min,3,min06,0,322
15,200724_SEFL17_traumatest_g4,traumatest,min,3,min07,0,299.36
15,200724_SEFL17_traumatest_g4,traumatest,min,3,min08,0,364.27
15,200724_SEFL17_traumatest_g4,traumatest,avg,3,avg,0.77,256.23
16,200724_SEFL17_traumatest_g4,traumatest,min,4,min01,66.17,15.91
16,200724_SEFL17_traumatest_g4,traumatest,min,4,min02,60.83,17.46
16,200724_SEFL17_traumatest_g4,traumatest,min,4,min03,72.5,6.6
16,200724_SEFL17_traumatest_g4,traumatest,min,4,min04,40.72,25.94
16,200724_SEFL17_traumatest_g4,traumatest,min,4,min05,58.94,13.78
16,200724_SEFL17_traumatest_g4,traumatest,min,4,min06,30.78,86.82
16,200724_SEFL17_traumatest_g4,traumatest,min,4,min07,85.06,4.64
16,200724_SEFL17_traumatest_g4,traumatest,min,4,min08,67,27.11
16,200724_SEFL17_traumatest_g4,traumatest,avg,4,avg,60.78,24.78
17,200725_SEFL17_traumatest_g5,traumatest,min,1,min01,44.94,8.25
17,200725_SEFL17_traumatest_g5,traumatest,min,1,min02,65.5,8.99
17,200725_SEFL17_traumatest_g5,traumatest,min,1,min03,73.56,6.57
17,200725_SEFL17_traumatest_g5,traumatest,min,1,min04,51.39,28.98
17,200725_SEFL17_traumatest_g5,traumatest,min,1,min05,39.72,42.19
17,200725_SEFL17_traumatest_g5,traumatest,min,1,min06,59.39,13.36
17,200725_SEFL17_traumatest_g5,traumatest,min,1,min07,65.56,9.01
17,200725_SEFL17_traumatest_g5,traumatest,min,1,min08,47.72,20.05
17,200725_SEFL17_traumatest_g5,traumatest,avg,1,avg,56.11,17.18
18,200725_SEFL17_traumatest_g5,traumatest,min,2,min01,2.33,173.4
18,200725_SEFL17_traumatest_g5,traumatest,min,2,min02,4.22,172.77
18,200725_SEFL17_traumatest_g5,traumatest,min,2,min03,1.89,215.9
18,200725_SEFL17_traumatest_g5,traumatest,min,2,min04,0,221.07
18,200725_SEFL17_traumatest_g5,traumatest,min,2,min05,0,203.54
18,200725_SEFL17_traumatest_g5,traumatest,min,2,min06,2,180.19
18,200725_SEFL17_traumatest_g5,traumatest,min,2,min07,0,252.11
18,200725_SEFL17_traumatest_g5,traumatest,min,2,min08,1.83,173.39
18,200725_SEFL17_traumatest_g5,traumatest,avg,2,avg,1.53,199.05
19,200725_SEFL17_traumatest_g5,traumatest,min,3,min01,23.39,40.56
19,200725_SEFL17_traumatest_g5,traumatest,min,3,min02,65.83,10.65
19,200725_SEFL17_traumatest_g5,traumatest,min,3,min03,76.5,11.83
19,200725_SEFL17_traumatest_g5,traumatest,min,3,min04,50.28,10.87
19,200725_SEFL17_traumatest_g5,traumatest,min,3,min05,20.22,65.5
19,200725_SEFL17_traumatest_g5,traumatest,min,3,min06,18.44,71.8
19,200725_SEFL17_traumatest_g5,traumatest,min,3,min07,46.72,16.66
19,200725_SEFL17_traumatest_g5,traumatest,min,3,min08,55.5,12.71
19,200725_SEFL17_traumatest_g5,traumatest,avg,3,avg,45.01,30.07
20,200725_SEFL17_traumatest_g5,traumatest,min,4,min01,2.17,165.53
20,200725_SEFL17_traumatest_g5,traumatest,min,4,min02,0,167.14
20,200725_SEFL17_traumatest_g5,traumatest,min,4,min03,0,230.18
20,200725_SEFL17_traumatest_g5,traumatest,min,4,min04,0,219.66
20,200725_SEFL17_traumatest_g5,traumatest,min,4,min05,0,214.7
20,200725_SEFL17_traumatest_g5,traumatest,min,4,min06,0,265.58
20,200725_SEFL17_traumatest_g5,traumatest,min,4,min07,10.67,204.97
20,200725_SEFL17_traumatest_g5,traumatest,min,4,min08,0,221.18
20,200725_SEFL17_traumatest_g5,traumatest,avg,4,avg,1.6,211.12
21,200726_SEFL17_TraumaTest_g7,traumatest,min,1,min01,4.33,128.34
21,200726_SEFL17_TraumaTest_g7,traumatest,min,1,min02,0,180.32
21,200726_SEFL17_TraumaTest_g7,traumatest,min,1,min03,3.61,127.6
21,200726_SEFL17_TraumaTest_g7,traumatest,min,1,min04,2.39,144.66
21,200726_SEFL17_TraumaTest_g7,traumatest,min,1,min05,2.33,134.1
21,200726_SEFL17_TraumaTest_g7,traumatest,min,1,min06,0,179.61
21,200726_SEFL17_TraumaTest_g7,traumatest,min,1,min07,5.56,145.5
21,200726_SEFL17_TraumaTest_g7,traumatest,min,1,min08,2.06,136.77
21,200726_SEFL17_TraumaTest_g7,traumatest,avg,1,avg,2.53,147.11
22,200726_SEFL17_TraumaTest_g7,traumatest,min,2,min01,16.33,118.61
22,200726_SEFL17_TraumaTest_g7,traumatest,min,2,min02,24.44,57.61
22,200726_SEFL17_TraumaTest_g7,traumatest,min,2,min03,33,104.37
22,200726_SEFL17_TraumaTest_g7,traumatest,min,2,min04,47.17,64.68
22,200726_SEFL17_TraumaTest_g7,traumatest,min,2,min05,55.78,29.11
22,200726_SEFL17_TraumaTest_g7,traumatest,min,2,min06,54.72,28.96
22,200726_SEFL17_TraumaTest_g7,traumatest,min,2,min07,18.22,113.01
22,200726_SEFL17_TraumaTest_g7,traumatest,min,2,min08,15.78,157.52
22,200726_SEFL17_TraumaTest_g7,traumatest,avg,2,avg,33.69,84.23
23,200726_SEFL17_TraumaTest_g7,traumatest,min,3,min01,2.33,132.06
23,200726_SEFL17_TraumaTest_g7,traumatest,min,3,min02,0,180.98
23,200726_SEFL17_TraumaTest_g7,traumatest,min,3,min03,0,195.36
23,200726_SEFL17_TraumaTest_g7,traumatest,min,3,min04,1.78,254.39
23,200726_SEFL17_TraumaTest_g7,traumatest,min,3,min05,0,189.81
23,200726_SEFL17_TraumaTest_g7,traumatest,min,3,min06,0,137.25
23,200726_SEFL17_TraumaTest_g7,traumatest,min,3,min07,17.67,59.27
23,200726_SEFL17_TraumaTest_g7,traumatest,min,3,min08,2.5,122.09
23,200726_SEFL17_TraumaTest_g7,traumatest,avg,3,avg,3.03,158.9
24,200726_SEFL17_TraumaTest_g7,traumatest,min,4,min01,18.56,47.78
24,200726_SEFL17_TraumaTest_g7,traumatest,min,4,min02,33.22,32.35
24,200726_SEFL17_TraumaTest_g7,traumatest,min,4,min03,52.17,48.38
24,200726_SEFL17_TraumaTest_g7,traumatest,min,4,min04,87.44,6.44
24,200726_SEFL17_TraumaTest_g7,traumatest,min,4,min05,67.22,17.97
24,200726_SEFL17_TraumaTest_g7,traumatest,min,4,min06,66.67,20.05
24,200726_SEFL17_TraumaTest_g7,traumatest,min,4,min07,22.56,82.64
24,200726_SEFL17_TraumaTest_g7,traumatest,min,4,min08,19.83,127.36
24,200726_SEFL17_TraumaTest_g7,traumatest,avg,4,avg,46.35,47.87
25,200727_SEFL17_TraumaTest_g8,traumatest,min,1,min01,0,223.8
25,200727_SEFL17_TraumaTest_g8,traumatest,min,1,min02,0,242.34
25,200727_SEFL17_TraumaTest_g8,traumatest,min,1,min03,0,263.57
25,200727_SEFL17_TraumaTest_g8,traumatest,min,1,min04,0,296.88
25,200727_SEFL17_TraumaTest_g8,traumatest,min,1,min05,0,235.93
25,200727_SEFL17_TraumaTest_g8,traumatest,min,1,min06,0,162.02
25,200727_SEFL17_TraumaTest_g8,traumatest,min,1,min07,10.06,249.66
25,200727_SEFL17_TraumaTest_g8,traumatest,min,1,min08,0,272.98
25,200727_SEFL17_TraumaTest_g8,traumatest,avg,1,avg,1.26,243.4
26,200727_SEFL17_TraumaTest_g8,traumatest,min,2,min01,12.78,134.98
26,200727_SEFL17_TraumaTest_g8,traumatest,min,2,min02,19.44,107.76
26,200727_SEFL17_TraumaTest_g8,traumatest,min,2,min03,23.67,108.14
26,200727_SEFL17_TraumaTest_g8,traumatest,min,2,min04,21.06,133.09
26,200727_SEFL17_TraumaTest_g8,traumatest,min,2,min05,17.67,148.96
26,200727_SEFL17_TraumaTest_g8,traumatest,min,2,min06,17.17,109.94
26,200727_SEFL17_TraumaTest_g8,traumatest,min,2,min07,9.39,44.37
26,200727_SEFL17_TraumaTest_g8,traumatest,min,2,min08,10.11,211.51
26,200727_SEFL17_TraumaTest_g8,traumatest,avg,2,avg,16.66,124.84
27,200727_SEFL17_TraumaTest_g8,traumatest,min,3,min01,6.33,220.01
27,200727_SEFL17_TraumaTest_g8,traumatest,min,3,min02,0,240.74
27,200727_SEFL17_TraumaTest_g8,traumatest,min,3,min03,0,217.84
27,200727_SEFL17_TraumaTest_g8,traumatest,min,3,min04,0,213.69
27,200727_SEFL17_TraumaTest_g8,traumatest,min,3,min05,0,230.88
27,200727_SEFL17_TraumaTest_g8,traumatest,min,3,min06,1.78,199.84
27,200727_SEFL17_TraumaTest_g8,traumatest,min,3,min07,0,200.15
27,200727_SEFL17_TraumaTest_g8,traumatest,min,3,min08,6.78,218.99
27,200727_SEFL17_TraumaTest_g8,traumatest,avg,3,avg,1.95,217.77
28,200727_SEFL17_TraumaTest_g8,traumatest,min,4,min01,29.39,62.13
28,200727_SEFL17_TraumaTest_g8,traumatest,min,4,min02,63.72,7.07
28,200727_SEFL17_TraumaTest_g8,traumatest,min,4,min03,44.28,27.48
28,200727_SEFL17_TraumaTest_g8,traumatest,min,4,min04,46.5,45.35
28,200727_SEFL17_TraumaTest_g8,traumatest,min,4,min05,32.67,83.92
28,200727_SEFL17_TraumaTest_g8,traumatest,min,4,min06,55.28,18.06
28,200727_SEFL17_TraumaTest_g8,traumatest,min,4,min07,32.39,52.13
28,200727_SEFL17_TraumaTest_g8,traumatest,min,4,min08,35.94,56.14
28,200727_SEFL17_TraumaTest_g8,traumatest,avg,4,avg,42.68,44.04
1,200714_SEFL17_Trauma_g1,trauma,baseline,1,baseline,0.77,208.68
1,200714_SEFL17_Trauma_g1,trauma,shock,1,shock01,0,1525.33
1,200714_SEFL17_Trauma_g1,trauma,shock,1,shock02,0,1255.13
1,200714_SEFL17_Trauma_g1,trauma,shock,1,shock03,0,763.63
1,200714_SEFL17_Trauma_g1,trauma,shock,1,shock04,0,907.63
1,200714_SEFL17_Trauma_g1,trauma,shock,1,shock05,0,1292.4
1,200714_SEFL17_Trauma_g1,trauma,shock,1,shock06,0,298.23
1,200714_SEFL17_Trauma_g1,trauma,shock,1,shock07,0,1045.47
1,200714_SEFL17_Trauma_g1,trauma,shock,1,shock08,0,731.17
1,200714_SEFL17_Trauma_g1,trauma,shock,1,shock09,0,665.33
1,200714_SEFL17_Trauma_g1,trauma,shock,1,shock10,0,424.23
1,200714_SEFL17_Trauma_g1,trauma,postshock,1,postshock01,7.89,97.18
1,200714_SEFL17_Trauma_g1,trauma,postshock,1,postshock02,22.89,98.55
1,200714_SEFL17_Trauma_g1,trauma,postshock,1,postshock03,19.78,101.71
1,200714_SEFL17_Trauma_g1,trauma,postshock,1,postshock04,17,123.13
1,200714_SEFL17_Trauma_g1,trauma,postshock,1,postshock05,46.89,47.29
1,200714_SEFL17_Trauma_g1,trauma,postshock,1,postshock06,35.56,26.71
1,200714_SEFL17_Trauma_g1,trauma,postshock,1,postshock07,75.44,6.4
1,200714_SEFL17_Trauma_g1,trauma,postshock,1,postshock08,31.67,60.6
1,200714_SEFL17_Trauma_g1,trauma,postshock,1,postshock09,9.67,107.29
1,200714_SEFL17_Trauma_g1,trauma,postshock,1,postshock10,57.56,13.19
2,200714_SEFL17_Trauma_g1,trauma,baseline,2,baseline,0.36,226.08
2,200714_SEFL17_Trauma_g1,trauma,shock,2,shock01,0,113.53
2,200714_SEFL17_Trauma_g1,trauma,shock,2,shock02,0,478.2
2,200714_SEFL17_Trauma_g1,trauma,shock,2,shock03,0,30.1
2,200714_SEFL17_Trauma_g1,trauma,shock,2,shock04,0,33.53
2,200714_SEFL17_Trauma_g1,trauma,shock,2,shock05,0,181.17
2,200714_SEFL17_Trauma_g1,trauma,shock,2,shock06,0,84.7
2,200714_SEFL17_Trauma_g1,trauma,shock,2,shock07,0,521.87
2,200714_SEFL17_Trauma_g1,trauma,shock,2,shock08,0,43.23
2,200714_SEFL17_Trauma_g1,trauma,shock,2,shock09,0,340.17
2,200714_SEFL17_Trauma_g1,trauma,shock,2,shock10,0,91.13
2,200714_SEFL17_Trauma_g1,trauma,postshock,2,postshock01,0,193.93
2,200714_SEFL17_Trauma_g1,trauma,postshock,2,postshock02,4.67,102.47
2,200714_SEFL17_Trauma_g1,trauma,postshock,2,postshock03,0,135.67
2,200714_SEFL17_Trauma_g1,trauma,postshock,2,postshock04,0,142.77
2,200714_SEFL17_Trauma_g1,trauma,postshock,2,postshock05,4.11,90.12
2,200714_SEFL17_Trauma_g1,trauma,postshock,2,postshock06,0,186.41
2,200714_SEFL17_Trauma_g1,trauma,postshock,2,postshock07,0,201.76
2,200714_SEFL17_Trauma_g1,trauma,postshock,2,postshock08,0,188.69
2,200714_SEFL17_Trauma_g1,trauma,postshock,2,postshock09,5.78,210.47
2,200714_SEFL17_Trauma_g1,trauma,postshock,2,postshock10,0,126.75
3,200714_SEFL17_Trauma_g1,trauma,baseline,3,baseline,0.61,191.29
3,200714_SEFL17_Trauma_g1,trauma,shock,3,shock01,0,1438.2
3,200714_SEFL17_Trauma_g1,trauma,shock,3,shock02,0,1024.17
3,200714_SEFL17_Trauma_g1,trauma,shock,3,shock03,0,1504.87
3,200714_SEFL17_Trauma_g1,trauma,shock,3,shock04,0,1024.1
3,200714_SEFL17_Trauma_g1,trauma,shock,3,shock05,0,1168.7
3,200714_SEFL17_Trauma_g1,trauma,shock,3,shock06,0,1250.93
3,200714_SEFL17_Trauma_g1,trauma,shock,3,shock07,0,1223.07
3,200714_SEFL17_Trauma_g1,trauma,shock,3,shock08,0,725.57
3,200714_SEFL17_Trauma_g1,trauma,shock,3,shock09,0,908.23
3,200714_SEFL17_Trauma_g1,trauma,shock,3,shock10,0,1129.2
3,200714_SEFL17_Trauma_g1,trauma,postshock,3,postshock01,22.67,84.97
3,200714_SEFL17_Trauma_g1,trauma,postshock,3,postshock02,41.22,79.09
3,200714_SEFL17_Trauma_g1,trauma,postshock,3,postshock03,42.22,85.8
3,200714_SEFL17_Trauma_g1,trauma,postshock,3,postshock04,19.56,63.3
3,200714_SEFL17_Trauma_g1,trauma,postshock,3,postshock05,69.78,15.99
3,200714_SEFL17_Trauma_g1,trauma,postshock,3,postshock06,50,45.45
3,200714_SEFL17_Trauma_g1,trauma,postshock,3,postshock07,66.44,11.58
3,200714_SEFL17_Trauma_g1,trauma,postshock,3,postshock08,49.89,42.92
3,200714_SEFL17_Trauma_g1,trauma,postshock,3,postshock09,58,45.31
3,200714_SEFL17_Trauma_g1,trauma,postshock,3,postshock10,66,17.41
4,200714_SEFL17_Trauma_g1,trauma,baseline,4,baseline,0,244.56
4,200714_SEFL17_Trauma_g1,trauma,shock,4,shock01,0,474.17
4,200714_SEFL17_Trauma_g1,trauma,shock,4,shock02,0,181.6
4,200714_SEFL17_Trauma_g1,trauma,shock,4,shock03,0,106.4
4,200714_SEFL17_Trauma_g1,trauma,shock,4,shock04,0,193.53
4,200714_SEFL17_Trauma_g1,trauma,shock,4,shock05,0,258.1
4,200714_SEFL17_Trauma_g1,trauma,shock,4,shock06,0,171.03
4,200714_SEFL17_Trauma_g1,trauma,shock,4,shock07,0,670.07
4,200714_SEFL17_Trauma_g1,trauma,shock,4,shock08,0,10.4
4,200714_SEFL17_Trauma_g1,trauma,shock,4,shock09,0,487.17
4,200714_SEFL17_Trauma_g1,trauma,shock,4,shock10,0,153.53
4,200714_SEFL17_Trauma_g1,trauma,postshock,4,postshock01,0,285.39
4,200714_SEFL17_Trauma_g1,trauma,postshock,4,postshock02,0,206.77
4,200714_SEFL17_Trauma_g1,trauma,postshock,4,postshock03,0,294.22
4,200714_SEFL17_Trauma_g1,trauma,postshock,4,postshock04,0,203.81
4,200714_SEFL17_Trauma_g1,trauma,postshock,4,postshock05,0,285.75
4,200714_SEFL17_Trauma_g1,trauma,postshock,4,postshock06,0,253.82
4,200714_SEFL17_Trauma_g1,trauma,postshock,4,postshock07,0,220.66
4,200714_SEFL17_Trauma_g1,trauma,postshock,4,postshock08,0,242.64
4,200714_SEFL17_Trauma_g1,trauma,postshock,4,postshock09,0,251.4
4,200714_SEFL17_Trauma_g1,trauma,postshock,4,postshock10,0,253.9
5,200715_SEFL17_Trauma_g2,trauma,baseline,1,baseline,0.36,221.36
5,200715_SEFL17_Trauma_g2,trauma,shock,1,shock01,0,750.07
5,200715_SEFL17_Trauma_g2,trauma,shock,1,shock02,0,32.87
5,200715_SEFL17_Trauma_g2,trauma,shock,1,shock03,0,34.83
5,200715_SEFL17_Trauma_g2,trauma,shock,1,shock04,0,309.27
5,200715_SEFL17_Trauma_g2,trauma,shock,1,shock05,0,44.6
5,200715_SEFL17_Trauma_g2,trauma,shock,1,shock06,0,309.97
5,200715_SEFL17_Trauma_g2,trauma,shock,1,shock07,0,54.7
5,200715_SEFL17_Trauma_g2,trauma,shock,1,shock08,0,39.33
5,200715_SEFL17_Trauma_g2,trauma,shock,1,shock09,0,442.8
5,200715_SEFL17_Trauma_g2,trauma,shock,1,shock10,0,124.47
5,200715_SEFL17_Trauma_g2,trauma,postshock,1,postshock01,3.89,149.53
5,200715_SEFL17_Trauma_g2,trauma,postshock,1,postshock02,0,210.79
5,200715_SEFL17_Trauma_g2,trauma,postshock,1,postshock03,0,193.66
5,200715_SEFL17_Trauma_g2,trauma,postshock,1,postshock04,7.33,141.12
5,200715_SEFL17_Trauma_g2,trauma,postshock,1,postshock05,0,282.66
5,200715_SEFL17_Trauma_g2,trauma,postshock,1,postshock06,0,160.82
5,200715_SEFL17_Trauma_g2,trauma,postshock,1,postshock07,0,226.07
5,200715_SEFL17_Trauma_g2,trauma,postshock,1,postshock08,0,331.76
5,200715_SEFL17_Trauma_g2,trauma,postshock,1,postshock09,0,163.77
5,200715_SEFL17_Trauma_g2,trauma,postshock,1,postshock10,0,130.78
6,200715_SEFL17_Trauma_g2,trauma,baseline,2,baseline,0,229.81
6,200715_SEFL17_Trauma_g2,trauma,shock,2,shock01,0,1153.73
6,200715_SEFL17_Trauma_g2,trauma,shock,2,shock02,0,975.27
6,200715_SEFL17_Trauma_g2,trauma,shock,2,shock03,0,1269.17
6,200715_SEFL17_Trauma_g2,trauma,shock,2,shock04,0,1129.1
6,200715_SEFL17_Trauma_g2,trauma,shock,2,shock05,0,933.3
6,200715_SEFL17_Trauma_g2,trauma,shock,2,shock06,0,689.43
6,200715_SEFL17_Trauma_g2,trauma,shock,2,shock07,0,1144.6
6,200715_SEFL17_Trauma_g2,trauma,shock,2,shock08,0,1088.47
6,200715_SEFL17_Trauma_g2,trauma,shock,2,shock09,0,833.67
6,200715_SEFL17_Trauma_g2,trauma,shock,2,shock10,0,755.07
6,200715_SEFL17_Trauma_g2,trauma,postshock,2,postshock01,9.22,116.5
6,200715_SEFL17_Trauma_g2,trauma,postshock,2,postshock02,21,160.92
6,200715_SEFL17_Trauma_g2,trauma,postshock,2,postshock03,24.33,115.51
6,200715_SEFL17_Trauma_g2,trauma,postshock,2,postshock04,28.78,29.89
6,200715_SEFL17_Trauma_g2,trauma,postshock,2,postshock05,36.22,30.52
6,200715_SEFL17_Trauma_g2,trauma,postshock,2,postshock06,30.33,80.91
6,200715_SEFL17_Trauma_g2,trauma,postshock,2,postshock07,53.11,25.18
6,200715_SEFL17_Trauma_g2,trauma,postshock,2,postshock08,27.44,49.44
6,200715_SEFL17_Trauma_g2,trauma,postshock,2,postshock09,31.33,23.26
6,200715_SEFL17_Trauma_g2,trauma,postshock,2,postshock10,39.33,28.98
7,200715_SEFL17_Trauma_g2,trauma,baseline,3,baseline,0.29,191.38
7,200715_SEFL17_Trauma_g2,trauma,shock,3,shock01,0,275.07
7,200715_SEFL17_Trauma_g2,trauma,shock,3,shock02,0,137.83
7,200715_SEFL17_Trauma_g2,trauma,shock,3,shock03,0,80.33
7,200715_SEFL17_Trauma_g2,trauma,shock,3,shock04,0,191.43
7,200715_SEFL17_Trauma_g2,trauma,shock,3,shock05,0,132.07
7,200715_SEFL17_Trauma_g2,trauma,shock,3,shock06,0,148.47
7,200715_SEFL17_Trauma_g2,trauma,shock,3,shock07,0,295.6
7,200715_SEFL17_Trauma_g2,trauma,shock,3,shock08,0,155.8
7,200715_SEFL17_Trauma_g2,trauma,shock,3,shock09,0,173.77
7,200715_SEFL17_Trauma_g2,trauma,shock,3,shock10,0,114.27
7,200715_SEFL17_Trauma_g2,trauma,postshock,3,postshock01,0,221.46
7,200715_SEFL17_Trauma_g2,trauma,postshock,3,postshock02,8,218.48
7,200715_SEFL17_Trauma_g2,trauma,postshock,3,postshock03,0,96.94
7,200715_SEFL17_Trauma_g2,trauma,postshock,3,postshock04,3.89,133.7
7,200715_SEFL17_Trauma_g2,trauma,postshock,3,postshock05,0,185.91
7,200715_SEFL17_Trauma_g2,trauma,postshock,3,postshock06,0,262.31
7,200715_SEFL17_Trauma_g2,trauma,postshock,3,postshock07,3.89,87.63
7,200715_SEFL17_Trauma_g2,trauma,postshock,3,postshock08,3.89,219.87
7,200715_SEFL17_Trauma_g2,trauma,postshock,3,postshock09,0,140.67
7,200715_SEFL17_Trauma_g2,trauma,postshock,3,postshock10,0,84.78
8,200715_SEFL17_Trauma_g2,trauma,baseline,4,baseline,1.68,158.2
8,200715_SEFL17_Trauma_g2,trauma,shock,4,shock01,0,1790.33
8,200715_SEFL17_Trauma_g2,trauma,shock,4,shock02,0,944.7
8,200715_SEFL17_Trauma_g2,trauma,shock,4,shock03,0,678.2
8,200715_SEFL17_Trauma_g2,trauma,shock,4,shock04,0,575.5
8,200715_SEFL17_Trauma_g2,trauma,shock,4,shock05,0,1124.37
8,200715_SEFL17_Trauma_g2,trauma,shock,4,shock06,0,391.97
8,200715_SEFL17_Trauma_g2,trauma,shock,4,shock07,0,575.67
8,200715_SEFL17_Trauma_g2,trauma,shock,4,shock08,0,1428.97
8,200715_SEFL17_Trauma_g2,trauma,shock,4,shock09,0,1053.33
8,200715_SEFL17_Trauma_g2,trauma,shock,4,shock10,0,1297.67
8,200715_SEFL17_Trauma_g2,trauma,postshock,4,postshock01,24.44,51.29
8,200715_SEFL17_Trauma_g2,trauma,postshock,4,postshock02,24.22,90.65
8,200715_SEFL17_Trauma_g2,trauma,postshock,4,postshock03,48,42.18
8,200715_SEFL17_Trauma_g2,trauma,postshock,4,postshock04,19.56,65.44
8,200715_SEFL17_Trauma_g2,trauma,postshock,4,postshock05,37.44,54.41
8,200715_SEFL17_Trauma_g2,trauma,postshock,4,postshock06,28.56,49.52
8,200715_SEFL17_Trauma_g2,trauma,postshock,4,postshock07,30.44,58.09
8,200715_SEFL17_Trauma_g2,trauma,postshock,4,postshock08,22.44,74.21
8,200715_SEFL17_Trauma_g2,trauma,postshock,4,postshock09,81,9.49
8,200715_SEFL17_Trauma_g2,trauma,postshock,4,postshock10,55.33,22.37
9,200716_SEFL17_Trauma_g3,trauma,baseline,1,baseline,3.39,131.26
9,200716_SEFL17_Trauma_g3,trauma,shock,1,shock01,0,791.07
9,200716_SEFL17_Trauma_g3,trauma,shock,1,shock02,0,744.1
9,200716_SEFL17_Trauma_g3,trauma,shock,1,shock03,0,284.17
9,200716_SEFL17_Trauma_g3,trauma,shock,1,shock04,0,400.27
9,200716_SEFL17_Trauma_g3,trauma,shock,1,shock05,0,469.83
9,200716_SEFL17_Trauma_g3,trauma,shock,1,shock06,0,1019.47
9,200716_SEFL17_Trauma_g3,trauma,shock,1,shock07,0,797.3
9,200716_SEFL17_Trauma_g3,trauma,shock,1,shock08,0,537.47
9,200716_SEFL17_Trauma_g3,trauma,shock,1,shock09,0,360.47
9,200716_SEFL17_Trauma_g3,trauma,shock,1,shock10,0,645.53
9,200716_SEFL17_Trauma_g3,trauma,postshock,1,postshock01,0,118.59
9,200716_SEFL17_Trauma_g3,trauma,postshock,1,postshock02,12.56,102.84
9,200716_SEFL17_Trauma_g3,trauma,postshock,1,postshock03,57.11,23.3
9,200716_SEFL17_Trauma_g3,trauma,postshock,1,postshock04,17.56,57.08
9,200716_SEFL17_Trauma_g3,trauma,postshock,1,postshock05,67.22,23.02
9,200716_SEFL17_Trauma_g3,trauma,postshock,1,postshock06,51.78,51.79
9,200716_SEFL17_Trauma_g3,trauma,postshock,1,postshock07,68.11,16.62
9,200716_SEFL17_Trauma_g3,trauma,postshock,1,postshock08,80.89,3.82
9,200716_SEFL17_Trauma_g3,trauma,postshock,1,postshock09,84.11,8.71
9,200716_SEFL17_Trauma_g3,trauma,postshock,1,postshock10,68.67,56.19
10,200716_SEFL17_Trauma_g3,trauma,baseline,2,baseline,0.29,232.15
10,200716_SEFL17_Trauma_g3,trauma,shock,2,shock01,0,1379.5
10,200716_SEFL17_Trauma_g3,trauma,shock,2,shock02,0,1490.97
10,200716_SEFL17_Trauma_g3,trauma,shock,2,shock03,0,1037.67
10,200716_SEFL17_Trauma_g3,trauma,shock,2,shock04,0,840.73
10,200716_SEFL17_Trauma_g3,trauma,shock,2,shock05,0,1193.87
10,200716_SEFL17_Trauma_g3,trauma,shock,2,shock06,0,728.63
10,200716_SEFL17_Trauma_g3,trauma,shock,2,shock07,0,808.03
10,200716_SEFL17_Trauma_g3,trauma,shock,2,shock08,0,689.8
10,200716_SEFL17_Trauma_g3,trauma,shock,2,shock09,0,895.07
10,200716_SEFL17_Trauma_g3,trauma,shock,2,shock10,0,1067.93
10,200716_SEFL17_Trauma_g3,trauma,postshock,2,postshock01,4.22,206.24
10,200716_SEFL17_Trauma_g3,trauma,postshock,2,postshock02,39.67,92.97
10,200716_SEFL17_Trauma_g3,trauma,postshock,2,postshock03,46.11,37.05
10,200716_SEFL17_Trauma_g3,trauma,postshock,2,postshock04,28.67,99.1
10,200716_SEFL17_Trauma_g3,trauma,postshock,2,postshock05,49.22,29.19
10,200716_SEFL17_Trauma_g3,trauma,postshock,2,postshock06,62.78,18.91
10,200716_SEFL17_Trauma_g3,trauma,postshock,2,postshock07,49.78,72.02
10,200716_SEFL17_Trauma_g3,trauma,postshock,2,postshock08,24.78,124.38
10,200716_SEFL17_Trauma_g3,trauma,postshock,2,postshock09,56.44,32.68
10,200716_SEFL17_Trauma_g3,trauma,postshock,2,postshock10,58,20.24
11,200716_SEFL17_Trauma_g3,trauma,baseline,3,baseline,0.3,280.51
11,200716_SEFL17_Trauma_g3,trauma,shock,3,shock01,0,1467.53
11,200716_SEFL17_Trauma_g3,trauma,shock,3,shock02,0,992.1
11,200716_SEFL17_Trauma_g3,trauma,shock,3,shock03,0,1001.73
11,200716_SEFL17_Trauma_g3,trauma,shock,3,shock04,0,964.7
11,200716_SEFL17_Trauma_g3,trauma,shock,3,shock05,0,597.87
11,200716_SEFL17_Trauma_g3,trauma,shock,3,shock06,0,601.2
11,200716_SEFL17_Trauma_g3,trauma,shock,3,shock07,0,618.9
11,200716_SEFL17_Trauma_g3,trauma,shock,3,shock08,0,939.47
11,200716_SEFL17_Trauma_g3,trauma,shock,3,shock09,0,969.13
11,200716_SEFL17_Trauma_g3,trauma,shock,3,shock10,0,970.87
11,200716_SEFL17_Trauma_g3,trauma,postshock,3,postshock01,0,155.84
11,200716_SEFL17_Trauma_g3,trauma,postshock,3,postshock02,15.56,63.8
11,200716_SEFL17_Trauma_g3,trauma,postshock,3,postshock03,27.22,66.29
11,200716_SEFL17_Trauma_g3,trauma,postshock,3,postshock04,13.78,72
11,200716_SEFL17_Trauma_g3,trauma,postshock,3,postshock05,13.22,77.27
11,200716_SEFL17_Trauma_g3,trauma,postshock,3,postshock06,20.44,120.23
11,200716_SEFL17_Trauma_g3,trauma,postshock,3,postshock07,16.56,144.83
11,200716_SEFL17_Trauma_g3,trauma,postshock,3,postshock08,36.67,34.78
11,200716_SEFL17_Trauma_g3,trauma,postshock,3,postshock09,28.33,34.99
11,200716_SEFL17_Trauma_g3,trauma,postshock,3,postshock10,74.11,9.73
12,200716_SEFL17_Trauma_g3,trauma,baseline,4,baseline,0,223.78
12,200716_SEFL17_Trauma_g3,trauma,shock,4,shock01,0,798.17
12,200716_SEFL17_Trauma_g3,trauma,shock,4,shock02,0,326.83
12,200716_SEFL17_Trauma_g3,trauma,shock,4,shock03,0,358.4
12,200716_SEFL17_Trauma_g3,trauma,shock,4,shock04,0,26.13
12,200716_SEFL17_Trauma_g3,trauma,shock,4,shock05,0,116.1
12,200716_SEFL17_Trauma_g3,trauma,shock,4,shock06,0,134.9
12,200716_SEFL17_Trauma_g3,trauma,shock,4,shock07,0,22.77
12,200716_SEFL17_Trauma_g3,trauma,shock,4,shock08,0,392.9
12,200716_SEFL17_Trauma_g3,trauma,shock,4,shock09,0,71.97
12,200716_SEFL17_Trauma_g3,trauma,shock,4,shock10,0,98.7
12,200716_SEFL17_Trauma_g3,trauma,postshock,4,postshock01,0,317.3
12,200716_SEFL17_Trauma_g3,trauma,postshock,4,postshock02,0,220.49
12,200716_SEFL17_Trauma_g3,trauma,postshock,4,postshock03,0,169.51
12,200716_SEFL17_Trauma_g3,trauma,postshock,4,postshock04,0,174.32
12,200716_SEFL17_Trauma_g3,trauma,postshock,4,postshock05,0,426.08
12,200716_SEFL17_Trauma_g3,trauma,postshock,4,postshock06,0,425.99
12,200716_SEFL17_Trauma_g3,trauma,postshock,4,postshock07,0,158.34
12,200716_SEFL17_Trauma_g3,trauma,postshock,4,postshock08,0,249.43
12,200716_SEFL17_Trauma_g3,trauma,postshock,4,postshock09,0,201.77
12,200716_SEFL17_Trauma_g3,trauma,postshock,4,postshock10,4.78,189.35
13,200717_SEFL17_trauma_g4,trauma,baseline,1,baseline,0,202.24
13,200717_SEFL17_trauma_g4,trauma,shock,1,shock01,0,79.33
13,200717_SEFL17_trauma_g4,trauma,shock,1,shock02,0,98.07
13,200717_SEFL17_trauma_g4,trauma,shock,1,shock03,0,109
13,200717_SEFL17_trauma_g4,trauma,shock,1,shock04,0,329.57
13,200717_SEFL17_trauma_g4,trauma,shock,1,shock05,0,273.47
13,200717_SEFL17_trauma_g4,trauma,shock,1,shock06,0,34.3
13,200717_SEFL17_trauma_g4,trauma,shock,1,shock07,0,81.37
13,200717_SEFL17_trauma_g4,trauma,shock,1,shock08,0,325.97
13,200717_SEFL17_trauma_g4,trauma,shock,1,shock09,0,275.97
13,200717_SEFL17_trauma_g4,trauma,shock,1,shock10,0,77.37
13,200717_SEFL17_trauma_g4,trauma,postshock,1,postshock01,0,123.03
13,200717_SEFL17_trauma_g4,trauma,postshock,1,postshock02,0,171.82
13,200717_SEFL17_trauma_g4,trauma,postshock,1,postshock03,0,295.34
13,200717_SEFL17_trauma_g4,trauma,postshock,1,postshock04,0,168.1
13,200717_SEFL17_trauma_g4,trauma,postshock,1,postshock05,0,231.14
13,200717_SEFL17_trauma_g4,trauma,postshock,1,postshock06,0,215.39
13,200717_SEFL17_trauma_g4,trauma,postshock,1,postshock07,0,262.98
13,200717_SEFL17_trauma_g4,trauma,postshock,1,postshock08,17.22,88.86
13,200717_SEFL17_trauma_g4,trauma,postshock,1,postshock09,0,257.89
13,200717_SEFL17_trauma_g4,trauma,postshock,1,postshock10,0,273.62
14,200717_SEFL17_trauma_g4,trauma,baseline,2,baseline,0.28,180.93
14,200717_SEFL17_trauma_g4,trauma,shock,2,shock01,0,34
14,200717_SEFL17_trauma_g4,trauma,shock,2,shock02,0,404.8
14,200717_SEFL17_trauma_g4,trauma,shock,2,shock03,0,250.47
14,200717_SEFL17_trauma_g4,trauma,shock,2,shock04,0,454.43
14,200717_SEFL17_trauma_g4,trauma,shock,2,shock05,0,18.2
14,200717_SEFL17_trauma_g4,trauma,shock,2,shock06,0,78.23
14,200717_SEFL17_trauma_g4,trauma,shock,2,shock07,0,465.87
14,200717_SEFL17_trauma_g4,trauma,shock,2,shock08,0,184.53
14,200717_SEFL17_trauma_g4,trauma,shock,2,shock09,0,176.37
14,200717_SEFL17_trauma_g4,trauma,shock,2,shock10,0,16.6
14,200717_SEFL17_trauma_g4,trauma,postshock,2,postshock01,0,278.67
14,200717_SEFL17_trauma_g4,trauma,postshock,2,postshock02,0,223.29
14,200717_SEFL17_trauma_g4,trauma,postshock,2,postshock03,4.33,148.98
14,200717_SEFL17_trauma_g4,trauma,postshock,2,postshock04,0,197.71
14,200717_SEFL17_trauma_g4,trauma,postshock,2,postshock05,0,193.03
14,200717_SEFL17_trauma_g4,trauma,postshock,2,postshock06,0,113.6
14,200717_SEFL17_trauma_g4,trauma,postshock,2,postshock07,0,316.36
14,200717_SEFL17_trauma_g4,trauma,postshock,2,postshock08,0,138.47
14,200717_SEFL17_trauma_g4,trauma,postshock,2,postshock09,0,321.07
14,200717_SEFL17_trauma_g4,trauma,postshock,2,postshock10,8.56,244.44
15,200717_SEFL17_trauma_g4,trauma,baseline,3,baseline,1.48,239.94
15,200717_SEFL17_trauma_g4,trauma,shock,3,shock01,0,263.33
15,200717_SEFL17_trauma_g4,trauma,shock,3,shock02,0,93.07
15,200717_SEFL17_trauma_g4,trauma,shock,3,shock03,0,387.4
15,200717_SEFL17_trauma_g4,trauma,shock,3,shock04,0,75.37
15,200717_SEFL17_trauma_g4,trauma,shock,3,shock05,0,5.6
15,200717_SEFL17_trauma_g4,trauma,shock,3,shock06,0,148.43
15,200717_SEFL17_trauma_g4,trauma,shock,3,shock07,0,505.83
15,200717_SEFL17_trauma_g4,trauma,shock,3,shock08,0,400.53
15,200717_SEFL17_trauma_g4,trauma,shock,3,shock09,0,28.4
15,200717_SEFL17_trauma_g4,trauma,shock,3,shock10,0,46.83
15,200717_SEFL17_trauma_g4,trauma,postshock,3,postshock01,0,232.42
15,200717_SEFL17_trauma_g4,trauma,postshock,3,postshock02,0,203.13
15,200717_SEFL17_trauma_g4,trauma,postshock,3,postshock03,4.11,170.87
15,200717_SEFL17_trauma_g4,trauma,postshock,3,postshock04,0,308.22
15,200717_SEFL17_trauma_g4,trauma,postshock,3,postshock05,0,143.49
15,200717_SEFL17_trauma_g4,trauma,postshock,3,postshock06,0,163.84
15,200717_SEFL17_trauma_g4,trauma,postshock,3,postshock07,0,199.19
15,200717_SEFL17_trauma_g4,trauma,postshock,3,postshock08,0,287.37
15,200717_SEFL17_trauma_g4,trauma,postshock,3,postshock09,0,171.39
15,200717_SEFL17_trauma_g4,trauma,postshock,3,postshock10,0,251.29
16,200717_SEFL17_trauma_g4,trauma,baseline,4,baseline,0,231.21
16,200717_SEFL17_trauma_g4,trauma,shock,4,shock01,0,1759.1
16,200717_SEFL17_trauma_g4,trauma,shock,4,shock02,0,729.53
16,200717_SEFL17_trauma_g4,trauma,shock,4,shock03,0,1158.6
16,200717_SEFL17_trauma_g4,trauma,shock,4,shock04,0,1047.93
16,200717_SEFL17_trauma_g4,trauma,shock,4,shock05,0,842.83
16,200717_SEFL17_trauma_g4,trauma,shock,4,shock06,0,890.57
16,200717_SEFL17_trauma_g4,trauma,shock,4,shock07,0,1289.23
16,200717_SEFL17_trauma_g4,trauma,shock,4,shock08,0,1405.5
16,200717_SEFL17_trauma_g4,trauma,shock,4,shock09,0,876.93
16,200717_SEFL17_trauma_g4,trauma,shock,4,shock10,0,781.53
16,200717_SEFL17_trauma_g4,trauma,postshock,4,postshock01,41.33,46.9
16,200717_SEFL17_trauma_g4,trauma,postshock,4,postshock02,40.67,72.63
16,200717_SEFL17_trauma_g4,trauma,postshock,4,postshock03,29.44,128.6
16,200717_SEFL17_trauma_g4,trauma,postshock,4,postshock04,27.22,46.39
16,200717_SEFL17_trauma_g4,trauma,postshock,4,postshock05,39.33,40.36
16,200717_SEFL17_trauma_g4,trauma,postshock,4,postshock06,31,60.2
16,200717_SEFL17_trauma_g4,trauma,postshock,4,postshock07,46.22,36.8
16,200717_SEFL17_trauma_g4,trauma,postshock,4,postshock08,17.44,60.09
16,200717_SEFL17_trauma_g4,trauma,postshock,4,postshock09,23,103.94
16,200717_SEFL17_trauma_g4,trauma,postshock,4,postshock10,53,63.42
17,200718_SEFL17_trauma_g5,trauma,baseline,1,baseline,1.31,171.69
17,200718_SEFL17_trauma_g5,trauma,shock,1,shock01,0,1587.67
17,200718_SEFL17_trauma_g5,trauma,shock,1,shock02,0,1225.67
17,200718_SEFL17_trauma_g5,trauma,shock,1,shock03,0,1087.9
17,200718_SEFL17_trauma_g5,trauma,shock,1,shock04,0,742.73
17,200718_SEFL17_trauma_g5,trauma,shock,1,shock05,0,1153.7
17,200718_SEFL17_trauma_g5,trauma,shock,1,shock06,0,1075.67
17,200718_SEFL17_trauma_g5,trauma,shock,1,shock07,0,1063.7
17,200718_SEFL17_trauma_g5,trauma,shock,1,shock08,0,744.27
17,200718_SEFL17_trauma_g5,trauma,shock,1,shock09,0,841.37
17,200718_SEFL17_trauma_g5,trauma,shock,1,shock10,0,714.1
17,200718_SEFL17_trauma_g5,trauma,postshock,1,postshock01,73.44,10.18
17,200718_SEFL17_trauma_g5,trauma,postshock,1,postshock02,49.22,29.77
17,200718_SEFL17_trauma_g5,trauma,postshock,1,postshock03,66.11,10.83
17,200718_SEFL17_trauma_g5,trauma,postshock,1,postshock04,38.56,40.46
17,200718_SEFL17_trauma_g5,trauma,postshock,1,postshock05,60,12.48
17,200718_SEFL17_trauma_g5,trauma,postshock,1,postshock06,89.67,3.03
17,200718_SEFL17_trauma_g5,trauma,postshock,1,postshock07,62.33,13.97
17,200718_SEFL17_trauma_g5,trauma,postshock,1,postshock08,34.89,43.43
17,200718_SEFL17_trauma_g5,trauma,postshock,1,postshock09,61.11,8.81
17,200718_SEFL17_trauma_g5,trauma,postshock,1,postshock10,65.22,12.56
18,200718_SEFL17_trauma_g5,trauma,baseline,2,baseline,0.54,250.84
18,200718_SEFL17_trauma_g5,trauma,shock,2,shock01,0,91.27
18,200718_SEFL17_trauma_g5,trauma,shock,2,shock02,0,362.3
18,200718_SEFL17_trauma_g5,trauma,shock,2,shock03,0,155.83
18,200718_SEFL17_trauma_g5,trauma,shock,2,shock04,0,288.7
18,200718_SEFL17_trauma_g5,trauma,shock,2,shock05,0,350.77
18,200718_SEFL17_trauma_g5,trauma,shock,2,shock06,0,602.2
18,200718_SEFL17_trauma_g5,trauma,shock,2,shock07,0,72.67
18,200718_SEFL17_trauma_g5,trauma,shock,2,shock08,0,282.8
18,200718_SEFL17_trauma_g5,trauma,shock,2,shock09,100,2.7
18,200718_SEFL17_trauma_g5,trauma,shock,2,shock10,0,47.53
18,200718_SEFL17_trauma_g5,trauma,postshock,2,postshock01,3.67,233.76
18,200718_SEFL17_trauma_g5,trauma,postshock,2,postshock02,0,353.8
18,200718_SEFL17_trauma_g5,trauma,postshock,2,postshock03,0,272.15
18,200718_SEFL17_trauma_g5,trauma,postshock,2,postshock04,0,215.62
18,200718_SEFL17_trauma_g5,trauma,postshock,2,postshock05,0,189.72
18,200718_SEFL17_trauma_g5,trauma,postshock,2,postshock06,3.89,227.32
18,200718_SEFL17_trauma_g5,trauma,postshock,2,postshock07,11.22,259.96
18,200718_SEFL17_trauma_g5,trauma,postshock,2,postshock08,0,123.52
18,200718_SEFL17_trauma_g5,trauma,postshock,2,postshock09,14.11,43.09
18,200718_SEFL17_trauma_g5,trauma,postshock,2,postshock10,7.78,94.82
19,200718_SEFL17_trauma_g5,trauma,baseline,3,baseline,0,220.93
19,200718_SEFL17_trauma_g5,trauma,shock,3,shock01,0,1918.53
19,200718_SEFL17_trauma_g5,trauma,shock,3,shock02,0,910.9
19,200718_SEFL17_trauma_g5,trauma,shock,3,shock03,0,795.6
19,200718_SEFL17_trauma_g5,trauma,shock,3,shock04,0,691.47
19,200718_SEFL17_trauma_g5,trauma,shock,3,shock05,0,703.7
19,200718_SEFL17_trauma_g5,trauma,shock,3,shock06,0,925.53
19,200718_SEFL17_trauma_g5,trauma,shock,3,shock07,0,763.03
19,200718_SEFL17_trauma_g5,trauma,shock,3,shock08,0,1596.37
19,200718_SEFL17_trauma_g5,trauma,shock,3,shock09,0,1351.47
19,200718_SEFL17_trauma_g5,trauma,shock,3,shock10,0,562.4
19,200718_SEFL17_trauma_g5,trauma,postshock,3,postshock01,14.33,75.2
19,200718_SEFL17_trauma_g5,trauma,postshock,3,postshock02,3.56,151.04
19,200718_SEFL17_trauma_g5,trauma,postshock,3,postshock03,7,92.35
19,200718_SEFL17_trauma_g5,trauma,postshock,3,postshock04,50.11,48.36
19,200718_SEFL17_trauma_g5,trauma,postshock,3,postshock05,24.56,111.29
19,200718_SEFL17_trauma_g5,trauma,postshock,3,postshock06,37.89,23.31
19,200718_SEFL17_trauma_g5,trauma,postshock,3,postshock07,24.89,98.3
19,200718_SEFL17_trauma_g5,trauma,postshock,3,postshock08,50.33,52.12
19,200718_SEFL17_trauma_g5,trauma,postshock,3,postshock09,90.44,2.98
19,200718_SEFL17_trauma_g5,trauma,postshock,3,postshock10,35.56,72.74
20,200718_SEFL17_trauma_g5,trauma,baseline,4,baseline,0,236.58
20,200718_SEFL17_trauma_g5,trauma,shock,4,shock01,0,350.07
20,200718_SEFL17_trauma_g5,trauma,shock,4,shock02,0,42.47
20,200718_SEFL17_trauma_g5,trauma,shock,4,shock03,0,200.6
20,200718_SEFL17_trauma_g5,trauma,shock,4,shock04,0,305.87
20,200718_SEFL17_trauma_g5,trauma,shock,4,shock05,0,38.4
20,200718_SEFL17_trauma_g5,trauma,shock,4,shock06,0,640.3
20,200718_SEFL17_trauma_g5,trauma,shock,4,shock07,0,358.17
20,200718_SEFL17_trauma_g5,trauma,shock,4,shock08,0,349.73
20,200718_SEFL17_trauma_g5,trauma,shock,4,shock09,0,139.4
20,200718_SEFL17_trauma_g5,trauma,shock,4,shock10,0,23.03
20,200718_SEFL17_trauma_g5,trauma,postshock,4,postshock01,0,149.91
20,200718_SEFL17_trauma_g5,trauma,postshock,4,postshock02,0,199.11
20,200718_SEFL17_trauma_g5,trauma,postshock,4,postshock03,0,235.65
20,200718_SEFL17_trauma_g5,trauma,postshock,4,postshock04,0,259.27
20,200718_SEFL17_trauma_g5,trauma,postshock,4,postshock05,0,281.12
20,200718_SEFL17_trauma_g5,trauma,postshock,4,postshock06,0,157.2
20,200718_SEFL17_trauma_g5,trauma,postshock,4,postshock07,0,195.31
20,200718_SEFL17_trauma_g5,trauma,postshock,4,postshock08,0,246.03
20,200718_SEFL17_trauma_g5,trauma,postshock,4,postshock09,0,222.67
20,200718_SEFL17_trauma_g5,trauma,postshock,4,postshock10,8.78,220.53
21,200719_SEFL17_trauma_g6,trauma,baseline,1,baseline,0.34,185.57
21,200719_SEFL17_trauma_g6,trauma,shock,1,shock01,0,92.17
21,200719_SEFL17_trauma_g6,trauma,shock,1,shock02,0,106.8
21,200719_SEFL17_trauma_g6,trauma,shock,1,shock03,0,68.73
21,200719_SEFL17_trauma_g6,trauma,shock,1,shock04,0,174.93
21,200719_SEFL17_trauma_g6,trauma,shock,1,shock05,0,184.33
21,200719_SEFL17_trauma_g6,trauma,shock,1,shock06,0,323.47
21,200719_SEFL17_trauma_g6,trauma,shock,1,shock07,0,63.13
21,200719_SEFL17_trauma_g6,trauma,shock,1,shock08,0,314.67
21,200719_SEFL17_trauma_g6,trauma,shock,1,shock09,0,35.1
21,200719_SEFL17_trauma_g6,trauma,shock,1,shock10,0,286.47
21,200719_SEFL17_trauma_g6,trauma,postshock,1,postshock01,0,214.72
21,200719_SEFL17_trauma_g6,trauma,postshock,1,postshock02,8.89,117.77
21,200719_SEFL17_trauma_g6,trauma,postshock,1,postshock03,0,90.16
21,200719_SEFL17_trauma_g6,trauma,postshock,1,postshock04,0,141.93
21,200719_SEFL17_trauma_g6,trauma,postshock,1,postshock05,0,242.24
21,200719_SEFL17_trauma_g6,trauma,postshock,1,postshock06,0,153.05
21,200719_SEFL17_trauma_g6,trauma,postshock,1,postshock07,0,167.64
21,200719_SEFL17_trauma_g6,trauma,postshock,1,postshock08,0,202.32
21,200719_SEFL17_trauma_g6,trauma,postshock,1,postshock09,4.44,143.74
21,200719_SEFL17_trauma_g6,trauma,postshock,1,postshock10,0,201.65
22,200719_SEFL17_trauma_g6,trauma,baseline,2,baseline,0,200.23
22,200719_SEFL17_trauma_g6,trauma,shock,2,shock01,0,1468.7
22,200719_SEFL17_trauma_g6,trauma,shock,2,shock02,0,457
22,200719_SEFL17_trauma_g6,trauma,shock,2,shock03,0,916.2
22,200719_SEFL17_trauma_g6,trauma,shock,2,shock04,0,1625.27
22,200719_SEFL17_trauma_g6,trauma,shock,2,shock05,0,1103.4
22,200719_SEFL17_trauma_g6,trauma,shock,2,shock06,0,881
22,200719_SEFL17_trauma_g6,trauma,shock,2,shock07,0,555.03
22,200719_SEFL17_trauma_g6,trauma,shock,2,shock08,0,1185.5
22,200719_SEFL17_trauma_g6,trauma,shock,2,shock09,0,1129.8
22,200719_SEFL17_trauma_g6,trauma,shock,2,shock10,0,1009.57
22,200719_SEFL17_trauma_g6,trauma,postshock,2,postshock01,69,17.81
22,200719_SEFL17_trauma_g6,trauma,postshock,2,postshock02,24.89,83.77
22,200719_SEFL17_trauma_g6,trauma,postshock,2,postshock03,46.67,69.97
22,200719_SEFL17_trauma_g6,trauma,postshock,2,postshock04,56.89,29.74
22,200719_SEFL17_trauma_g6,trauma,postshock,2,postshock05,34.89,40.97
22,200719_SEFL17_trauma_g6,trauma,postshock,2,postshock06,33.89,47.03
22,200719_SEFL17_trauma_g6,trauma,postshock,2,postshock07,44,68.99
22,200719_SEFL17_trauma_g6,trauma,postshock,2,postshock08,0,131.02
22,200719_SEFL17_trauma_g6,trauma,postshock,2,postshock09,46.78,23.03
22,200719_SEFL17_trauma_g6,trauma,postshock,2,postshock10,28.89,26.86
23,200719_SEFL17_trauma_g6,trauma,baseline,3,baseline,0.39,230.31
23,200719_SEFL17_trauma_g6,trauma,shock,3,shock01,0,288.87
23,200719_SEFL17_trauma_g6,trauma,shock,3,shock02,0,176.33
23,200719_SEFL17_trauma_g6,trauma,shock,3,shock03,0,109.5
23,200719_SEFL17_trauma_g6,trauma,shock,3,shock04,0,42.33
23,200719_SEFL17_trauma_g6,trauma,shock,3,shock05,0,301.07
23,200719_SEFL17_trauma_g6,trauma,shock,3,shock06,100,0.17
23,200719_SEFL17_trauma_g6,trauma,shock,3,shock07,0,160.27
23,200719_SEFL17_trauma_g6,trauma,shock,3,shock08,0,24.33
23,200719_SEFL17_trauma_g6,trauma,shock,3,shock09,0,95.23
23,200719_SEFL17_trauma_g6,trauma,shock,3,shock10,100,0
23,200719_SEFL17_trauma_g6,trauma,postshock,3,postshock01,0,279.06
23,200719_SEFL17_trauma_g6,trauma,postshock,3,postshock02,0,192.03
23,200719_SEFL17_trauma_g6,trauma,postshock,3,postshock03,0,193.35
23,200719_SEFL17_trauma_g6,trauma,postshock,3,postshock04,0,318.61
23,200719_SEFL17_trauma_g6,trauma,postshock,3,postshock05,15.89,112.97
23,200719_SEFL17_trauma_g6,trauma,postshock,3,postshock06,10.22,74.87
23,200719_SEFL17_trauma_g6,trauma,postshock,3,postshock07,27.67,65.32
23,200719_SEFL17_trauma_g6,trauma,postshock,3,postshock08,0,114.46
23,200719_SEFL17_trauma_g6,trauma,postshock,3,postshock09,0,213.84
23,200719_SEFL17_trauma_g6,trauma,postshock,3,postshock10,64.44,13.09
24,200719_SEFL17_trauma_g6,trauma,baseline,4,baseline,0,202.91
24,200719_SEFL17_trauma_g6,trauma,shock,4,shock01,0,1048.8
24,200719_SEFL17_trauma_g6,trauma,shock,4,shock02,0,969.67
24,200719_SEFL17_trauma_g6,trauma,shock,4,shock03,0,878.13
24,200719_SEFL17_trauma_g6,trauma,shock,4,shock04,0,1194.7
24,200719_SEFL17_trauma_g6,trauma,shock,4,shock05,0,1009.53
24,200719_SEFL17_trauma_g6,trauma,shock,4,shock06,0,262.17
24,200719_SEFL17_trauma_g6,trauma,shock,4,shock07,0,576.53
24,200719_SEFL17_trauma_g6,trauma,shock,4,shock08,0,387.77
24,200719_SEFL17_trauma_g6,trauma,shock,4,shock09,0,455.33
24,200719_SEFL17_trauma_g6,trauma,shock,4,shock10,0,1370.87
24,200719_SEFL17_trauma_g6,trauma,postshock,4,postshock01,25.56,91.16
24,200719_SEFL17_trauma_g6,trauma,postshock,4,postshock02,55.44,45.48
24,200719_SEFL17_trauma_g6,trauma,postshock,4,postshock03,58.89,22.69
24,200719_SEFL17_trauma_g6,trauma,postshock,4,postshock04,41.89,52.12
24,200719_SEFL17_trauma_g6,trauma,postshock,4,postshock05,34.22,50.8
24,200719_SEFL17_trauma_g6,trauma,postshock,4,postshock06,15.11,70.91
24,200719_SEFL17_trauma_g6,trauma,postshock,4,postshock07,39.33,54.38
24,200719_SEFL17_trauma_g6,trauma,postshock,4,postshock08,81.56,9.22
24,200719_SEFL17_trauma_g6,trauma,postshock,4,postshock09,0,173.71
24,200719_SEFL17_trauma_g6,trauma,postshock,4,postshock10,4.11,95.7
25,200720_SEFL17_trauma_g7,trauma,baseline,1,baseline,0.75,182.23
25,200720_SEFL17_trauma_g7,trauma,shock,1,shock01,0,182.37
25,200720_SEFL17_trauma_g7,trauma,shock,1,shock02,0,27.5
25,200720_SEFL17_trauma_g7,trauma,shock,1,shock03,0,175.3
25,200720_SEFL17_trauma_g7,trauma,shock,1,shock04,0,525.5
25,200720_SEFL17_trauma_g7,trauma,shock,1,shock05,0,262.17
25,200720_SEFL17_trauma_g7,trauma,shock,1,shock06,0,340
25,200720_SEFL17_trauma_g7,trauma,shock,1,shock07,0,124.63
25,200720_SEFL17_trauma_g7,trauma,shock,1,shock08,0,50.87
25,200720_SEFL17_trauma_g7,trauma,shock,1,shock09,0,269.2
25,200720_SEFL17_trauma_g7,trauma,shock,1,shock10,0,121.33
25,200720_SEFL17_trauma_g7,trauma,postshock,1,postshock01,0,155.33
25,200720_SEFL17_trauma_g7,trauma,postshock,1,postshock02,0,192.13
25,200720_SEFL17_trauma_g7,trauma,postshock,1,postshock03,0,157.64
25,200720_SEFL17_trauma_g7,trauma,postshock,1,postshock04,0,164.49
25,200720_SEFL17_trauma_g7,trauma,postshock,1,postshock05,0,249.28
25,200720_SEFL17_trauma_g7,trauma,postshock,1,postshock06,0,176.87
25,200720_SEFL17_trauma_g7,trauma,postshock,1,postshock07,0,244.79
25,200720_SEFL17_trauma_g7,trauma,postshock,1,postshock08,0,242.52
25,200720_SEFL17_trauma_g7,trauma,postshock,1,postshock09,0,207.3
25,200720_SEFL17_trauma_g7,trauma,postshock,1,postshock10,3.89,76.76
26,200720_SEFL17_trauma_g7,trauma,baseline,2,baseline,0,237.12
26,200720_SEFL17_trauma_g7,trauma,shock,2,shock01,0,1406.2
26,200720_SEFL17_trauma_g7,trauma,shock,2,shock02,0,878.47
26,200720_SEFL17_trauma_g7,trauma,shock,2,shock03,0,801.6
26,200720_SEFL17_trauma_g7,trauma,shock,2,shock04,0,673.3
26,200720_SEFL17_trauma_g7,trauma,shock,2,shock05,0,803.37
26,200720_SEFL17_trauma_g7,trauma,shock,2,shock06,0,615.7
26,200720_SEFL17_trauma_g7,trauma,shock,2,shock07,0,773.8
26,200720_SEFL17_trauma_g7,trauma,shock,2,shock08,0,1017.93
26,200720_SEFL17_trauma_g7,trauma,shock,2,shock09,0,855.3
26,200720_SEFL17_trauma_g7,trauma,shock,2,shock10,0,919.83
26,200720_SEFL17_trauma_g7,trauma,postshock,2,postshock01,47.11,37.14
26,200720_SEFL17_trauma_g7,trauma,postshock,2,postshock02,27.22,54.45
26,200720_SEFL17_trauma_g7,trauma,postshock,2,postshock03,4.11,94.24
26,200720_SEFL17_trauma_g7,trauma,postshock,2,postshock04,16.89,83.65
26,200720_SEFL17_trauma_g7,trauma,postshock,2,postshock05,47,92.63
26,200720_SEFL17_trauma_g7,trauma,postshock,2,postshock06,21.56,144.06
26,200720_SEFL17_trauma_g7,trauma,postshock,2,postshock07,12.78,223.79
26,200720_SEFL17_trauma_g7,trauma,postshock,2,postshock08,23,28.57
26,200720_SEFL17_trauma_g7,trauma,postshock,2,postshock09,45.89,72.79
26,200720_SEFL17_trauma_g7,trauma,postshock,2,postshock10,31.67,69.23
27,200720_SEFL17_trauma_g7,trauma,baseline,3,baseline,0.28,284.15
27,200720_SEFL17_trauma_g7,trauma,shock,3,shock01,0,178.43
27,200720_SEFL17_trauma_g7,trauma,shock,3,shock02,0,5.6
27,200720_SEFL17_trauma_g7,trauma,shock,3,shock03,0,161.47
27,200720_SEFL17_trauma_g7,trauma,shock,3,shock04,0,236.7
27,200720_SEFL17_trauma_g7,trauma,shock,3,shock05,0,14.17
27,200720_SEFL17_trauma_g7,trauma,shock,3,shock06,0,91
27,200720_SEFL17_trauma_g7,trauma,shock,3,shock07,0,577.4
27,200720_SEFL17_trauma_g7,trauma,shock,3,shock08,0,222.5
27,200720_SEFL17_trauma_g7,trauma,shock,3,shock09,0,14.03
27,200720_SEFL17_trauma_g7,trauma,shock,3,shock10,0,473.77
27,200720_SEFL17_trauma_g7,trauma,postshock,3,postshock01,0,151
27,200720_SEFL17_trauma_g7,trauma,postshock,3,postshock02,0,271.92
27,200720_SEFL17_trauma_g7,trauma,postshock,3,postshock03,0,153.95
27,200720_SEFL17_trauma_g7,trauma,postshock,3,postshock04,0,72.3
27,200720_SEFL17_trauma_g7,trauma,postshock,3,postshock05,0,248.2
27,200720_SEFL17_trauma_g7,trauma,postshock,3,postshock06,0,150.74
27,200720_SEFL17_trauma_g7,trauma,postshock,3,postshock07,0,158.97
27,200720_SEFL17_trauma_g7,trauma,postshock,3,postshock08,0,204.42
27,200720_SEFL17_trauma_g7,trauma,postshock,3,postshock09,26,42.87
27,200720_SEFL17_trauma_g7,trauma,postshock,3,postshock10,3.78,188.4
28,200720_SEFL17_trauma_g7,trauma,baseline,4,baseline,1.04,212.09
28,200720_SEFL17_trauma_g7,trauma,shock,4,shock01,0,1016.07
28,200720_SEFL17_trauma_g7,trauma,shock,4,shock02,0,979.83
28,200720_SEFL17_trauma_g7,trauma,shock,4,shock03,0,515.07
28,200720_SEFL17_trauma_g7,trauma,shock,4,shock04,0,925.87
28,200720_SEFL17_trauma_g7,trauma,shock,4,shock05,0,600.17
28,200720_SEFL17_trauma_g7,trauma,shock,4,shock06,0,878.07
28,200720_SEFL17_trauma_g7,trauma,shock,4,shock07,0,498.9
28,200720_SEFL17_trauma_g7,trauma,shock,4,shock08,0,556.3
28,200720_SEFL17_trauma_g7,trauma,shock,4,shock09,0,560.8
28,200720_SEFL17_trauma_g7,trauma,shock,4,shock10,0,717.83
28,200720_SEFL17_trauma_g7,trauma,postshock,4,postshock01,13.22,122.31
28,200720_SEFL17_trauma_g7,trauma,postshock,4,postshock02,56,52.86
28,200720_SEFL17_trauma_g7,trauma,postshock,4,postshock03,19.22,102.67
28,200720_SEFL17_trauma_g7,trauma,postshock,4,postshock04,13.44,85.25
28,200720_SEFL17_trauma_g7,trauma,postshock,4,postshock05,55,40.02
28,200720_SEFL17_trauma_g7,trauma,postshock,4,postshock06,66.11,22.94
28,200720_SEFL17_trauma_g7,trauma,postshock,4,postshock07,50.56,43.46
28,200720_SEFL17_trauma_g7,trauma,postshock,4,postshock08,48,43.28
28,200720_SEFL17_trauma_g7,trauma,postshock,4,postshock09,52.78,48.34
28,200720_SEFL17_trauma_g7,trauma,postshock,4,postshock10,33.78,43.06