Animal,test,File,Location_Thresh,Use_Window,Window_Weight,Window_Size,Start_Frame,ROI_coordinates,ROI_location,ROI_transition,bin,range(f),light,dark,Distance_px,Distance_in
1,pre,240318_21H_LD_01_02.avi,99,TRUE,0.5,50,1800,"{'xs': [[3.86861313868613, 131.04379562043795, 132.01459854014598, 2.8978102189781008, 2.8978102189781008, 2.8978102189781008], [2.8978102189781008, 127.16058394160584, 132.01459854014598, 2.8978102189781008]], 'ys': [[4.46581604803496, 3.2387418122271003, 138.83044486899564, 139.4439819868996, 139.4439819868996, 139.4439819868996], [277.48983351528386, 278.7169077510917, 138.83044486899564, 139.4439819868996]]}",dark,FALSE,1,"(0, 3600)",0,1,1417.384256,107.4401669
1,pre,240318_21H_LD_01_02.avi,99,TRUE,0.5,50,1800,"{'xs': [[3.86861313868613, 131.04379562043795, 132.01459854014598, 2.8978102189781008, 2.8978102189781008, 2.8978102189781008], [2.8978102189781008, 127.16058394160584, 132.01459854014598, 2.8978102189781008]], 'ys': [[4.46581604803496, 3.2387418122271003, 138.83044486899564, 139.4439819868996, 139.4439819868996, 139.4439819868996], [277.48983351528386, 278.7169077510917, 138.83044486899564, 139.4439819868996]]}",dark,FALSE,2,"(3600, 7200)",0,1,1613.363807,122.2957542
1,pre,240318_21H_LD_01_02.avi,99,TRUE,0.5,50,1800,"{'xs': [[3.86861313868613, 131.04379562043795, 132.01459854014598, 2.8978102189781008, 2.8978102189781008, 2.8978102189781008], [2.8978102189781008, 127.16058394160584, 132.01459854014598, 2.8978102189781008]], 'ys': [[4.46581604803496, 3.2387418122271003, 138.83044486899564, 139.4439819868996, 139.4439819868996, 139.4439819868996], [277.48983351528386, 278.7169077510917, 138.83044486899564, 139.4439819868996]]}",dark,FALSE,3,"(7200, 10800)",0,1,2322.669134,176.0623191
1,pre,240318_21H_LD_01_02.avi,99,TRUE,0.5,50,1800,"{'xs': [[3.86861313868613, 131.04379562043795, 132.01459854014598, 2.8978102189781008, 2.8978102189781008, 2.8978102189781008], [2.8978102189781008, 127.16058394160584, 132.01459854014598, 2.8978102189781008]], 'ys': [[4.46581604803496, 3.2387418122271003, 138.83044486899564, 139.4439819868996, 139.4439819868996, 139.4439819868996], [277.48983351528386, 278.7169077510917, 138.83044486899564, 139.4439819868996]]}",dark,FALSE,4,"(10800, 14400)",0.049471929,0.953585325,2890.755469,219.1242414
2,pre,240318_21H_LD_01_02.avi,99,TRUE,0.5,50,1800,"{'xs': [[0.9460431654676281, 132.05395683453236, 130.12589928057554, 0.9460431654676281], [1.9100719424460455, 130.12589928057554, 130.12589928057554, 0.9460431654676281, 0.9460431654676281]], 'ys': [[0.16945043103449156, 0.781519396551733, 139.10910560344828, 141.55738146551724], [281.10910560344826, 281.10910560344826, 139.10910560344828, 141.55738146551724, 141.55738146551724]]}",dark,FALSE,1,"(0, 3600)",0.327131352,0.674257151,4540.321028,347.0397484
2,pre,240318_21H_LD_01_02.avi,99,TRUE,0.5,50,1800,"{'xs': [[0.9460431654676281, 132.05395683453236, 130.12589928057554, 0.9460431654676281], [1.9100719424460455, 130.12589928057554, 130.12589928057554, 0.9460431654676281, 0.9460431654676281]], 'ys': [[0.16945043103449156, 0.781519396551733, 139.10910560344828, 141.55738146551724], [281.10910560344826, 281.10910560344826, 139.10910560344828, 141.55738146551724, 141.55738146551724]]}",dark,FALSE,2,"(3600, 7200)",0.145792835,0.855317967,4424.090082,338.1556281
2,pre,240318_21H_LD_01_02.avi,99,TRUE,0.5,50,1800,"{'xs': [[0.9460431654676281, 132.05395683453236, 130.12589928057554, 0.9460431654676281], [1.9100719424460455, 130.12589928057554, 130.12589928057554, 0.9460431654676281, 0.9460431654676281]], 'ys': [[0.16945043103449156, 0.781519396551733, 139.10910560344828, 141.55738146551724], [281.10910560344826, 281.10910560344826, 139.10910560344828, 141.55738146551724, 141.55738146551724]]}",dark,FALSE,3,"(7200, 10800)",0.120522077,0.879477923,2575.085549,196.8268401
2,pre,240318_21H_LD_01_02.avi,99,TRUE,0.5,50,1800,"{'xs': [[0.9460431654676281, 132.05395683453236, 130.12589928057554, 0.9460431654676281], [1.9100719424460455, 130.12589928057554, 130.12589928057554, 0.9460431654676281, 0.9460431654676281]], 'ys': [[0.16945043103449156, 0.781519396551733, 139.10910560344828, 141.55738146551724], [281.10910560344826, 281.10910560344826, 139.10910560344828, 141.55738146551724, 141.55738146551724]]}",dark,FALSE,4,"(10800, 14400)",0.305447471,0.697609783,4691.497164,358.5949067
3,pre,240318_21H_LD_03_04.avi,99,TRUE,0.5,50,1800,"{'xs': [[3.86861313868613, 131.04379562043795, 132.01459854014598, 2.8978102189781008, 2.8978102189781008, 2.8978102189781008], [2.8978102189781008, 127.16058394160584, 132.01459854014598, 2.8978102189781008]], 'ys': [[4.46581604803496, 3.2387418122271003, 138.83044486899564, 139.4439819868996, 139.4439819868996, 139.4439819868996], [277.48983351528386, 278.7169077510917, 138.83044486899564, 139.4439819868996]]}",dark,FALSE,1,"(0, 3600)",0.439600111,0.563732297,3845.203123,291.4730168
3,pre,240318_21H_LD_03_04.avi,99,TRUE,0.5,50,1800,"{'xs': [[3.86861313868613, 131.04379562043795, 132.01459854014598, 2.8978102189781008, 2.8978102189781008, 2.8978102189781008], [2.8978102189781008, 127.16058394160584, 132.01459854014598, 2.8978102189781008]], 'ys': [[4.46581604803496, 3.2387418122271003, 138.83044486899564, 139.4439819868996, 139.4439819868996, 139.4439819868996], [277.48983351528386, 278.7169077510917, 138.83044486899564, 139.4439819868996]]}",dark,FALSE,2,"(3600, 7200)",0.322965843,0.678978062,3637.843111,275.7547709
3,pre,240318_21H_LD_03_04.avi,99,TRUE,0.5,50,1800,"{'xs': [[3.86861313868613, 131.04379562043795, 132.01459854014598, 2.8978102189781008, 2.8978102189781008, 2.8978102189781008], [2.8978102189781008, 127.16058394160584, 132.01459854014598, 2.8978102189781008]], 'ys': [[4.46581604803496, 3.2387418122271003, 138.83044486899564, 139.4439819868996, 139.4439819868996, 139.4439819868996], [277.48983351528386, 278.7169077510917, 138.83044486899564, 139.4439819868996]]}",dark,FALSE,3,"(7200, 10800)",0.409330741,0.592613163,2418.087028,183.2951598
3,pre,240318_21H_LD_03_04.avi,99,TRUE,0.5,50,1800,"{'xs': [[3.86861313868613, 131.04379562043795, 132.01459854014598, 2.8978102189781008, 2.8978102189781008, 2.8978102189781008], [2.8978102189781008, 127.16058394160584, 132.01459854014598, 2.8978102189781008]], 'ys': [[4.46581604803496, 3.2387418122271003, 138.83044486899564, 139.4439819868996, 139.4439819868996, 139.4439819868996], [277.48983351528386, 278.7169077510917, 138.83044486899564, 139.4439819868996]]}",dark,FALSE,4,"(10800, 14400)",0.240488753,0.760622049,2523.223057,191.2646518
4,pre,240318_21H_LD_03_04.avi,99,TRUE,0.5,50,1800,"{'xs': [[0.9460431654676281, 132.05395683453236, 130.12589928057554, 0.9460431654676281], [1.9100719424460455, 130.12589928057554, 130.12589928057554, 0.9460431654676281, 0.9460431654676281]], 'ys': [[0.16945043103449156, 0.781519396551733, 139.10910560344828, 141.55738146551724], [281.10910560344826, 281.10910560344826, 139.10910560344828, 141.55738146551724, 141.55738146551724]]}",dark,FALSE,1,"(0, 3600)",0.474590392,0.527908914,4334.178533,331.2832327
4,pre,240318_21H_LD_03_04.avi,99,TRUE,0.5,50,1800,"{'xs': [[0.9460431654676281, 132.05395683453236, 130.12589928057554, 0.9460431654676281], [1.9100719424460455, 130.12589928057554, 130.12589928057554, 0.9460431654676281, 0.9460431654676281]], 'ys': [[0.16945043103449156, 0.781519396551733, 139.10910560344828, 141.55738146551724], [281.10910560344826, 281.10910560344826, 139.10910560344828, 141.55738146551724, 141.55738146551724]]}",dark,FALSE,2,"(3600, 7200)",0.24798667,0.753124132,3564.781035,272.4742823
4,pre,240318_21H_LD_03_04.avi,99,TRUE,0.5,50,1800,"{'xs': [[0.9460431654676281, 132.05395683453236, 130.12589928057554, 0.9460431654676281], [1.9100719424460455, 130.12589928057554, 130.12589928057554, 0.9460431654676281, 0.9460431654676281]], 'ys': [[0.16945043103449156, 0.781519396551733, 139.10910560344828, 141.55738146551724], [281.10910560344826, 281.10910560344826, 139.10910560344828, 141.55738146551724, 141.55738146551724]]}",dark,FALSE,3,"(7200, 10800)",0.43904471,0.563732297,3289.751465,251.4523783
4,pre,240318_21H_LD_03_04.avi,99,TRUE,0.5,50,1800,"{'xs': [[0.9460431654676281, 132.05395683453236, 130.12589928057554, 0.9460431654676281], [1.9100719424460455, 130.12589928057554, 130.12589928057554, 0.9460431654676281, 0.9460431654676281]], 'ys': [[0.16945043103449156, 0.781519396551733, 139.10910560344828, 141.55738146551724], [281.10910560344826, 281.10910560344826, 139.10910560344828, 141.55738146551724, 141.55738146551724]]}",dark,FALSE,4,"(10800, 14400)",0.11302416,0.88697584,2810.571,214.8261866
5,pre,240318_21H_LD_05_06.avi,99,TRUE,0.5,50,1800,"{'xs': [[7.53103448275862, 135.08275862068967, 134.13793103448276, 1.8620689655172402, 1.8620689655172402, 1.8620689655172402, 1.8620689655172402, 1.8620689655172402], [4.69655172413793, 132.248275862069, 134.13793103448276, 1.8620689655172402, 1.8620689655172402]], 'ys': [[5.6879076086956335, 6.300951086956503, 140.55747282608695, 142.39660326086954, 142.39660326086954, 142.39660326086954, 142.39660326086954, 142.39660326086954], [277.8792119565217, 279.71834239130436, 140.55747282608695, 142.39660326086954, 142.39660326086954]]}",dark,FALSE,1,"(2700, 3600)",0,1,726.4432141,55.27093829
5,pre,240318_21H_LD_05_06.avi,99,TRUE,0.5,50,1800,"{'xs': [[7.53103448275862, 135.08275862068967, 134.13793103448276, 1.8620689655172402, 1.8620689655172402, 1.8620689655172402, 1.8620689655172402, 1.8620689655172402], [4.69655172413793, 132.248275862069, 134.13793103448276, 1.8620689655172402, 1.8620689655172402]], 'ys': [[5.6879076086956335, 6.300951086956503, 140.55747282608695, 142.39660326086954, 142.39660326086954, 142.39660326086954, 142.39660326086954, 142.39660326086954], [277.8792119565217, 279.71834239130436, 140.55747282608695, 142.39660326086954, 142.39660326086954]]}",dark,FALSE,2,"(3600, 7200)",0.396001111,0.605665093,5074.450864,386.0861456
5,pre,240318_21H_LD_05_06.avi,99,TRUE,0.5,50,1800,"{'xs': [[7.53103448275862, 135.08275862068967, 134.13793103448276, 1.8620689655172402, 1.8620689655172402, 1.8620689655172402, 1.8620689655172402, 1.8620689655172402], [4.69655172413793, 132.248275862069, 134.13793103448276, 1.8620689655172402, 1.8620689655172402]], 'ys': [[5.6879076086956335, 6.300951086956503, 140.55747282608695, 142.39660326086954, 142.39660326086954, 142.39660326086954, 142.39660326086954, 142.39660326086954], [277.8792119565217, 279.71834239130436, 140.55747282608695, 142.39660326086954, 142.39660326086954]]}",dark,FALSE,3,"(7200, 10800)",0.523188003,0.479311302,3879.173505,295.1442801
5,pre,240318_21H_LD_05_06.avi,99,TRUE,0.5,50,1800,"{'xs': [[7.53103448275862, 135.08275862068967, 134.13793103448276, 1.8620689655172402, 1.8620689655172402, 1.8620689655172402, 1.8620689655172402, 1.8620689655172402], [4.69655172413793, 132.248275862069, 134.13793103448276, 1.8620689655172402, 1.8620689655172402]], 'ys': [[5.6879076086956335, 6.300951086956503, 140.55747282608695, 142.39660326086954, 142.39660326086954, 142.39660326086954, 142.39660326086954, 142.39660326086954], [277.8792119565217, 279.71834239130436, 140.55747282608695, 142.39660326086954, 142.39660326086954]]}",dark,FALSE,4,"(10800, 14400)",0.226021685,0.774812344,4537.728766,345.2500096
7,pre,240318_21H_LD_07_08.avi,99,TRUE,0.5,50,1800,"{'xs': [[3.86861313868613, 131.04379562043795, 132.01459854014598, 2.8978102189781008, 2.8978102189781008, 2.8978102189781008], [2.8978102189781008, 127.16058394160584, 132.01459854014598, 2.8978102189781008]], 'ys': [[4.46581604803496, 3.2387418122271003, 138.83044486899564, 139.4439819868996, 139.4439819868996, 139.4439819868996], [277.48983351528386, 278.7169077510917, 138.83044486899564, 139.4439819868996]]}",dark,FALSE,1,"(0, 3600)",0.179116912,0.822549292,3108.731913,235.6472312
7,pre,240318_21H_LD_07_08.avi,99,TRUE,0.5,50,1800,"{'xs': [[3.86861313868613, 131.04379562043795, 132.01459854014598, 2.8978102189781008, 2.8978102189781008, 2.8978102189781008], [2.8978102189781008, 127.16058394160584, 132.01459854014598, 2.8978102189781008]], 'ys': [[4.46581604803496, 3.2387418122271003, 138.83044486899564, 139.4439819868996, 139.4439819868996, 139.4439819868996], [277.48983351528386, 278.7169077510917, 138.83044486899564, 139.4439819868996]]}",dark,FALSE,2,"(3600, 7200)",0.131907803,0.868647598,2479.414951,187.943922
7,pre,240318_21H_LD_07_08.avi,99,TRUE,0.5,50,1800,"{'xs': [[3.86861313868613, 131.04379562043795, 132.01459854014598, 2.8978102189781008, 2.8978102189781008, 2.8978102189781008], [2.8978102189781008, 127.16058394160584, 132.01459854014598, 2.8978102189781008]], 'ys': [[4.46581604803496, 3.2387418122271003, 138.83044486899564, 139.4439819868996, 139.4439819868996, 139.4439819868996], [277.48983351528386, 278.7169077510917, 138.83044486899564, 139.4439819868996]]}",dark,FALSE,3,"(7200, 10800)",0.283810053,0.716189947,2952.194392,223.7814176
7,pre,240318_21H_LD_07_08.avi,99,TRUE,0.5,50,1800,"{'xs': [[3.86861313868613, 131.04379562043795, 132.01459854014598, 2.8978102189781008, 2.8978102189781008, 2.8978102189781008], [2.8978102189781008, 127.16058394160584, 132.01459854014598, 2.8978102189781008]], 'ys': [[4.46581604803496, 3.2387418122271003, 138.83044486899564, 139.4439819868996, 139.4439819868996, 139.4439819868996], [277.48983351528386, 278.7169077510917, 138.83044486899564, 139.4439819868996]]}",dark,FALSE,4,"(10800, 14400)",0.222777778,0.780555556,2887.80095,218.9002838
8,pre,240318_21H_LD_07_08.avi,99,TRUE,0.5,50,1800,"{'xs': [[0.9460431654676281, 132.05395683453236, 130.12589928057554, 0.9460431654676281], [1.9100719424460455, 130.12589928057554, 130.12589928057554, 0.9460431654676281, 0.9460431654676281]], 'ys': [[0.16945043103449156, 0.781519396551733, 139.10910560344828, 141.55738146551724], [281.10910560344826, 281.10910560344826, 139.10910560344828, 141.55738146551724, 141.55738146551724]]}",dark,FALSE,1,"(0, 3600)",0.279366843,0.726742572,4783.676178,365.640616
8,pre,240318_21H_LD_07_08.avi,99,TRUE,0.5,50,1800,"{'xs': [[0.9460431654676281, 132.05395683453236, 130.12589928057554, 0.9460431654676281], [1.9100719424460455, 130.12589928057554, 130.12589928057554, 0.9460431654676281, 0.9460431654676281]], 'ys': [[0.16945043103449156, 0.781519396551733, 139.10910560344828, 141.55738146551724], [281.10910560344826, 281.10910560344826, 139.10910560344828, 141.55738146551724, 141.55738146551724]]}",dark,FALSE,2,"(3600, 7200)",0.265481811,0.735628992,3947.084549,301.6956775
8,pre,240318_21H_LD_07_08.avi,99,TRUE,0.5,50,1800,"{'xs': [[0.9460431654676281, 132.05395683453236, 130.12589928057554, 0.9460431654676281], [1.9100719424460455, 130.12589928057554, 130.12589928057554, 0.9460431654676281, 0.9460431654676281]], 'ys': [[0.16945043103449156, 0.781519396551733, 139.10910560344828, 141.55738146551724], [281.10910560344826, 281.10910560344826, 139.10910560344828, 141.55738146551724, 141.55738146551724]]}",dark,FALSE,3,"(7200, 10800)",0.241321855,0.762288253,3639.312861,278.1711275
8,pre,240318_21H_LD_07_08.avi,99,TRUE,0.5,50,1800,"{'xs': [[0.9460431654676281, 132.05395683453236, 130.12589928057554, 0.9460431654676281], [1.9100719424460455, 130.12589928057554, 130.12589928057554, 0.9460431654676281, 0.9460431654676281]], 'ys': [[0.16945043103449156, 0.781519396551733, 139.10910560344828, 141.55738146551724], [281.10910560344826, 281.10910560344826, 139.10910560344828, 141.55738146551724, 141.55738146551724]]}",dark,FALSE,4,"(10800, 14400)",0.135,0.865833333,3193.388795,244.086891
9,pre,240318_21H_LD_09_10.avi,99,TRUE,0.5,50,1800,"{'xs': [[3.86861313868613, 131.04379562043795, 132.01459854014598, 2.8978102189781008, 2.8978102189781008, 2.8978102189781008], [2.8978102189781008, 127.16058394160584, 132.01459854014598, 2.8978102189781008]], 'ys': [[4.46581604803496, 3.2387418122271003, 138.83044486899564, 139.4439819868996, 139.4439819868996, 139.4439819868996], [277.48983351528386, 278.7169077510917, 138.83044486899564, 139.4439819868996]]}",dark,FALSE,1,"(0, 3600)",0.340183282,0.660649819,3699.874197,280.456834
9,pre,240318_21H_LD_09_10.avi,99,TRUE,0.5,50,1800,"{'xs': [[3.86861313868613, 131.04379562043795, 132.01459854014598, 2.8978102189781008, 2.8978102189781008, 2.8978102189781008], [2.8978102189781008, 127.16058394160584, 132.01459854014598, 2.8978102189781008]], 'ys': [[4.46581604803496, 3.2387418122271003, 138.83044486899564, 139.4439819868996, 139.4439819868996, 139.4439819868996], [277.48983351528386, 278.7169077510917, 138.83044486899564, 139.4439819868996]]}",dark,FALSE,2,"(3600, 7200)",0.019439045,0.980560955,3818.389451,289.4404943
9,pre,240318_21H_LD_09_10.avi,99,TRUE,0.5,50,1800,"{'xs': [[3.86861313868613, 131.04379562043795, 132.01459854014598, 2.8978102189781008, 2.8978102189781008, 2.8978102189781008], [2.8978102189781008, 127.16058394160584, 132.01459854014598, 2.8978102189781008]], 'ys': [[4.46581604803496, 3.2387418122271003, 138.83044486899564, 139.4439819868996, 139.4439819868996, 139.4439819868996], [277.48983351528386, 278.7169077510917, 138.83044486899564, 139.4439819868996]]}",dark,FALSE,3,"(7200, 10800)",0.458206054,0.54346015,3287.353464,249.1870522
9,pre,240318_21H_LD_09_10.avi,99,TRUE,0.5,50,1800,"{'xs': [[3.86861313868613, 131.04379562043795, 132.01459854014598, 2.8978102189781008, 2.8978102189781008, 2.8978102189781008], [2.8978102189781008, 127.16058394160584, 132.01459854014598, 2.8978102189781008]], 'ys': [[4.46581604803496, 3.2387418122271003, 138.83044486899564, 139.4439819868996, 139.4439819868996, 139.4439819868996], [277.48983351528386, 278.7169077510917, 138.83044486899564, 139.4439819868996]]}",dark,FALSE,4,"(10800, 14400)",0.095688456,0.904867872,3402.949908,257.9494617
10,pre,240318_21H_LD_09_10.avi,99,TRUE,0.5,50,1800,"{'xs': [[0.9460431654676281, 132.05395683453236, 130.12589928057554, 0.9460431654676281], [1.9100719424460455, 130.12589928057554, 130.12589928057554, 0.9460431654676281, 0.9460431654676281]], 'ys': [[0.16945043103449156, 0.781519396551733, 139.10910560344828, 141.55738146551724], [281.10910560344826, 281.10910560344826, 139.10910560344828, 141.55738146551724, 141.55738146551724]]}",dark,FALSE,1,"(0, 3600)",0.228825326,0.772007776,3819.244334,291.9242019
10,pre,240318_21H_LD_09_10.avi,99,TRUE,0.5,50,1800,"{'xs': [[0.9460431654676281, 132.05395683453236, 130.12589928057554, 0.9460431654676281], [1.9100719424460455, 130.12589928057554, 130.12589928057554, 0.9460431654676281, 0.9460431654676281]], 'ys': [[0.16945043103449156, 0.781519396551733, 139.10910560344828, 141.55738146551724], [281.10910560344826, 281.10910560344826, 139.10910560344828, 141.55738146551724, 141.55738146551724]]}",dark,FALSE,2,"(3600, 7200)",0.24770897,0.753124132,3472.571938,265.4262736
10,pre,240318_21H_LD_09_10.avi,99,TRUE,0.5,50,1800,"{'xs': [[0.9460431654676281, 132.05395683453236, 130.12589928057554, 0.9460431654676281], [1.9100719424460455, 130.12589928057554, 130.12589928057554, 0.9460431654676281, 0.9460431654676281]], 'ys': [[0.16945043103449156, 0.781519396551733, 139.10910560344828, 141.55738146551724], [281.10910560344826, 281.10910560344826, 139.10910560344828, 141.55738146551724, 141.55738146551724]]}",dark,FALSE,3,"(7200, 10800)",0.2610386,0.739516801,3530.193802,269.8306048
10,pre,240318_21H_LD_09_10.avi,99,TRUE,0.5,50,1800,"{'xs': [[0.9460431654676281, 132.05395683453236, 130.12589928057554, 0.9460431654676281], [1.9100719424460455, 130.12589928057554, 130.12589928057554, 0.9460431654676281, 0.9460431654676281]], 'ys': [[0.16945043103449156, 0.781519396551733, 139.10910560344828, 141.55738146551724], [281.10910560344826, 281.10910560344826, 139.10910560344828, 141.55738146551724, 141.55738146551724]]}",dark,FALSE,4,"(10800, 14400)",0.485952712,0.514047288,3572.12318,273.0354796
11,pre,240318_21H_LD_11_12.avi,99,TRUE,0.5,50,1800,"{'xs': [[3.86861313868613, 131.04379562043795, 132.01459854014598, 2.8978102189781008, 2.8978102189781008, 2.8978102189781008], [2.8978102189781008, 127.16058394160584, 132.01459854014598, 2.8978102189781008]], 'ys': [[4.46581604803496, 3.2387418122271003, 138.83044486899564, 139.4439819868996, 139.4439819868996, 139.4439819868996], [277.48983351528386, 278.7169077510917, 138.83044486899564, 139.4439819868996]]}",dark,FALSE,1,"(0, 3600)",0.133851708,0.867814496,2887.898203,218.9076557
11,pre,240318_21H_LD_11_12.avi,99,TRUE,0.5,50,1800,"{'xs': [[3.86861313868613, 131.04379562043795, 132.01459854014598, 2.8978102189781008, 2.8978102189781008, 2.8978102189781008], [2.8978102189781008, 127.16058394160584, 132.01459854014598, 2.8978102189781008]], 'ys': [[4.46581604803496, 3.2387418122271003, 138.83044486899564, 139.4439819868996, 139.4439819868996, 139.4439819868996], [277.48983351528386, 278.7169077510917, 138.83044486899564, 139.4439819868996]]}",dark,FALSE,2,"(3600, 7200)",0.277145237,0.723410164,3915.948568,296.8356433
11,pre,240318_21H_LD_11_12.avi,99,TRUE,0.5,50,1800,"{'xs': [[3.86861313868613, 131.04379562043795, 132.01459854014598, 2.8978102189781008, 2.8978102189781008, 2.8978102189781008], [2.8978102189781008, 127.16058394160584, 132.01459854014598, 2.8978102189781008]], 'ys': [[4.46581604803496, 3.2387418122271003, 138.83044486899564, 139.4439819868996, 139.4439819868996, 139.4439819868996], [277.48983351528386, 278.7169077510917, 138.83044486899564, 139.4439819868996]]}",dark,FALSE,3,"(7200, 10800)",0.260483199,0.739516801,2995.061296,227.0308027
11,pre,240318_21H_LD_11_12.avi,99,TRUE,0.5,50,1800,"{'xs': [[3.86861313868613, 131.04379562043795, 132.01459854014598, 2.8978102189781008, 2.8978102189781008, 2.8978102189781008], [2.8978102189781008, 127.16058394160584, 132.01459854014598, 2.8978102189781008]], 'ys': [[4.46581604803496, 3.2387418122271003, 138.83044486899564, 139.4439819868996, 139.4439819868996, 139.4439819868996], [277.48983351528386, 278.7169077510917, 138.83044486899564, 139.4439819868996]]}",dark,FALSE,4,"(10800, 14400)",0.475792988,0.525598219,4213.398857,319.3828873
12,pre,240318_21H_LD_11_12.avi,99,TRUE,0.5,50,1800,"{'xs': [[0.9460431654676281, 132.05395683453236, 130.12589928057554, 0.9460431654676281], [1.9100719424460455, 130.12589928057554, 130.12589928057554, 0.9460431654676281, 0.9460431654676281]], 'ys': [[0.16945043103449156, 0.781519396551733, 139.10910560344828, 141.55738146551724], [281.10910560344826, 281.10910560344826, 139.10910560344828, 141.55738146551724, 141.55738146551724]]}",dark,FALSE,1,"(0, 3600)",0.282976951,0.720077756,3589.944234,274.3976331
12,pre,240318_21H_LD_11_12.avi,99,TRUE,0.5,50,1800,"{'xs': [[0.9460431654676281, 132.05395683453236, 130.12589928057554, 0.9460431654676281], [1.9100719424460455, 130.12589928057554, 130.12589928057554, 0.9460431654676281, 0.9460431654676281]], 'ys': [[0.16945043103449156, 0.781519396551733, 139.10910560344828, 141.55738146551724], [281.10910560344826, 281.10910560344826, 139.10910560344828, 141.55738146551724, 141.55738146551724]]}",dark,FALSE,2,"(3600, 7200)",0.259927798,0.744793113,2747.493482,210.0048523
12,pre,240318_21H_LD_11_12.avi,99,TRUE,0.5,50,1800,"{'xs': [[0.9460431654676281, 132.05395683453236, 130.12589928057554, 0.9460431654676281], [1.9100719424460455, 130.12589928057554, 130.12589928057554, 0.9460431654676281, 0.9460431654676281]], 'ys': [[0.16945043103449156, 0.781519396551733, 139.10910560344828, 141.55738146551724], [281.10910560344826, 281.10910560344826, 139.10910560344828, 141.55738146551724, 141.55738146551724]]}",dark,FALSE,3,"(7200, 10800)",0.253262983,0.748125521,2902.544079,221.8561553
12,pre,240318_21H_LD_11_12.avi,99,TRUE,0.5,50,1800,"{'xs': [[0.9460431654676281, 132.05395683453236, 130.12589928057554, 0.9460431654676281], [1.9100719424460455, 130.12589928057554, 130.12589928057554, 0.9460431654676281, 0.9460431654676281]], 'ys': [[0.16945043103449156, 0.781519396551733, 139.10910560344828, 141.55738146551724], [281.10910560344826, 281.10910560344826, 139.10910560344828, 141.55738146551724, 141.55738146551724]]}",dark,FALSE,4,"(10800, 14400)",0.321925431,0.683082916,2887.023522,220.6698404
13,pre,240318_21H_LD_13_14.avi,99,TRUE,0.5,50,1800,"{'xs': [[3.86861313868613, 131.04379562043795, 132.01459854014598, 2.8978102189781008, 2.8978102189781008, 2.8978102189781008], [2.8978102189781008, 127.16058394160584, 132.01459854014598, 2.8978102189781008]], 'ys': [[4.46581604803496, 3.2387418122271003, 138.83044486899564, 139.4439819868996, 139.4439819868996, 139.4439819868996], [277.48983351528386, 278.7169077510917, 138.83044486899564, 139.4439819868996]]}",dark,FALSE,1,"(0, 3600)",0.22160511,0.784504304,2677.035622,202.9239091
13,pre,240318_21H_LD_13_14.avi,99,TRUE,0.5,50,1800,"{'xs': [[3.86861313868613, 131.04379562043795, 132.01459854014598, 2.8978102189781008, 2.8978102189781008, 2.8978102189781008], [2.8978102189781008, 127.16058394160584, 132.01459854014598, 2.8978102189781008]], 'ys': [[4.46581604803496, 3.2387418122271003, 138.83044486899564, 139.4439819868996, 139.4439819868996, 139.4439819868996], [277.48983351528386, 278.7169077510917, 138.83044486899564, 139.4439819868996]]}",dark,FALSE,2,"(3600, 7200)",0.229936129,0.771730075,2864.954786,217.1685052
13,pre,240318_21H_LD_13_14.avi,99,TRUE,0.5,50,1800,"{'xs': [[3.86861313868613, 131.04379562043795, 132.01459854014598, 2.8978102189781008, 2.8978102189781008, 2.8978102189781008], [2.8978102189781008, 127.16058394160584, 132.01459854014598, 2.8978102189781008]], 'ys': [[4.46581604803496, 3.2387418122271003, 138.83044486899564, 139.4439819868996, 139.4439819868996, 139.4439819868996], [277.48983351528386, 278.7169077510917, 138.83044486899564, 139.4439819868996]]}",dark,FALSE,3,"(7200, 10800)",0.221327409,0.780061094,2662.355876,201.811159
13,pre,240318_21H_LD_13_14.avi,99,TRUE,0.5,50,1800,"{'xs': [[3.86861313868613, 131.04379562043795, 132.01459854014598, 2.8978102189781008, 2.8978102189781008, 2.8978102189781008], [2.8978102189781008, 127.16058394160584, 132.01459854014598, 2.8978102189781008]], 'ys': [[4.46581604803496, 3.2387418122271003, 138.83044486899564, 139.4439819868996, 139.4439819868996, 139.4439819868996], [277.48983351528386, 278.7169077510917, 138.83044486899564, 139.4439819868996]]}",dark,FALSE,4,"(10800, 14400)",0.06835232,0.93442623,2421.531784,183.5562782
14,pre,240318_21H_LD_13_14.avi,99,TRUE,0.5,50,1800,"{'xs': [[0.9460431654676281, 132.05395683453236, 130.12589928057554, 0.9460431654676281], [1.9100719424460455, 130.12589928057554, 130.12589928057554, 0.9460431654676281, 0.9460431654676281]], 'ys': [[0.16945043103449156, 0.781519396551733, 139.10910560344828, 141.55738146551724], [281.10910560344826, 281.10910560344826, 139.10910560344828, 141.55738146551724, 141.55738146551724]]}",dark,FALSE,1,"(0, 3600)",0.167453485,0.833101916,3304.635793,252.5900629
14,pre,240318_21H_LD_13_14.avi,99,TRUE,0.5,50,1800,"{'xs': [[0.9460431654676281, 132.05395683453236, 130.12589928057554, 0.9460431654676281], [1.9100719424460455, 130.12589928057554, 130.12589928057554, 0.9460431654676281, 0.9460431654676281]], 'ys': [[0.16945043103449156, 0.781519396551733, 139.10910560344828, 141.55738146551724], [281.10910560344826, 281.10910560344826, 139.10910560344828, 141.55738146551724, 141.55738146551724]]}",dark,FALSE,2,"(3600, 7200)",0.385448487,0.61732852,4366.13403,333.7257533
14,pre,240318_21H_LD_13_14.avi,99,TRUE,0.5,50,1800,"{'xs': [[0.9460431654676281, 132.05395683453236, 130.12589928057554, 0.9460431654676281], [1.9100719424460455, 130.12589928057554, 130.12589928057554, 0.9460431654676281, 0.9460431654676281]], 'ys': [[0.16945043103449156, 0.781519396551733, 139.10910560344828, 141.55738146551724], [281.10910560344826, 281.10910560344826, 139.10910560344828, 141.55738146551724, 141.55738146551724]]}",dark,FALSE,3,"(7200, 10800)",0.234379339,0.767564565,3445.522356,263.358737
14,pre,240318_21H_LD_13_14.avi,99,TRUE,0.5,50,1800,"{'xs': [[0.9460431654676281, 132.05395683453236, 130.12589928057554, 0.9460431654676281], [1.9100719424460455, 130.12589928057554, 130.12589928057554, 0.9460431654676281, 0.9460431654676281]], 'ys': [[0.16945043103449156, 0.781519396551733, 139.10910560344828, 141.55738146551724], [281.10910560344826, 281.10910560344826, 139.10910560344828, 141.55738146551724, 141.55738146551724]]}",dark,FALSE,4,"(10800, 14400)",0.277021395,0.72492359,4068.021204,310.939479
15,pre,240318_21H_LD_15_16.avi,99,TRUE,0.5,50,1800,"{'xs': [[3.86861313868613, 131.04379562043795, 132.01459854014598, 2.8978102189781008, 2.8978102189781008, 2.8978102189781008], [2.8978102189781008, 127.16058394160584, 132.01459854014598, 2.8978102189781008]], 'ys': [[4.46581604803496, 3.2387418122271003, 138.83044486899564, 139.4439819868996, 139.4439819868996, 139.4439819868996], [277.48983351528386, 278.7169077510917, 138.83044486899564, 139.4439819868996]]}",dark,FALSE,1,"(0, 3600)",0.198833657,0.803387948,2884.38938,218.6416809
15,pre,240318_21H_LD_15_16.avi,99,TRUE,0.5,50,1800,"{'xs': [[3.86861313868613, 131.04379562043795, 132.01459854014598, 2.8978102189781008, 2.8978102189781008, 2.8978102189781008], [2.8978102189781008, 127.16058394160584, 132.01459854014598, 2.8978102189781008]], 'ys': [[4.46581604803496, 3.2387418122271003, 138.83044486899564, 139.4439819868996, 139.4439819868996, 139.4439819868996], [277.48983351528386, 278.7169077510917, 138.83044486899564, 139.4439819868996]]}",dark,FALSE,2,"(3600, 7200)",0.330186059,0.670647042,3092.253746,234.3981577
15,pre,240318_21H_LD_15_16.avi,99,TRUE,0.5,50,1800,"{'xs': [[3.86861313868613, 131.04379562043795, 132.01459854014598, 2.8978102189781008, 2.8978102189781008, 2.8978102189781008], [2.8978102189781008, 127.16058394160584, 132.01459854014598, 2.8978102189781008]], 'ys': [[4.46581604803496, 3.2387418122271003, 138.83044486899564, 139.4439819868996, 139.4439819868996, 139.4439819868996], [277.48983351528386, 278.7169077510917, 138.83044486899564, 139.4439819868996]]}",dark,FALSE,3,"(7200, 10800)",0.232435435,0.768119967,2462.536626,186.6645159
15,pre,240318_21H_LD_15_16.avi,99,TRUE,0.5,50,1800,"{'xs': [[3.86861313868613, 131.04379562043795, 132.01459854014598, 2.8978102189781008, 2.8978102189781008, 2.8978102189781008], [2.8978102189781008, 127.16058394160584, 132.01459854014598, 2.8978102189781008]], 'ys': [[4.46581604803496, 3.2387418122271003, 138.83044486899564, 139.4439819868996, 139.4439819868996, 139.4439819868996], [277.48983351528386, 278.7169077510917, 138.83044486899564, 139.4439819868996]]}",dark,FALSE,4,"(10800, 14400)",0.329349639,0.67426348,2621.038562,198.6792355
16,pre,240318_21H_LD_15_16.avi,99,TRUE,0.5,50,1800,"{'xs': [[0.9460431654676281, 132.05395683453236, 130.12589928057554, 0.9460431654676281], [1.9100719424460455, 130.12589928057554, 130.12589928057554, 0.9460431654676281, 0.9460431654676281]], 'ys': [[0.16945043103449156, 0.781519396551733, 139.10910560344828, 141.55738146551724], [281.10910560344826, 281.10910560344826, 139.10910560344828, 141.55738146551724, 141.55738146551724]]}",dark,FALSE,1,"(0, 3600)",0.177450708,0.824215496,3173.833501,242.5921808
16,pre,240318_21H_LD_15_16.avi,99,TRUE,0.5,50,1800,"{'xs': [[0.9460431654676281, 132.05395683453236, 130.12589928057554, 0.9460431654676281], [1.9100719424460455, 130.12589928057554, 130.12589928057554, 0.9460431654676281, 0.9460431654676281]], 'ys': [[0.16945043103449156, 0.781519396551733, 139.10910560344828, 141.55738146551724], [281.10910560344826, 281.10910560344826, 139.10910560344828, 141.55738146551724, 141.55738146551724]]}",dark,FALSE,2,"(3600, 7200)",0.2174396,0.784782005,5155.308786,394.0463797
16,pre,240318_21H_LD_15_16.avi,99,TRUE,0.5,50,1800,"{'xs': [[0.9460431654676281, 132.05395683453236, 130.12589928057554, 0.9460431654676281], [1.9100719424460455, 130.12589928057554, 130.12589928057554, 0.9460431654676281, 0.9460431654676281]], 'ys': [[0.16945043103449156, 0.781519396551733, 139.10910560344828, 141.55738146551724], [281.10910560344826, 281.10910560344826, 139.10910560344828, 141.55738146551724, 141.55738146551724]]}",dark,FALSE,3,"(7200, 10800)",0,1,2344.335897,179.1894747
16,pre,240318_21H_LD_15_16.avi,99,TRUE,0.5,50,1800,"{'xs': [[0.9460431654676281, 132.05395683453236, 130.12589928057554, 0.9460431654676281], [1.9100719424460455, 130.12589928057554, 130.12589928057554, 0.9460431654676281, 0.9460431654676281]], 'ys': [[0.16945043103449156, 0.781519396551733, 139.10910560344828, 141.55738146551724], [281.10910560344826, 281.10910560344826, 139.10910560344828, 141.55738146551724, 141.55738146551724]]}",dark,FALSE,4,"(10800, 14400)",0.205113952,0.795719844,4601.125424,351.6873365
17,pre,240318_21H_LD_17_18.avi,99,TRUE,0.5,50,1800,"{'xs': [[3.86861313868613, 131.04379562043795, 132.01459854014598, 2.8978102189781008, 2.8978102189781008, 2.8978102189781008], [2.8978102189781008, 127.16058394160584, 132.01459854014598, 2.8978102189781008]], 'ys': [[4.46581604803496, 3.2387418122271003, 138.83044486899564, 139.4439819868996, 139.4439819868996, 139.4439819868996], [277.48983351528386, 278.7169077510917, 138.83044486899564, 139.4439819868996]]}",dark,FALSE,1,"(0, 3600)",0.202166065,0.797833935,3429.110865,259.9325073
17,pre,240318_21H_LD_17_18.avi,99,TRUE,0.5,50,1800,"{'xs': [[3.86861313868613, 131.04379562043795, 132.01459854014598, 2.8978102189781008, 2.8978102189781008, 2.8978102189781008], [2.8978102189781008, 127.16058394160584, 132.01459854014598, 2.8978102189781008]], 'ys': [[4.46581604803496, 3.2387418122271003, 138.83044486899564, 139.4439819868996, 139.4439819868996, 139.4439819868996], [277.48983351528386, 278.7169077510917, 138.83044486899564, 139.4439819868996]]}",dark,FALSE,2,"(3600, 7200)",0.358511525,0.641488475,4370.477985,331.2897557
17,pre,240318_21H_LD_17_18.avi,99,TRUE,0.5,50,1800,"{'xs': [[3.86861313868613, 131.04379562043795, 132.01459854014598, 2.8978102189781008, 2.8978102189781008, 2.8978102189781008], [2.8978102189781008, 127.16058394160584, 132.01459854014598, 2.8978102189781008]], 'ys': [[4.46581604803496, 3.2387418122271003, 138.83044486899564, 139.4439819868996, 139.4439819868996, 139.4439819868996], [277.48983351528386, 278.7169077510917, 138.83044486899564, 139.4439819868996]]}",dark,FALSE,3,"(7200, 10800)",0.268536518,0.733129686,3470.295034,263.0543382
17,pre,240318_21H_LD_17_18.avi,99,TRUE,0.5,50,1800,"{'xs': [[3.86861313868613, 131.04379562043795, 132.01459854014598, 2.8978102189781008, 2.8978102189781008, 2.8978102189781008], [2.8978102189781008, 127.16058394160584, 132.01459854014598, 2.8978102189781008]], 'ys': [[4.46581604803496, 3.2387418122271003, 138.83044486899564, 139.4439819868996, 139.4439819868996, 139.4439819868996], [277.48983351528386, 278.7169077510917, 138.83044486899564, 139.4439819868996]]}",dark,FALSE,4,"(10800, 14400)",0.481368187,0.5189099,3889.332269,294.818082
18,pre,240318_21H_LD_17_18.avi,99,TRUE,0.5,50,1800,"{'xs': [[0.9460431654676281, 132.05395683453236, 130.12589928057554, 0.9460431654676281], [1.9100719424460455, 130.12589928057554, 130.12589928057554, 0.9460431654676281, 0.9460431654676281]], 'ys': [[0.16945043103449156, 0.781519396551733, 139.10910560344828, 141.55738146551724], [281.10910560344826, 281.10910560344826, 139.10910560344828, 141.55738146551724, 141.55738146551724]]}",dark,FALSE,1,"(0, 3600)",0.309636212,0.69119689,3927.553101,300.20279
18,pre,240318_21H_LD_17_18.avi,99,TRUE,0.5,50,1800,"{'xs': [[0.9460431654676281, 132.05395683453236, 130.12589928057554, 0.9460431654676281], [1.9100719424460455, 130.12589928057554, 130.12589928057554, 0.9460431654676281, 0.9460431654676281]], 'ys': [[0.16945043103449156, 0.781519396551733, 139.10910560344828, 141.55738146551724], [281.10910560344826, 281.10910560344826, 139.10910560344828, 141.55738146551724, 141.55738146551724]]}",dark,FALSE,2,"(3600, 7200)",0.379894474,0.625104138,3772.559168,288.3558181
18,pre,240318_21H_LD_17_18.avi,99,TRUE,0.5,50,1800,"{'xs': [[0.9460431654676281, 132.05395683453236, 130.12589928057554, 0.9460431654676281], [1.9100719424460455, 130.12589928057554, 130.12589928057554, 0.9460431654676281, 0.9460431654676281]], 'ys': [[0.16945043103449156, 0.781519396551733, 139.10910560344828, 141.55738146551724], [281.10910560344826, 281.10910560344826, 139.10910560344828, 141.55738146551724, 141.55738146551724]]}",dark,FALSE,3,"(7200, 10800)",0.340183282,0.663426826,3038.892942,232.2779899
18,pre,240318_21H_LD_17_18.avi,99,TRUE,0.5,50,1800,"{'xs': [[0.9460431654676281, 132.05395683453236, 130.12589928057554, 0.9460431654676281], [1.9100719424460455, 130.12589928057554, 130.12589928057554, 0.9460431654676281, 0.9460431654676281]], 'ys': [[0.16945043103449156, 0.781519396551733, 139.10910560344828, 141.55738146551724], [281.10910560344826, 281.10910560344826, 139.10910560344828, 141.55738146551724, 141.55738146551724]]}",dark,FALSE,4,"(10800, 14400)",0.293381535,0.710233593,3223.211809,246.3664152
19,pre,240318_21H_LD_19_20.avi,99,TRUE,0.5,50,1800,"{'xs': [[3.86861313868613, 131.04379562043795, 132.01459854014598, 2.8978102189781008, 2.8978102189781008, 2.8978102189781008], [2.8978102189781008, 127.16058394160584, 132.01459854014598, 2.8978102189781008]], 'ys': [[4.46581604803496, 3.2387418122271003, 138.83044486899564, 139.4439819868996, 139.4439819868996, 139.4439819868996], [277.48983351528386, 278.7169077510917, 138.83044486899564, 139.4439819868996]]}",dark,FALSE,1,"(0, 3600)",0.198000555,0.802554846,2369.036303,179.5770304
19,pre,240318_21H_LD_19_20.avi,99,TRUE,0.5,50,1800,"{'xs': [[3.86861313868613, 131.04379562043795, 132.01459854014598, 2.8978102189781008, 2.8978102189781008, 2.8978102189781008], [2.8978102189781008, 127.16058394160584, 132.01459854014598, 2.8978102189781008]], 'ys': [[4.46581604803496, 3.2387418122271003, 138.83044486899564, 139.4439819868996, 139.4439819868996, 139.4439819868996], [277.48983351528386, 278.7169077510917, 138.83044486899564, 139.4439819868996]]}",dark,FALSE,2,"(3600, 7200)",0.45237434,0.549569564,4250.513178,322.1962168
19,pre,240318_21H_LD_19_20.avi,99,TRUE,0.5,50,1800,"{'xs': [[3.86861313868613, 131.04379562043795, 132.01459854014598, 2.8978102189781008, 2.8978102189781008, 2.8978102189781008], [2.8978102189781008, 127.16058394160584, 132.01459854014598, 2.8978102189781008]], 'ys': [[4.46581604803496, 3.2387418122271003, 138.83044486899564, 139.4439819868996, 139.4439819868996, 139.4439819868996], [277.48983351528386, 278.7169077510917, 138.83044486899564, 139.4439819868996]]}",dark,FALSE,3,"(7200, 10800)",0.187725632,0.817828381,3036.09849,230.1414926
19,pre,240318_21H_LD_19_20.avi,99,TRUE,0.5,50,1800,"{'xs': [[3.86861313868613, 131.04379562043795, 132.01459854014598, 2.8978102189781008, 2.8978102189781008, 2.8978102189781008], [2.8978102189781008, 127.16058394160584, 132.01459854014598, 2.8978102189781008]], 'ys': [[4.46581604803496, 3.2387418122271003, 138.83044486899564, 139.4439819868996, 139.4439819868996, 139.4439819868996], [277.48983351528386, 278.7169077510917, 138.83044486899564, 139.4439819868996]]}",dark,FALSE,4,"(10800, 14400)",0.29766537,0.713451918,3806.608473,288.5474759
20,pre,240318_21H_LD_19_20.avi,99,TRUE,0.5,50,1800,"{'xs': [[0.9460431654676281, 132.05395683453236, 130.12589928057554, 0.9460431654676281], [1.9100719424460455, 130.12589928057554, 130.12589928057554, 0.9460431654676281, 0.9460431654676281]], 'ys': [[0.16945043103449156, 0.781519396551733, 139.10910560344828, 141.55738146551724], [281.10910560344826, 281.10910560344826, 139.10910560344828, 141.55738146551724, 141.55738146551724]]}",dark,FALSE,1,"(0, 3600)",0.146348237,0.855873369,2742.081936,209.5912204
20,pre,240318_21H_LD_19_20.avi,99,TRUE,0.5,50,1800,"{'xs': [[0.9460431654676281, 132.05395683453236, 130.12589928057554, 0.9460431654676281], [1.9100719424460455, 130.12589928057554, 130.12589928057554, 0.9460431654676281, 0.9460431654676281]], 'ys': [[0.16945043103449156, 0.781519396551733, 139.10910560344828, 141.55738146551724], [281.10910560344826, 281.10910560344826, 139.10910560344828, 141.55738146551724, 141.55738146551724]]}",dark,FALSE,2,"(3600, 7200)",0.123576784,0.879477923,2588.961057,197.8874155
20,pre,240318_21H_LD_19_20.avi,99,TRUE,0.5,50,1800,"{'xs': [[0.9460431654676281, 132.05395683453236, 130.12589928057554, 0.9460431654676281], [1.9100719424460455, 130.12589928057554, 130.12589928057554, 0.9460431654676281, 0.9460431654676281]], 'ys': [[0.16945043103449156, 0.781519396551733, 139.10910560344828, 141.55738146551724], [281.10910560344826, 281.10910560344826, 139.10910560344828, 141.55738146551724, 141.55738146551724]]}",dark,FALSE,3,"(7200, 10800)",0.11718967,0.885309636,2123.17854,162.2852969
20,pre,240318_21H_LD_19_20.avi,99,TRUE,0.5,50,1800,"{'xs': [[0.9460431654676281, 132.05395683453236, 130.12589928057554, 0.9460431654676281], [1.9100719424460455, 130.12589928057554, 130.12589928057554, 0.9460431654676281, 0.9460431654676281]], 'ys': [[0.16945043103449156, 0.781519396551733, 139.10910560344828, 141.55738146551724], [281.10910560344826, 281.10910560344826, 139.10910560344828, 141.55738146551724, 141.55738146551724]]}",dark,FALSE,4,"(10800, 14400)",0.267648694,0.734018899,2747.777465,210.0265585
21,pre,240318_21H_LD_21_22.avi,99,TRUE,0.5,50,1800,"{'xs': [[3.86861313868613, 131.04379562043795, 132.01459854014598, 2.8978102189781008, 2.8978102189781008, 2.8978102189781008], [2.8978102189781008, 127.16058394160584, 132.01459854014598, 2.8978102189781008]], 'ys': [[4.46581604803496, 3.2387418122271003, 138.83044486899564, 139.4439819868996, 139.4439819868996, 139.4439819868996], [277.48983351528386, 278.7169077510917, 138.83044486899564, 139.4439819868996]]}",dark,FALSE,1,"(0, 3600)",0.177173007,0.823660094,2903.399333,220.082668
21,pre,240318_21H_LD_21_22.avi,99,TRUE,0.5,50,1800,"{'xs': [[3.86861313868613, 131.04379562043795, 132.01459854014598, 2.8978102189781008, 2.8978102189781008, 2.8978102189781008], [2.8978102189781008, 127.16058394160584, 132.01459854014598, 2.8978102189781008]], 'ys': [[4.46581604803496, 3.2387418122271003, 138.83044486899564, 139.4439819868996, 139.4439819868996, 139.4439819868996], [277.48983351528386, 278.7169077510917, 138.83044486899564, 139.4439819868996]]}",dark,FALSE,2,"(3600, 7200)",0.305193002,0.696195501,4765.839184,361.2588153
21,pre,240318_21H_LD_21_22.avi,99,TRUE,0.5,50,1800,"{'xs': [[3.86861313868613, 131.04379562043795, 132.01459854014598, 2.8978102189781008, 2.8978102189781008, 2.8978102189781008], [2.8978102189781008, 127.16058394160584, 132.01459854014598, 2.8978102189781008]], 'ys': [[4.46581604803496, 3.2387418122271003, 138.83044486899564, 139.4439819868996, 139.4439819868996, 139.4439819868996], [277.48983351528386, 278.7169077510917, 138.83044486899564, 139.4439819868996]]}",dark,FALSE,3,"(7200, 10800)",0.324354346,0.676756457,2682.447099,203.3341083
21,pre,240318_21H_LD_21_22.avi,99,TRUE,0.5,50,1800,"{'xs': [[3.86861313868613, 131.04379562043795, 132.01459854014598, 2.8978102189781008, 2.8978102189781008, 2.8978102189781008], [2.8978102189781008, 127.16058394160584, 132.01459854014598, 2.8978102189781008]], 'ys': [[4.46581604803496, 3.2387418122271003, 138.83044486899564, 139.4439819868996, 139.4439819868996, 139.4439819868996], [277.48983351528386, 278.7169077510917, 138.83044486899564, 139.4439819868996]]}",dark,FALSE,4,"(10800, 14400)",0.297357441,0.703477051,4149.221027,314.5180973
22,pre,240318_21H_LD_21_22.avi,99,TRUE,0.5,50,1800,"{'xs': [[0.9460431654676281, 132.05395683453236, 130.12589928057554, 0.9460431654676281], [1.9100719424460455, 130.12589928057554, 130.12589928057554, 0.9460431654676281, 0.9460431654676281]], 'ys': [[0.16945043103449156, 0.781519396551733, 139.10910560344828, 141.55738146551724], [281.10910560344826, 281.10910560344826, 139.10910560344828, 141.55738146551724, 141.55738146551724]]}",dark,FALSE,1,"(0, 3600)",0.11302416,0.889475146,2841.665528,217.2028991
22,pre,240318_21H_LD_21_22.avi,99,TRUE,0.5,50,1800,"{'xs': [[0.9460431654676281, 132.05395683453236, 130.12589928057554, 0.9460431654676281], [1.9100719424460455, 130.12589928057554, 130.12589928057554, 0.9460431654676281, 0.9460431654676281]], 'ys': [[0.16945043103449156, 0.781519396551733, 139.10910560344828, 141.55738146551724], [281.10910560344826, 281.10910560344826, 139.10910560344828, 141.55738146551724, 141.55738146551724]]}",dark,FALSE,2,"(3600, 7200)",0.161899472,0.840599833,2742.675372,209.6365797
22,pre,240318_21H_LD_21_22.avi,99,TRUE,0.5,50,1800,"{'xs': [[0.9460431654676281, 132.05395683453236, 130.12589928057554, 0.9460431654676281], [1.9100719424460455, 130.12589928057554, 130.12589928057554, 0.9460431654676281, 0.9460431654676281]], 'ys': [[0.16945043103449156, 0.781519396551733, 139.10910560344828, 141.55738146551724], [281.10910560344826, 281.10910560344826, 139.10910560344828, 141.55738146551724, 141.55738146551724]]}",dark,FALSE,3,"(7200, 10800)",0.204109969,0.798667037,2978.039723,227.62667
22,pre,240318_21H_LD_21_22.avi,99,TRUE,0.5,50,1800,"{'xs': [[0.9460431654676281, 132.05395683453236, 130.12589928057554, 0.9460431654676281], [1.9100719424460455, 130.12589928057554, 130.12589928057554, 0.9460431654676281, 0.9460431654676281]], 'ys': [[0.16945043103449156, 0.781519396551733, 139.10910560344828, 141.55738146551724], [281.10910560344826, 281.10910560344826, 139.10910560344828, 141.55738146551724, 141.55738146551724]]}",dark,FALSE,4,"(10800, 14400)",0.457858136,0.542141864,3035.434642,232.0136545
24,pre,240318_21H_LD_24_25.avi,99,TRUE,0.5,50,1800,"{'xs': [[3.86861313868613, 131.04379562043795, 132.01459854014598, 2.8978102189781008, 2.8978102189781008, 2.8978102189781008], [2.8978102189781008, 127.16058394160584, 132.01459854014598, 2.8978102189781008]], 'ys': [[4.46581604803496, 3.2387418122271003, 138.83044486899564, 139.4439819868996, 139.4439819868996, 139.4439819868996], [277.48983351528386, 278.7169077510917, 138.83044486899564, 139.4439819868996]]}",dark,FALSE,1,"(0, 3600)",0.277978339,0.723965565,4035.99947,305.9357084
24,pre,240318_21H_LD_24_25.avi,99,TRUE,0.5,50,1800,"{'xs': [[3.86861313868613, 131.04379562043795, 132.01459854014598, 2.8978102189781008, 2.8978102189781008, 2.8978102189781008], [2.8978102189781008, 127.16058394160584, 132.01459854014598, 2.8978102189781008]], 'ys': [[4.46581604803496, 3.2387418122271003, 138.83044486899564, 139.4439819868996, 139.4439819868996, 139.4439819868996], [277.48983351528386, 278.7169077510917, 138.83044486899564, 139.4439819868996]]}",dark,FALSE,2,"(3600, 7200)",0.400722022,0.60011108,3766.721733,285.5239923
24,pre,240318_21H_LD_24_25.avi,99,TRUE,0.5,50,1800,"{'xs': [[3.86861313868613, 131.04379562043795, 132.01459854014598, 2.8978102189781008, 2.8978102189781008, 2.8978102189781008], [2.8978102189781008, 127.16058394160584, 132.01459854014598, 2.8978102189781008]], 'ys': [[4.46581604803496, 3.2387418122271003, 138.83044486899564, 139.4439819868996, 139.4439819868996, 139.4439819868996], [277.48983351528386, 278.7169077510917, 138.83044486899564, 139.4439819868996]]}",dark,FALSE,3,"(7200, 10800)",0.165787281,0.83476812,2885.432472,218.7207491
24,pre,240318_21H_LD_24_25.avi,99,TRUE,0.5,50,1800,"{'xs': [[3.86861313868613, 131.04379562043795, 132.01459854014598, 2.8978102189781008, 2.8978102189781008, 2.8978102189781008], [2.8978102189781008, 127.16058394160584, 132.01459854014598, 2.8978102189781008]], 'ys': [[4.46581604803496, 3.2387418122271003, 138.83044486899564, 139.4439819868996, 139.4439819868996, 139.4439819868996], [277.48983351528386, 278.7169077510917, 138.83044486899564, 139.4439819868996]]}",dark,FALSE,4,"(10800, 14400)",0.301493378,0.6996337,3327.142847,252.2031559
25,pre,240318_21H_LD_24_25.avi,99,TRUE,0.5,50,1800,"{'xs': [[0.9460431654676281, 132.05395683453236, 130.12589928057554, 0.9460431654676281], [1.9100719424460455, 130.12589928057554, 130.12589928057554, 0.9460431654676281, 0.9460431654676281]], 'ys': [[0.16945043103449156, 0.781519396551733, 139.10910560344828, 141.55738146551724], [281.10910560344826, 281.10910560344826, 139.10910560344828, 141.55738146551724, 141.55738146551724]]}",dark,FALSE,1,"(0, 3600)",0.266314913,0.733962788,3708.62212,283.4687854
25,pre,240318_21H_LD_24_25.avi,99,TRUE,0.5,50,1800,"{'xs': [[0.9460431654676281, 132.05395683453236, 130.12589928057554, 0.9460431654676281], [1.9100719424460455, 130.12589928057554, 130.12589928057554, 0.9460431654676281, 0.9460431654676281]], 'ys': [[0.16945043103449156, 0.781519396551733, 139.10910560344828, 141.55738146551724], [281.10910560344826, 281.10910560344826, 139.10910560344828, 141.55738146551724, 141.55738146551724]]}",dark,FALSE,2,"(3600, 7200)",0.37406276,0.628158845,4338.610892,331.6220203
25,pre,240318_21H_LD_24_25.avi,99,TRUE,0.5,50,1800,"{'xs': [[0.9460431654676281, 132.05395683453236, 130.12589928057554, 0.9460431654676281], [1.9100719424460455, 130.12589928057554, 130.12589928057554, 0.9460431654676281, 0.9460431654676281]], 'ys': [[0.16945043103449156, 0.781519396551733, 139.10910560344828, 141.55738146551724], [281.10910560344826, 281.10910560344826, 139.10910560344828, 141.55738146551724, 141.55738146551724]]}",dark,FALSE,3,"(7200, 10800)",0.180783116,0.820883088,2980.043296,227.7798132
25,pre,240318_21H_LD_24_25.avi,99,TRUE,0.5,50,1800,"{'xs': [[0.9460431654676281, 132.05395683453236, 130.12589928057554, 0.9460431654676281], [1.9100719424460455, 130.12589928057554, 130.12589928057554, 0.9460431654676281, 0.9460431654676281]], 'ys': [[0.16945043103449156, 0.781519396551733, 139.10910560344828, 141.55738146551724], [281.10910560344826, 281.10910560344826, 139.10910560344828, 141.55738146551724, 141.55738146551724]]}",dark,FALSE,4,"(10800, 14400)",0.351648352,0.648915187,4330.954364,331.0367931
26,pre,240318_21H_LD_26_27.avi,99,TRUE,0.5,50,1800,"{'xs': [[3.86861313868613, 131.04379562043795, 132.01459854014598, 2.8978102189781008, 2.8978102189781008, 2.8978102189781008], [2.8978102189781008, 127.16058394160584, 132.01459854014598, 2.8978102189781008]], 'ys': [[4.46581604803496, 3.2387418122271003, 138.83044486899564, 139.4439819868996, 139.4439819868996, 139.4439819868996], [277.48983351528386, 278.7169077510917, 138.83044486899564, 139.4439819868996]]}",dark,FALSE,1,"(0, 3600)",0.254096084,0.746459317,3364.422759,255.0290375
26,pre,240318_21H_LD_26_27.avi,99,TRUE,0.5,50,1800,"{'xs': [[3.86861313868613, 131.04379562043795, 132.01459854014598, 2.8978102189781008, 2.8978102189781008, 2.8978102189781008], [2.8978102189781008, 127.16058394160584, 132.01459854014598, 2.8978102189781008]], 'ys': [[4.46581604803496, 3.2387418122271003, 138.83044486899564, 139.4439819868996, 139.4439819868996, 139.4439819868996], [277.48983351528386, 278.7169077510917, 138.83044486899564, 139.4439819868996]]}",dark,FALSE,2,"(3600, 7200)",0.492918634,0.509858373,4712.395444,357.2076877
26,pre,240318_21H_LD_26_27.avi,99,TRUE,0.5,50,1800,"{'xs': [[3.86861313868613, 131.04379562043795, 132.01459854014598, 2.8978102189781008, 2.8978102189781008, 2.8978102189781008], [2.8978102189781008, 127.16058394160584, 132.01459854014598, 2.8978102189781008]], 'ys': [[4.46581604803496, 3.2387418122271003, 138.83044486899564, 139.4439819868996, 139.4439819868996, 139.4439819868996], [277.48983351528386, 278.7169077510917, 138.83044486899564, 139.4439819868996]]}",dark,FALSE,3,"(7200, 10800)",0.182171619,0.818106082,2922.449781,221.5267248
26,pre,240318_21H_LD_26_27.avi,99,TRUE,0.5,50,1800,"{'xs': [[3.86861313868613, 131.04379562043795, 132.01459854014598, 2.8978102189781008, 2.8978102189781008, 2.8978102189781008], [2.8978102189781008, 127.16058394160584, 132.01459854014598, 2.8978102189781008]], 'ys': [[4.46581604803496, 3.2387418122271003, 138.83044486899564, 139.4439819868996, 139.4439819868996, 139.4439819868996], [277.48983351528386, 278.7169077510917, 138.83044486899564, 139.4439819868996]]}",dark,FALSE,4,"(10800, 14400)",0.177876598,0.823235131,3794.093166,287.5987941
27,pre,240318_21H_LD_26_27.avi,99,TRUE,0.5,50,1800,"{'xs': [[0.9460431654676281, 132.05395683453236, 130.12589928057554, 0.9460431654676281], [1.9100719424460455, 130.12589928057554, 130.12589928057554, 0.9460431654676281, 0.9460431654676281]], 'ys': [[0.16945043103449156, 0.781519396551733, 139.10910560344828, 141.55738146551724], [281.10910560344826, 281.10910560344826, 139.10910560344828, 141.55738146551724, 141.55738146551724]]}",dark,FALSE,1,"(0, 3600)",0.250763677,0.750347126,3587.955165,274.2455985
27,pre,240318_21H_LD_26_27.avi,99,TRUE,0.5,50,1800,"{'xs': [[0.9460431654676281, 132.05395683453236, 130.12589928057554, 0.9460431654676281], [1.9100719424460455, 130.12589928057554, 130.12589928057554, 0.9460431654676281, 0.9460431654676281]], 'ys': [[0.16945043103449156, 0.781519396551733, 139.10910560344828, 141.55738146551724], [281.10910560344826, 281.10910560344826, 139.10910560344828, 141.55738146551724, 141.55738146551724]]}",dark,FALSE,2,"(3600, 7200)",0.199389059,0.801999445,2796.750082,213.7697839
27,pre,240318_21H_LD_26_27.avi,99,TRUE,0.5,50,1800,"{'xs': [[0.9460431654676281, 132.05395683453236, 130.12589928057554, 0.9460431654676281], [1.9100719424460455, 130.12589928057554, 130.12589928057554, 0.9460431654676281, 0.9460431654676281]], 'ys': [[0.16945043103449156, 0.781519396551733, 139.10910560344828, 141.55738146551724], [281.10910560344826, 281.10910560344826, 139.10910560344828, 141.55738146551724, 141.55738146551724]]}",dark,FALSE,3,"(7200, 10800)",0.329908359,0.670924743,3215.659896,245.7891841
27,pre,240318_21H_LD_26_27.avi,99,TRUE,0.5,50,1800,"{'xs': [[0.9460431654676281, 132.05395683453236, 130.12589928057554, 0.9460431654676281], [1.9100719424460455, 130.12589928057554, 130.12589928057554, 0.9460431654676281, 0.9460431654676281]], 'ys': [[0.16945043103449156, 0.781519396551733, 139.10910560344828, 141.55738146551724], [281.10910560344826, 281.10910560344826, 139.10910560344828, 141.55738146551724, 141.55738146551724]]}",dark,FALSE,4,"(10800, 14400)",0.287381879,0.712618121,2714.750375,207.5021306
28,pre,240318_21H_LD_28.avi,99,TRUE,0.5,50,1800,"{'xs': [[3.86861313868613, 131.04379562043795, 132.01459854014598, 2.8978102189781008, 2.8978102189781008, 2.8978102189781008], [2.8978102189781008, 127.16058394160584, 132.01459854014598, 2.8978102189781008]], 'ys': [[4.46581604803496, 3.2387418122271003, 138.83044486899564, 139.4439819868996, 139.4439819868996, 139.4439819868996], [277.48983351528386, 278.7169077510917, 138.83044486899564, 139.4439819868996]]}",dark,FALSE,1,"(0, 3600)",0.186059428,0.815051375,3115.639622,236.1708474
28,pre,240318_21H_LD_28.avi,99,TRUE,0.5,50,1800,"{'xs': [[3.86861313868613, 131.04379562043795, 132.01459854014598, 2.8978102189781008, 2.8978102189781008, 2.8978102189781008], [2.8978102189781008, 127.16058394160584, 132.01459854014598, 2.8978102189781008]], 'ys': [[4.46581604803496, 3.2387418122271003, 138.83044486899564, 139.4439819868996, 139.4439819868996, 139.4439819868996], [277.48983351528386, 278.7169077510917, 138.83044486899564, 139.4439819868996]]}",dark,FALSE,2,"(3600, 7200)",0.254929186,0.746459317,4480.30236,339.6146324
28,pre,240318_21H_LD_28.avi,99,TRUE,0.5,50,1800,"{'xs': [[3.86861313868613, 131.04379562043795, 132.01459854014598, 2.8978102189781008, 2.8978102189781008, 2.8978102189781008], [2.8978102189781008, 127.16058394160584, 132.01459854014598, 2.8978102189781008]], 'ys': [[4.46581604803496, 3.2387418122271003, 138.83044486899564, 139.4439819868996, 139.4439819868996, 139.4439819868996], [277.48983351528386, 278.7169077510917, 138.83044486899564, 139.4439819868996]]}",dark,FALSE,3,"(7200, 10800)",0.162454874,0.83921133,3286.405824,249.1152195
28,pre,240318_21H_LD_28.avi,99,TRUE,0.5,50,1800,"{'xs': [[3.86861313868613, 131.04379562043795, 132.01459854014598, 2.8978102189781008, 2.8978102189781008, 2.8978102189781008], [2.8978102189781008, 127.16058394160584, 132.01459854014598, 2.8978102189781008]], 'ys': [[4.46581604803496, 3.2387418122271003, 138.83044486899564, 139.4439819868996, 139.4439819868996, 139.4439819868996], [277.48983351528386, 278.7169077510917, 138.83044486899564, 139.4439819868996]]}",dark,FALSE,4,"(10800, 14400)",0.246800223,0.754590985,4107.073368,311.3232322
6,pre,240318_21H_LD_05_06.avi,99,TRUE,0.5,50,1800,"{'xs': [[1.9270072992700715, 0.9562043795620424, 131.04379562043795, 129.10218978102188, 129.10218978102188], [3.86861313868613, 129.10218978102188, 131.04379562043795, 0.9562043795620424]], 'ys': [[1.3981304585153098, 143.7387418122271, 141.8981304585153, 2.62520469432317, 2.62520469432317], [278.1033706331878, 278.7169077510917, 141.8981304585153, 143.7387418122271]]}",dark,FALSE,1,"(2700, 3600)",0,1,809.998841,61.22642688
6,pre,240318_21H_LD_05_06.avi,99,TRUE,0.5,50,1800,"{'xs': [[1.9270072992700715, 0.9562043795620424, 131.04379562043795, 129.10218978102188, 129.10218978102188], [3.86861313868613, 129.10218978102188, 131.04379562043795, 0.9562043795620424]], 'ys': [[1.3981304585153098, 143.7387418122271, 141.8981304585153, 2.62520469432317, 2.62520469432317], [278.1033706331878, 278.7169077510917, 141.8981304585153, 143.7387418122271]]}",dark,FALSE,2,"(3600, 7200)",0.408219939,0.593446265,4127.800379,312.01337
6,pre,240318_21H_LD_05_06.avi,99,TRUE,0.5,50,1800,"{'xs': [[1.9270072992700715, 0.9562043795620424, 131.04379562043795, 129.10218978102188, 129.10218978102188], [3.86861313868613, 129.10218978102188, 131.04379562043795, 0.9562043795620424]], 'ys': [[1.3981304585153098, 143.7387418122271, 141.8981304585153, 2.62520469432317, 2.62520469432317], [278.1033706331878, 278.7169077510917, 141.8981304585153, 143.7387418122271]]}",dark,FALSE,3,"(7200, 10800)",0.414884754,0.586226048,3477.565408,262.8632207
6,pre,240318_21H_LD_05_06.avi,99,TRUE,0.5,50,1800,"{'xs': [[1.9270072992700715, 0.9562043795620424, 131.04379562043795, 129.10218978102188, 129.10218978102188], [3.86861313868613, 129.10218978102188, 131.04379562043795, 0.9562043795620424]], 'ys': [[1.3981304585153098, 143.7387418122271, 141.8981304585153, 2.62520469432317, 2.62520469432317], [278.1033706331878, 278.7169077510917, 141.8981304585153, 143.7387418122271]]}",dark,FALSE,4,"(10800, 14400)",0.159855435,0.840422574,2594.038993,196.0789703