Animal,File,phase,subphase,component,freezing,motion
19,240327_SEFL21H_trauma_19_20 Box 1.wmv,trauma,bl,bl,4.987654321,846.0795062
21,240327_SEFL21H_trauma_21_22 Box 1.wmv,trauma,bl,bl,1.962962963,986.328642
24,240327_SEFL21H_trauma_24_25 Box 1.wmv,trauma,bl,bl,4.530864198,804.7933333
26,240327_SEFL21H_trauma_26_27 Box 1.wmv,trauma,bl,bl,7.296296296,748.3344444
28,240327_SEFL21H_trauma_28 Box 1.wmv,trauma,bl,bl,7.234567901,813.1149383
1,240327_SEFL21H_trauma_01_02 Box 1.wmv,trauma,bl,bl,27.95061728,443.9338272
2,240327_SEFL21H_trauma_01_02 Box 2.wmv,trauma,bl,bl,4.777777778,894.0949383
3,240327_SEFL21H_trauma_03_04 Box 1.wmv,trauma,bl,bl,8.407407407,765.1748148
4,240327_SEFL21H_trauma_03_04 Box 2.wmv,trauma,bl,bl,4.975308642,896.7338272
5,240327_SEFL21H_trauma_05_06 Box 1.wmv,trauma,bl,bl,1.62962963,1084.922593
6,240327_SEFL21H_trauma_05_06 Box 2.wmv,trauma,bl,bl,5.543209877,796.042716
7,240327_SEFL21H_trauma_07_08 Box 1.wmv,trauma,bl,bl,4.12345679,955.6511111
8,240327_SEFL21H_trauma_07_08 Box 2.wmv,trauma,bl,bl,2.049382716,1138.486543
9,240327_SEFL21H_trauma_09_10 Box 1.wmv,trauma,bl,bl,6.407407407,895.6735802
10,240327_SEFL21H_trauma_09_10 Box 2.wmv,trauma,bl,bl,2.62962963,977.8058025
11,240327_SEFL21H_trauma_11_12 Box 1.wmv,trauma,bl,bl,6.098765432,877.5940741
12,240327_SEFL21H_trauma_11_12 Box 2.wmv,trauma,bl,bl,6.975308642,898.7859259
13,240327_SEFL21H_trauma_13_14 Box 1.wmv,trauma,bl,bl,8.320987654,722.2414815
14,240327_SEFL21H_trauma_13_14 Box 2.wmv,trauma,bl,bl,6.308641975,798.8792593
15,240327_SEFL21H_trauma_15_16 Box 1.wmv,trauma,bl,bl,4.827160494,796.5341975
16,240327_SEFL21H_trauma_15_16 Box 2.wmv,trauma,bl,bl,5.049382716,915.2453086
17,240327_SEFL21H_trauma_17_18 Box 1.wmv,trauma,bl,bl,4.50617284,878.5990123
18,240327_SEFL21H_trauma_17_18 Box 2.wmv,trauma,bl,bl,3.703703704,893.71
20,240327_SEFL21H_trauma_19_20 Box 2.wmv,trauma,bl,bl,3.617283951,849.4375309
22,240327_SEFL21H_trauma_21_22 Box 2.wmv,trauma,bl,bl,5.222222222,786.4598765
25,240327_SEFL21H_trauma_24_25 Box 2.wmv,trauma,bl,bl,3.802469136,812.7177778
27,240327_SEFL21H_trauma_26_27 Box 2.wmv,trauma,bl,bl,3.851851852,835.3280247
19,240327_SEFL21H_trauma_19_20 Box 1.wmv,trauma,bl,laser,0,1415.845556
21,240327_SEFL21H_trauma_21_22 Box 1.wmv,trauma,bl,laser,6.333333333,1075.283333
24,240327_SEFL21H_trauma_24_25 Box 1.wmv,trauma,bl,laser,3.888888889,1140.442222
26,240327_SEFL21H_trauma_26_27 Box 1.wmv,trauma,bl,laser,0,1405.856667
28,240327_SEFL21H_trauma_28 Box 1.wmv,trauma,bl,laser,0,1210.874444
1,240327_SEFL21H_trauma_01_02 Box 1.wmv,trauma,bl,laser,5.444444444,905.7777778
2,240327_SEFL21H_trauma_01_02 Box 2.wmv,trauma,bl,laser,6.666666667,1413.255556
3,240327_SEFL21H_trauma_03_04 Box 1.wmv,trauma,bl,laser,4.666666667,791.5855556
4,240327_SEFL21H_trauma_03_04 Box 2.wmv,trauma,bl,laser,7.777777778,907.6922222
5,240327_SEFL21H_trauma_05_06 Box 1.wmv,trauma,bl,laser,0,1384.795556
6,240327_SEFL21H_trauma_05_06 Box 2.wmv,trauma,bl,laser,3.222222222,831.2133333
7,240327_SEFL21H_trauma_07_08 Box 1.wmv,trauma,bl,laser,8.444444444,761.5477778
8,240327_SEFL21H_trauma_07_08 Box 2.wmv,trauma,bl,laser,1.666666667,1249.951111
9,240327_SEFL21H_trauma_09_10 Box 1.wmv,trauma,bl,laser,2.777777778,1185.366667
10,240327_SEFL21H_trauma_09_10 Box 2.wmv,trauma,bl,laser,6,1013.945556
11,240327_SEFL21H_trauma_11_12 Box 1.wmv,trauma,bl,laser,6.111111111,1234.836667
12,240327_SEFL21H_trauma_11_12 Box 2.wmv,trauma,bl,laser,0.111111111,1013.955556
13,240327_SEFL21H_trauma_13_14 Box 1.wmv,trauma,bl,laser,13,510.7644444
14,240327_SEFL21H_trauma_13_14 Box 2.wmv,trauma,bl,laser,3.333333333,1008.048889
15,240327_SEFL21H_trauma_15_16 Box 1.wmv,trauma,bl,laser,0,1166.058889
16,240327_SEFL21H_trauma_15_16 Box 2.wmv,trauma,bl,laser,2.555555556,1413.217778
17,240327_SEFL21H_trauma_17_18 Box 1.wmv,trauma,bl,laser,0,999.4344444
18,240327_SEFL21H_trauma_17_18 Box 2.wmv,trauma,bl,laser,7.111111111,774.59
20,240327_SEFL21H_trauma_19_20 Box 2.wmv,trauma,bl,laser,4,609.7255556
22,240327_SEFL21H_trauma_21_22 Box 2.wmv,trauma,bl,laser,0,848.5311111
25,240327_SEFL21H_trauma_24_25 Box 2.wmv,trauma,bl,laser,0,1128.995556
27,240327_SEFL21H_trauma_26_27 Box 2.wmv,trauma,bl,laser,7.777777778,782.2811111
19,240327_SEFL21H_trauma_19_20 Box 1.wmv,trauma,postshock,postshock_1,9.5,699.4533333
21,240327_SEFL21H_trauma_21_22 Box 1.wmv,trauma,postshock,postshock_1,0,923.3166667
24,240327_SEFL21H_trauma_24_25 Box 1.wmv,trauma,postshock,postshock_1,3.833333333,704.4083333
26,240327_SEFL21H_trauma_26_27 Box 1.wmv,trauma,postshock,postshock_1,20,532.4833333
28,240327_SEFL21H_trauma_28 Box 1.wmv,trauma,postshock,postshock_1,0,777.325
1,240327_SEFL21H_trauma_01_02 Box 1.wmv,trauma,postshock,postshock_1,32.33333333,505.925
2,240327_SEFL21H_trauma_01_02 Box 2.wmv,trauma,postshock,postshock_1,2.833333333,1023.525
3,240327_SEFL21H_trauma_03_04 Box 1.wmv,trauma,postshock,postshock_1,25.33333333,502.1466667
4,240327_SEFL21H_trauma_03_04 Box 2.wmv,trauma,postshock,postshock_1,16.83333333,621.6416667
5,240327_SEFL21H_trauma_05_06 Box 1.wmv,trauma,postshock,postshock_1,7.166666667,944.0083333
6,240327_SEFL21H_trauma_05_06 Box 2.wmv,trauma,postshock,postshock_1,7.166666667,460.4016667
7,240327_SEFL21H_trauma_07_08 Box 1.wmv,trauma,postshock,postshock_1,15.16666667,492.0933333
8,240327_SEFL21H_trauma_07_08 Box 2.wmv,trauma,postshock,postshock_1,0,1013.08
9,240327_SEFL21H_trauma_09_10 Box 1.wmv,trauma,postshock,postshock_1,9,553.7433333
10,240327_SEFL21H_trauma_09_10 Box 2.wmv,trauma,postshock,postshock_1,9.166666667,670.96
11,240327_SEFL21H_trauma_11_12 Box 1.wmv,trauma,postshock,postshock_1,3.333333333,1001.171667
12,240327_SEFL21H_trauma_11_12 Box 2.wmv,trauma,postshock,postshock_1,27.16666667,764.8816667
13,240327_SEFL21H_trauma_13_14 Box 1.wmv,trauma,postshock,postshock_1,27.16666667,295.6283333
14,240327_SEFL21H_trauma_13_14 Box 2.wmv,trauma,postshock,postshock_1,0,938.8783333
15,240327_SEFL21H_trauma_15_16 Box 1.wmv,trauma,postshock,postshock_1,33.83333333,388.4383333
16,240327_SEFL21H_trauma_15_16 Box 2.wmv,trauma,postshock,postshock_1,3.166666667,747.23
17,240327_SEFL21H_trauma_17_18 Box 1.wmv,trauma,postshock,postshock_1,7.166666667,785.2416667
18,240327_SEFL21H_trauma_17_18 Box 2.wmv,trauma,postshock,postshock_1,29.66666667,710.355
20,240327_SEFL21H_trauma_19_20 Box 2.wmv,trauma,postshock,postshock_1,0,1156.5
22,240327_SEFL21H_trauma_21_22 Box 2.wmv,trauma,postshock,postshock_1,59.16666667,180.8266667
25,240327_SEFL21H_trauma_24_25 Box 2.wmv,trauma,postshock,postshock_1,11.33333333,643.3416667
27,240327_SEFL21H_trauma_26_27 Box 2.wmv,trauma,postshock,postshock_1,8.333333333,637.295
19,240327_SEFL21H_trauma_19_20 Box 1.wmv,trauma,postshock,postshock_10,55.72390572,236.1464646
21,240327_SEFL21H_trauma_21_22 Box 1.wmv,trauma,postshock,postshock_10,65.32663317,137.5845896
24,240327_SEFL21H_trauma_24_25 Box 1.wmv,trauma,postshock,postshock_10,63.14907873,213.7453936
26,240327_SEFL21H_trauma_26_27 Box 1.wmv,trauma,postshock,postshock_10,84.03361345,105.7361345
28,240327_SEFL21H_trauma_28 Box 1.wmv,trauma,postshock,postshock_10,95.65217391,34.42474916
1,240327_SEFL21H_trauma_01_02 Box 1.wmv,trauma,postshock,postshock_10,100,0.018456376
2,240327_SEFL21H_trauma_01_02 Box 2.wmv,trauma,postshock,postshock_10,51.42378559,199.1139028
3,240327_SEFL21H_trauma_03_04 Box 1.wmv,trauma,postshock,postshock_10,47.81144781,342.6077441
4,240327_SEFL21H_trauma_03_04 Box 2.wmv,trauma,postshock,postshock_10,87.37373737,55.496633
5,240327_SEFL21H_trauma_05_06 Box 1.wmv,trauma,postshock,postshock_10,14.30976431,765.3686869
6,240327_SEFL21H_trauma_05_06 Box 2.wmv,trauma,postshock,postshock_10,80.80808081,80.32996633
7,240327_SEFL21H_trauma_07_08 Box 1.wmv,trauma,postshock,postshock_10,96.81742044,14.45896147
8,240327_SEFL21H_trauma_07_08 Box 2.wmv,trauma,postshock,postshock_10,59.03010033,275.0752508
9,240327_SEFL21H_trauma_09_10 Box 1.wmv,trauma,postshock,postshock_10,21,591.4083333
10,240327_SEFL21H_trauma_09_10 Box 2.wmv,trauma,postshock,postshock_10,96.33333333,31.27833333
11,240327_SEFL21H_trauma_11_12 Box 1.wmv,trauma,postshock,postshock_10,90.4040404,33.65488215
12,240327_SEFL21H_trauma_11_12 Box 2.wmv,trauma,postshock,postshock_10,84.84848485,76.97643098
13,240327_SEFL21H_trauma_13_14 Box 1.wmv,trauma,postshock,postshock_10,84.22818792,42.56040268
14,240327_SEFL21H_trauma_13_14 Box 2.wmv,trauma,postshock,postshock_10,27.18120805,558.5687919
15,240327_SEFL21H_trauma_15_16 Box 1.wmv,trauma,postshock,postshock_10,100,0.510067114
16,240327_SEFL21H_trauma_15_16 Box 2.wmv,trauma,postshock,postshock_10,25.67114094,518.1510067
17,240327_SEFL21H_trauma_17_18 Box 1.wmv,trauma,postshock,postshock_10,52.5083612,225.3394649
18,240327_SEFL21H_trauma_17_18 Box 2.wmv,trauma,postshock,postshock_10,76.38190955,125.0234506
20,240327_SEFL21H_trauma_19_20 Box 2.wmv,trauma,postshock,postshock_10,63.57504216,167.4047218
22,240327_SEFL21H_trauma_21_22 Box 2.wmv,trauma,postshock,postshock_10,48.99328859,382.1375839
25,240327_SEFL21H_trauma_24_25 Box 2.wmv,trauma,postshock,postshock_10,81.23953099,66.28978224
27,240327_SEFL21H_trauma_26_27 Box 2.wmv,trauma,postshock,postshock_10,88.88888889,85.24915825
19,240327_SEFL21H_trauma_19_20 Box 1.wmv,trauma,postshock,postshock_2,17.33333333,517.235
21,240327_SEFL21H_trauma_21_22 Box 1.wmv,trauma,postshock,postshock_2,2.5,763.8116667
24,240327_SEFL21H_trauma_24_25 Box 1.wmv,trauma,postshock,postshock_2,0,799.265
26,240327_SEFL21H_trauma_26_27 Box 1.wmv,trauma,postshock,postshock_2,39.83333333,237.8783333
28,240327_SEFL21H_trauma_28 Box 1.wmv,trauma,postshock,postshock_2,9.666666667,712.7366667
1,240327_SEFL21H_trauma_01_02 Box 1.wmv,trauma,postshock,postshock_2,69.66666667,111.595
2,240327_SEFL21H_trauma_01_02 Box 2.wmv,trauma,postshock,postshock_2,0,896.9783333
3,240327_SEFL21H_trauma_03_04 Box 1.wmv,trauma,postshock,postshock_2,57.5,180.8416667
4,240327_SEFL21H_trauma_03_04 Box 2.wmv,trauma,postshock,postshock_2,50,206.195
5,240327_SEFL21H_trauma_05_06 Box 1.wmv,trauma,postshock,postshock_2,20,492.5133333
6,240327_SEFL21H_trauma_05_06 Box 2.wmv,trauma,postshock,postshock_2,26.5,309.2783333
7,240327_SEFL21H_trauma_07_08 Box 1.wmv,trauma,postshock,postshock_2,28.66666667,359.865
8,240327_SEFL21H_trauma_07_08 Box 2.wmv,trauma,postshock,postshock_2,0,1177.925
9,240327_SEFL21H_trauma_09_10 Box 1.wmv,trauma,postshock,postshock_2,9.333333333,734.52
10,240327_SEFL21H_trauma_09_10 Box 2.wmv,trauma,postshock,postshock_2,31.5,406.1716667
11,240327_SEFL21H_trauma_11_12 Box 1.wmv,trauma,postshock,postshock_2,0,1035.856667
12,240327_SEFL21H_trauma_11_12 Box 2.wmv,trauma,postshock,postshock_2,31.5,382.335
13,240327_SEFL21H_trauma_13_14 Box 1.wmv,trauma,postshock,postshock_2,69,111.7683333
14,240327_SEFL21H_trauma_13_14 Box 2.wmv,trauma,postshock,postshock_2,2.5,636.3333333
15,240327_SEFL21H_trauma_15_16 Box 1.wmv,trauma,postshock,postshock_2,38.66666667,308.4866667
16,240327_SEFL21H_trauma_15_16 Box 2.wmv,trauma,postshock,postshock_2,8.333333333,856.205
17,240327_SEFL21H_trauma_17_18 Box 1.wmv,trauma,postshock,postshock_2,3,519.3583333
18,240327_SEFL21H_trauma_17_18 Box 2.wmv,trauma,postshock,postshock_2,53,339.115
20,240327_SEFL21H_trauma_19_20 Box 2.wmv,trauma,postshock,postshock_2,4,536.06
22,240327_SEFL21H_trauma_21_22 Box 2.wmv,trauma,postshock,postshock_2,59,158.3733333
25,240327_SEFL21H_trauma_24_25 Box 2.wmv,trauma,postshock,postshock_2,29,464.3733333
27,240327_SEFL21H_trauma_26_27 Box 2.wmv,trauma,postshock,postshock_2,56,235.035
19,240327_SEFL21H_trauma_19_20 Box 1.wmv,trauma,postshock,postshock_3,32.5,431.0083333
21,240327_SEFL21H_trauma_21_22 Box 1.wmv,trauma,postshock,postshock_3,2.666666667,674.9283333
24,240327_SEFL21H_trauma_24_25 Box 1.wmv,trauma,postshock,postshock_3,35.5,517.8183333
26,240327_SEFL21H_trauma_26_27 Box 1.wmv,trauma,postshock,postshock_3,58.5,167.6166667
28,240327_SEFL21H_trauma_28 Box 1.wmv,trauma,postshock,postshock_3,24.33333333,467.875
1,240327_SEFL21H_trauma_01_02 Box 1.wmv,trauma,postshock,postshock_3,78.66666667,135.9883333
2,240327_SEFL21H_trauma_01_02 Box 2.wmv,trauma,postshock,postshock_3,0,853.575
3,240327_SEFL21H_trauma_03_04 Box 1.wmv,trauma,postshock,postshock_3,23.66666667,468.6216667
4,240327_SEFL21H_trauma_03_04 Box 2.wmv,trauma,postshock,postshock_3,54,214.9583333
5,240327_SEFL21H_trauma_05_06 Box 1.wmv,trauma,postshock,postshock_3,12.5,713.8866667
6,240327_SEFL21H_trauma_05_06 Box 2.wmv,trauma,postshock,postshock_3,49.5,167.8916667
7,240327_SEFL21H_trauma_07_08 Box 1.wmv,trauma,postshock,postshock_3,63.16666667,177.11
8,240327_SEFL21H_trauma_07_08 Box 2.wmv,trauma,postshock,postshock_3,2.666666667,716.965
9,240327_SEFL21H_trauma_09_10 Box 1.wmv,trauma,postshock,postshock_3,19.33333333,411.76
10,240327_SEFL21H_trauma_09_10 Box 2.wmv,trauma,postshock,postshock_3,50.66666667,270.4716667
11,240327_SEFL21H_trauma_11_12 Box 1.wmv,trauma,postshock,postshock_3,3,724.185
12,240327_SEFL21H_trauma_11_12 Box 2.wmv,trauma,postshock,postshock_3,21.66666667,450.0816667
13,240327_SEFL21H_trauma_13_14 Box 1.wmv,trauma,postshock,postshock_3,68.66666667,177.9466667
14,240327_SEFL21H_trauma_13_14 Box 2.wmv,trauma,postshock,postshock_3,36.66666667,237.3583333
15,240327_SEFL21H_trauma_15_16 Box 1.wmv,trauma,postshock,postshock_3,41.5,311.535
16,240327_SEFL21H_trauma_15_16 Box 2.wmv,trauma,postshock,postshock_3,6,703.8483333
17,240327_SEFL21H_trauma_17_18 Box 1.wmv,trauma,postshock,postshock_3,11.83333333,575.4433333
18,240327_SEFL21H_trauma_17_18 Box 2.wmv,trauma,postshock,postshock_3,54.5,202.2833333
20,240327_SEFL21H_trauma_19_20 Box 2.wmv,trauma,postshock,postshock_3,12.16666667,596.7866667
22,240327_SEFL21H_trauma_21_22 Box 2.wmv,trauma,postshock,postshock_3,54.33333333,221.14
25,240327_SEFL21H_trauma_24_25 Box 2.wmv,trauma,postshock,postshock_3,38.16666667,333.4166667
27,240327_SEFL21H_trauma_26_27 Box 2.wmv,trauma,postshock,postshock_3,54.16666667,190.78
19,240327_SEFL21H_trauma_19_20 Box 1.wmv,trauma,postshock,postshock_4,58.16666667,198.2633333
21,240327_SEFL21H_trauma_21_22 Box 1.wmv,trauma,postshock,postshock_4,32.5,290.4266667
24,240327_SEFL21H_trauma_24_25 Box 1.wmv,trauma,postshock,postshock_4,53.5,229.9666667
26,240327_SEFL21H_trauma_26_27 Box 1.wmv,trauma,postshock,postshock_4,53.33333333,241.6216667
28,240327_SEFL21H_trauma_28 Box 1.wmv,trauma,postshock,postshock_4,23.66666667,638.94
1,240327_SEFL21H_trauma_01_02 Box 1.wmv,trauma,postshock,postshock_4,80.33333333,98.20666667
2,240327_SEFL21H_trauma_01_02 Box 2.wmv,trauma,postshock,postshock_4,0,1098.686667
3,240327_SEFL21H_trauma_03_04 Box 1.wmv,trauma,postshock,postshock_4,50,314.1216667
4,240327_SEFL21H_trauma_03_04 Box 2.wmv,trauma,postshock,postshock_4,55.16666667,299.125
5,240327_SEFL21H_trauma_05_06 Box 1.wmv,trauma,postshock,postshock_4,10.83333333,647.48
6,240327_SEFL21H_trauma_05_06 Box 2.wmv,trauma,postshock,postshock_4,69.33333333,106.9216667
7,240327_SEFL21H_trauma_07_08 Box 1.wmv,trauma,postshock,postshock_4,50.5,356.77
8,240327_SEFL21H_trauma_07_08 Box 2.wmv,trauma,postshock,postshock_4,19,683.715
9,240327_SEFL21H_trauma_09_10 Box 1.wmv,trauma,postshock,postshock_4,47.5,295.6033333
10,240327_SEFL21H_trauma_09_10 Box 2.wmv,trauma,postshock,postshock_4,74.83333333,91.96333333
11,240327_SEFL21H_trauma_11_12 Box 1.wmv,trauma,postshock,postshock_4,39.33333333,305.9133333
12,240327_SEFL21H_trauma_11_12 Box 2.wmv,trauma,postshock,postshock_4,34.66666667,305.7733333
13,240327_SEFL21H_trauma_13_14 Box 1.wmv,trauma,postshock,postshock_4,90,32.61666667
14,240327_SEFL21H_trauma_13_14 Box 2.wmv,trauma,postshock,postshock_4,18.16666667,644.5383333
15,240327_SEFL21H_trauma_15_16 Box 1.wmv,trauma,postshock,postshock_4,62.16666667,192.0716667
16,240327_SEFL21H_trauma_15_16 Box 2.wmv,trauma,postshock,postshock_4,10.16666667,792.4733333
17,240327_SEFL21H_trauma_17_18 Box 1.wmv,trauma,postshock,postshock_4,2.666666667,725.2166667
18,240327_SEFL21H_trauma_17_18 Box 2.wmv,trauma,postshock,postshock_4,93,61.32
20,240327_SEFL21H_trauma_19_20 Box 2.wmv,trauma,postshock,postshock_4,57,163.4616667
22,240327_SEFL21H_trauma_21_22 Box 2.wmv,trauma,postshock,postshock_4,10.16666667,641.9583333
25,240327_SEFL21H_trauma_24_25 Box 2.wmv,trauma,postshock,postshock_4,48.33333333,161.545
27,240327_SEFL21H_trauma_26_27 Box 2.wmv,trauma,postshock,postshock_4,60.5,175.6333333
19,240327_SEFL21H_trauma_19_20 Box 1.wmv,trauma,postshock,postshock_5,4.333333333,697.0433333
21,240327_SEFL21H_trauma_21_22 Box 1.wmv,trauma,postshock,postshock_5,29,499.5816667
24,240327_SEFL21H_trauma_24_25 Box 1.wmv,trauma,postshock,postshock_5,67.83333333,224.2016667
26,240327_SEFL21H_trauma_26_27 Box 1.wmv,trauma,postshock,postshock_5,81.5,81.05666667
28,240327_SEFL21H_trauma_28 Box 1.wmv,trauma,postshock,postshock_5,56.83333333,228.63
1,240327_SEFL21H_trauma_01_02 Box 1.wmv,trauma,postshock,postshock_5,100,1.525
2,240327_SEFL21H_trauma_01_02 Box 2.wmv,trauma,postshock,postshock_5,11.83333333,530.36
3,240327_SEFL21H_trauma_03_04 Box 1.wmv,trauma,postshock,postshock_5,64,171.075
4,240327_SEFL21H_trauma_03_04 Box 2.wmv,trauma,postshock,postshock_5,57.83333333,230.9833333
5,240327_SEFL21H_trauma_05_06 Box 1.wmv,trauma,postshock,postshock_5,26.5,623.6233333
6,240327_SEFL21H_trauma_05_06 Box 2.wmv,trauma,postshock,postshock_5,55.16666667,272.7733333
7,240327_SEFL21H_trauma_07_08 Box 1.wmv,trauma,postshock,postshock_5,60.33333333,201.2566667
8,240327_SEFL21H_trauma_07_08 Box 2.wmv,trauma,postshock,postshock_5,1.5,980.4316667
9,240327_SEFL21H_trauma_09_10 Box 1.wmv,trauma,postshock,postshock_5,19.5,543.1466667
10,240327_SEFL21H_trauma_09_10 Box 2.wmv,trauma,postshock,postshock_5,61.66666667,255.1316667
11,240327_SEFL21H_trauma_11_12 Box 1.wmv,trauma,postshock,postshock_5,2.833333333,783.98
12,240327_SEFL21H_trauma_11_12 Box 2.wmv,trauma,postshock,postshock_5,66.66666667,147.0016667
13,240327_SEFL21H_trauma_13_14 Box 1.wmv,trauma,postshock,postshock_5,66.16666667,182.955
14,240327_SEFL21H_trauma_13_14 Box 2.wmv,trauma,postshock,postshock_5,24.33333333,475.31
15,240327_SEFL21H_trauma_15_16 Box 1.wmv,trauma,postshock,postshock_5,93.83333333,17.17333333
16,240327_SEFL21H_trauma_15_16 Box 2.wmv,trauma,postshock,postshock_5,15.66666667,668.7433333
17,240327_SEFL21H_trauma_17_18 Box 1.wmv,trauma,postshock,postshock_5,27.83333333,436.9316667
18,240327_SEFL21H_trauma_17_18 Box 2.wmv,trauma,postshock,postshock_5,71.33333333,161.8366667
20,240327_SEFL21H_trauma_19_20 Box 2.wmv,trauma,postshock,postshock_5,58,262.5266667
22,240327_SEFL21H_trauma_21_22 Box 2.wmv,trauma,postshock,postshock_5,17.66666667,686.3066667
25,240327_SEFL21H_trauma_24_25 Box 2.wmv,trauma,postshock,postshock_5,52.33333333,321.8616667
27,240327_SEFL21H_trauma_26_27 Box 2.wmv,trauma,postshock,postshock_5,93.16666667,32.44166667
19,240327_SEFL21H_trauma_19_20 Box 1.wmv,trauma,postshock,postshock_6,41.33333333,254.275
21,240327_SEFL21H_trauma_21_22 Box 1.wmv,trauma,postshock,postshock_6,43.66666667,202.7716667
24,240327_SEFL21H_trauma_24_25 Box 1.wmv,trauma,postshock,postshock_6,47.5,271.96
26,240327_SEFL21H_trauma_26_27 Box 1.wmv,trauma,postshock,postshock_6,45.66666667,268.4166667
28,240327_SEFL21H_trauma_28 Box 1.wmv,trauma,postshock,postshock_6,55.83333333,188.1016667
1,240327_SEFL21H_trauma_01_02 Box 1.wmv,trauma,postshock,postshock_6,84.66666667,82.51
2,240327_SEFL21H_trauma_01_02 Box 2.wmv,trauma,postshock,postshock_6,16.83333333,519.8766667
3,240327_SEFL21H_trauma_03_04 Box 1.wmv,trauma,postshock,postshock_6,76.5,97.73666667
4,240327_SEFL21H_trauma_03_04 Box 2.wmv,trauma,postshock,postshock_6,62.83333333,280.5016667
5,240327_SEFL21H_trauma_05_06 Box 1.wmv,trauma,postshock,postshock_6,19.33333333,693.0283333
6,240327_SEFL21H_trauma_05_06 Box 2.wmv,trauma,postshock,postshock_6,73.66666667,116.7816667
7,240327_SEFL21H_trauma_07_08 Box 1.wmv,trauma,postshock,postshock_6,92,88.09166667
8,240327_SEFL21H_trauma_07_08 Box 2.wmv,trauma,postshock,postshock_6,16.5,474.2583333
9,240327_SEFL21H_trauma_09_10 Box 1.wmv,trauma,postshock,postshock_6,21.5,453.3216667
10,240327_SEFL21H_trauma_09_10 Box 2.wmv,trauma,postshock,postshock_6,91.33333333,57.69666667
11,240327_SEFL21H_trauma_11_12 Box 1.wmv,trauma,postshock,postshock_6,76.5,100.865
12,240327_SEFL21H_trauma_11_12 Box 2.wmv,trauma,postshock,postshock_6,49.5,166.9266667
13,240327_SEFL21H_trauma_13_14 Box 1.wmv,trauma,postshock,postshock_6,51.33333333,392.6583333
14,240327_SEFL21H_trauma_13_14 Box 2.wmv,trauma,postshock,postshock_6,26,377.8966667
15,240327_SEFL21H_trauma_15_16 Box 1.wmv,trauma,postshock,postshock_6,98.83333333,15.5
16,240327_SEFL21H_trauma_15_16 Box 2.wmv,trauma,postshock,postshock_6,27.83333333,326.99
17,240327_SEFL21H_trauma_17_18 Box 1.wmv,trauma,postshock,postshock_6,67.33333333,190.5416667
18,240327_SEFL21H_trauma_17_18 Box 2.wmv,trauma,postshock,postshock_6,64.83333333,156.0216667
20,240327_SEFL21H_trauma_19_20 Box 2.wmv,trauma,postshock,postshock_6,61.83333333,130.2516667
22,240327_SEFL21H_trauma_21_22 Box 2.wmv,trauma,postshock,postshock_6,71,136.7566667
25,240327_SEFL21H_trauma_24_25 Box 2.wmv,trauma,postshock,postshock_6,66.16666667,122.2633333
27,240327_SEFL21H_trauma_26_27 Box 2.wmv,trauma,postshock,postshock_6,78.16666667,116.2683333
19,240327_SEFL21H_trauma_19_20 Box 1.wmv,trauma,postshock,postshock_7,19.83333333,611.0116667
21,240327_SEFL21H_trauma_21_22 Box 1.wmv,trauma,postshock,postshock_7,41,237.1383333
24,240327_SEFL21H_trauma_24_25 Box 1.wmv,trauma,postshock,postshock_7,68,190.0133333
26,240327_SEFL21H_trauma_26_27 Box 1.wmv,trauma,postshock,postshock_7,80.33333333,71.95166667
28,240327_SEFL21H_trauma_28 Box 1.wmv,trauma,postshock,postshock_7,61,276.465
1,240327_SEFL21H_trauma_01_02 Box 1.wmv,trauma,postshock,postshock_7,94.5,27.26166667
2,240327_SEFL21H_trauma_01_02 Box 2.wmv,trauma,postshock,postshock_7,29.66666667,477.5366667
3,240327_SEFL21H_trauma_03_04 Box 1.wmv,trauma,postshock,postshock_7,40.83333333,249.925
4,240327_SEFL21H_trauma_03_04 Box 2.wmv,trauma,postshock,postshock_7,61.66666667,233.4583333
5,240327_SEFL21H_trauma_05_06 Box 1.wmv,trauma,postshock,postshock_7,43.33333333,424.0133333
6,240327_SEFL21H_trauma_05_06 Box 2.wmv,trauma,postshock,postshock_7,82.83333333,57.77666667
7,240327_SEFL21H_trauma_07_08 Box 1.wmv,trauma,postshock,postshock_7,88.16666667,50.33333333
8,240327_SEFL21H_trauma_07_08 Box 2.wmv,trauma,postshock,postshock_7,28.5,349.25
9,240327_SEFL21H_trauma_09_10 Box 1.wmv,trauma,postshock,postshock_7,13.5,615.5566667
10,240327_SEFL21H_trauma_09_10 Box 2.wmv,trauma,postshock,postshock_7,79,118.9016667
11,240327_SEFL21H_trauma_11_12 Box 1.wmv,trauma,postshock,postshock_7,30,338.5466667
12,240327_SEFL21H_trauma_11_12 Box 2.wmv,trauma,postshock,postshock_7,81.33333333,82.46
13,240327_SEFL21H_trauma_13_14 Box 1.wmv,trauma,postshock,postshock_7,87.66666667,59.965
14,240327_SEFL21H_trauma_13_14 Box 2.wmv,trauma,postshock,postshock_7,17.33333333,573.8116667
15,240327_SEFL21H_trauma_15_16 Box 1.wmv,trauma,postshock,postshock_7,95.83333333,25.745
16,240327_SEFL21H_trauma_15_16 Box 2.wmv,trauma,postshock,postshock_7,34.16666667,354.665
17,240327_SEFL21H_trauma_17_18 Box 1.wmv,trauma,postshock,postshock_7,23.83333333,410.06
18,240327_SEFL21H_trauma_17_18 Box 2.wmv,trauma,postshock,postshock_7,55.83333333,243.7333333
20,240327_SEFL21H_trauma_19_20 Box 2.wmv,trauma,postshock,postshock_7,52,228.925
22,240327_SEFL21H_trauma_21_22 Box 2.wmv,trauma,postshock,postshock_7,58.83333333,224.9366667
25,240327_SEFL21H_trauma_24_25 Box 2.wmv,trauma,postshock,postshock_7,34.16666667,326.2733333
27,240327_SEFL21H_trauma_26_27 Box 2.wmv,trauma,postshock,postshock_7,78.66666667,145.6016667
19,240327_SEFL21H_trauma_19_20 Box 1.wmv,trauma,postshock,postshock_8,80.33333333,76.17833333
21,240327_SEFL21H_trauma_21_22 Box 1.wmv,trauma,postshock,postshock_8,18.66666667,368.5983333
24,240327_SEFL21H_trauma_24_25 Box 1.wmv,trauma,postshock,postshock_8,83.5,60.91833333
26,240327_SEFL21H_trauma_26_27 Box 1.wmv,trauma,postshock,postshock_8,71.33333333,164.265
28,240327_SEFL21H_trauma_28 Box 1.wmv,trauma,postshock,postshock_8,70.66666667,120.0866667
1,240327_SEFL21H_trauma_01_02 Box 1.wmv,trauma,postshock,postshock_8,98.5,3.615
2,240327_SEFL21H_trauma_01_02 Box 2.wmv,trauma,postshock,postshock_8,36.16666667,349.2166667
3,240327_SEFL21H_trauma_03_04 Box 1.wmv,trauma,postshock,postshock_8,38.33333333,367.2683333
4,240327_SEFL21H_trauma_03_04 Box 2.wmv,trauma,postshock,postshock_8,66.83333333,164.6166667
5,240327_SEFL21H_trauma_05_06 Box 1.wmv,trauma,postshock,postshock_8,60.66666667,162.0033333
6,240327_SEFL21H_trauma_05_06 Box 2.wmv,trauma,postshock,postshock_8,89.5,36.86333333
7,240327_SEFL21H_trauma_07_08 Box 1.wmv,trauma,postshock,postshock_8,27.16666667,577.6333333
8,240327_SEFL21H_trauma_07_08 Box 2.wmv,trauma,postshock,postshock_8,13.5,606.5683333
9,240327_SEFL21H_trauma_09_10 Box 1.wmv,trauma,postshock,postshock_8,10.16666667,681.1883333
10,240327_SEFL21H_trauma_09_10 Box 2.wmv,trauma,postshock,postshock_8,100,0.445
11,240327_SEFL21H_trauma_11_12 Box 1.wmv,trauma,postshock,postshock_8,76,90.215
12,240327_SEFL21H_trauma_11_12 Box 2.wmv,trauma,postshock,postshock_8,51.33333333,361.3933333
13,240327_SEFL21H_trauma_13_14 Box 1.wmv,trauma,postshock,postshock_8,100,11.91833333
14,240327_SEFL21H_trauma_13_14 Box 2.wmv,trauma,postshock,postshock_8,9.5,726.2
15,240327_SEFL21H_trauma_15_16 Box 1.wmv,trauma,postshock,postshock_8,83.33333333,59.35166667
16,240327_SEFL21H_trauma_15_16 Box 2.wmv,trauma,postshock,postshock_8,23.16666667,564.8433333
17,240327_SEFL21H_trauma_17_18 Box 1.wmv,trauma,postshock,postshock_8,77.16666667,122.275
18,240327_SEFL21H_trauma_17_18 Box 2.wmv,trauma,postshock,postshock_8,87.83333333,86.915
20,240327_SEFL21H_trauma_19_20 Box 2.wmv,trauma,postshock,postshock_8,93.33333333,17.64
22,240327_SEFL21H_trauma_21_22 Box 2.wmv,trauma,postshock,postshock_8,53.33333333,173.7066667
25,240327_SEFL21H_trauma_24_25 Box 2.wmv,trauma,postshock,postshock_8,36.66666667,439.38
27,240327_SEFL21H_trauma_26_27 Box 2.wmv,trauma,postshock,postshock_8,83,57.61
19,240327_SEFL21H_trauma_19_20 Box 1.wmv,trauma,postshock,postshock_9,34,419.5883333
21,240327_SEFL21H_trauma_21_22 Box 1.wmv,trauma,postshock,postshock_9,48,170.4766667
24,240327_SEFL21H_trauma_24_25 Box 1.wmv,trauma,postshock,postshock_9,96,10.265
26,240327_SEFL21H_trauma_26_27 Box 1.wmv,trauma,postshock,postshock_9,74,108.16
28,240327_SEFL21H_trauma_28 Box 1.wmv,trauma,postshock,postshock_9,60.33333333,251.6483333
1,240327_SEFL21H_trauma_01_02 Box 1.wmv,trauma,postshock,postshock_9,100,0.003333333
2,240327_SEFL21H_trauma_01_02 Box 2.wmv,trauma,postshock,postshock_9,54.83333333,281.2033333
3,240327_SEFL21H_trauma_03_04 Box 1.wmv,trauma,postshock,postshock_9,46,310.4316667
4,240327_SEFL21H_trauma_03_04 Box 2.wmv,trauma,postshock,postshock_9,90,66.36833333
5,240327_SEFL21H_trauma_05_06 Box 1.wmv,trauma,postshock,postshock_9,39.5,290.425
6,240327_SEFL21H_trauma_05_06 Box 2.wmv,trauma,postshock,postshock_9,83.83333333,56.90666667
7,240327_SEFL21H_trauma_07_08 Box 1.wmv,trauma,postshock,postshock_9,81.83333333,118.6766667
8,240327_SEFL21H_trauma_07_08 Box 2.wmv,trauma,postshock,postshock_9,41.66666667,288.8183333
9,240327_SEFL21H_trauma_09_10 Box 1.wmv,trauma,postshock,postshock_9,25,404.9483333
10,240327_SEFL21H_trauma_09_10 Box 2.wmv,trauma,postshock,postshock_9,68,156.57
11,240327_SEFL21H_trauma_11_12 Box 1.wmv,trauma,postshock,postshock_9,43.66666667,471.07
12,240327_SEFL21H_trauma_11_12 Box 2.wmv,trauma,postshock,postshock_9,79.5,81.25
13,240327_SEFL21H_trauma_13_14 Box 1.wmv,trauma,postshock,postshock_9,96.33333333,16.255
14,240327_SEFL21H_trauma_13_14 Box 2.wmv,trauma,postshock,postshock_9,41,292.81
15,240327_SEFL21H_trauma_15_16 Box 1.wmv,trauma,postshock,postshock_9,99.83333333,2.661666667
16,240327_SEFL21H_trauma_15_16 Box 2.wmv,trauma,postshock,postshock_9,40.33333333,347.9416667
17,240327_SEFL21H_trauma_17_18 Box 1.wmv,trauma,postshock,postshock_9,60.83333333,244.2083333
18,240327_SEFL21H_trauma_17_18 Box 2.wmv,trauma,postshock,postshock_9,68.5,169.2416667
20,240327_SEFL21H_trauma_19_20 Box 2.wmv,trauma,postshock,postshock_9,84.83333333,51.39666667
22,240327_SEFL21H_trauma_21_22 Box 2.wmv,trauma,postshock,postshock_9,68.66666667,128.485
25,240327_SEFL21H_trauma_24_25 Box 2.wmv,trauma,postshock,postshock_9,84.83333333,78.39666667
27,240327_SEFL21H_trauma_26_27 Box 2.wmv,trauma,postshock,postshock_9,68.5,87.30166667
19,240327_SEFL21H_trauma_19_20 Box 1.wmv,trauma,shock,shock_1,0,2937.133333
21,240327_SEFL21H_trauma_21_22 Box 1.wmv,trauma,shock,shock_1,0,3047
24,240327_SEFL21H_trauma_24_25 Box 1.wmv,trauma,shock,shock_1,0,2924.333333
26,240327_SEFL21H_trauma_26_27 Box 1.wmv,trauma,shock,shock_1,0,3703.6
28,240327_SEFL21H_trauma_28 Box 1.wmv,trauma,shock,shock_1,0,2395.233333
1,240327_SEFL21H_trauma_01_02 Box 1.wmv,trauma,shock,shock_1,0,2796.966667
2,240327_SEFL21H_trauma_01_02 Box 2.wmv,trauma,shock,shock_1,0,3085.733333
3,240327_SEFL21H_trauma_03_04 Box 1.wmv,trauma,shock,shock_1,0,2712.233333
4,240327_SEFL21H_trauma_03_04 Box 2.wmv,trauma,shock,shock_1,0,1768.833333
5,240327_SEFL21H_trauma_05_06 Box 1.wmv,trauma,shock,shock_1,0,3334.1
6,240327_SEFL21H_trauma_05_06 Box 2.wmv,trauma,shock,shock_1,0,2660.6
7,240327_SEFL21H_trauma_07_08 Box 1.wmv,trauma,shock,shock_1,0,3359.466667
8,240327_SEFL21H_trauma_07_08 Box 2.wmv,trauma,shock,shock_1,0,2543.966667
9,240327_SEFL21H_trauma_09_10 Box 1.wmv,trauma,shock,shock_1,0,3532.733333
10,240327_SEFL21H_trauma_09_10 Box 2.wmv,trauma,shock,shock_1,0,2757.833333
11,240327_SEFL21H_trauma_11_12 Box 1.wmv,trauma,shock,shock_1,0,2754.333333
12,240327_SEFL21H_trauma_11_12 Box 2.wmv,trauma,shock,shock_1,0,2792.1
13,240327_SEFL21H_trauma_13_14 Box 1.wmv,trauma,shock,shock_1,0,3226.1
14,240327_SEFL21H_trauma_13_14 Box 2.wmv,trauma,shock,shock_1,0,1996.5
15,240327_SEFL21H_trauma_15_16 Box 1.wmv,trauma,shock,shock_1,0,2499.533333
16,240327_SEFL21H_trauma_15_16 Box 2.wmv,trauma,shock,shock_1,0,2835.933333
17,240327_SEFL21H_trauma_17_18 Box 1.wmv,trauma,shock,shock_1,0,2467.133333
18,240327_SEFL21H_trauma_17_18 Box 2.wmv,trauma,shock,shock_1,0,2437.566667
20,240327_SEFL21H_trauma_19_20 Box 2.wmv,trauma,shock,shock_1,0,2814.266667
22,240327_SEFL21H_trauma_21_22 Box 2.wmv,trauma,shock,shock_1,0,3238.966667
25,240327_SEFL21H_trauma_24_25 Box 2.wmv,trauma,shock,shock_1,0,2710
27,240327_SEFL21H_trauma_26_27 Box 2.wmv,trauma,shock,shock_1,0,2680.5
19,240327_SEFL21H_trauma_19_20 Box 1.wmv,trauma,shock,shock_10,0,2222.266667
21,240327_SEFL21H_trauma_21_22 Box 1.wmv,trauma,shock,shock_10,0,2737.366667
24,240327_SEFL21H_trauma_24_25 Box 1.wmv,trauma,shock,shock_10,16.66666667,1998.733333
26,240327_SEFL21H_trauma_26_27 Box 1.wmv,trauma,shock,shock_10,16.66666667,2154.966667
28,240327_SEFL21H_trauma_28 Box 1.wmv,trauma,shock,shock_10,0,2775.6
1,240327_SEFL21H_trauma_01_02 Box 1.wmv,trauma,shock,shock_10,6.666666667,1759.066667
2,240327_SEFL21H_trauma_01_02 Box 2.wmv,trauma,shock,shock_10,0,3276.266667
3,240327_SEFL21H_trauma_03_04 Box 1.wmv,trauma,shock,shock_10,3.333333333,1942.966667
4,240327_SEFL21H_trauma_03_04 Box 2.wmv,trauma,shock,shock_10,10,1958.2
5,240327_SEFL21H_trauma_05_06 Box 1.wmv,trauma,shock,shock_10,0,2265.733333
6,240327_SEFL21H_trauma_05_06 Box 2.wmv,trauma,shock,shock_10,6.666666667,2619.633333
7,240327_SEFL21H_trauma_07_08 Box 1.wmv,trauma,shock,shock_10,6.666666667,2561
8,240327_SEFL21H_trauma_07_08 Box 2.wmv,trauma,shock,shock_10,3.333333333,2729.2
9,240327_SEFL21H_trauma_09_10 Box 1.wmv,trauma,shock,shock_10,0,2940.533333
10,240327_SEFL21H_trauma_09_10 Box 2.wmv,trauma,shock,shock_10,3.333333333,2094.1
11,240327_SEFL21H_trauma_11_12 Box 1.wmv,trauma,shock,shock_10,0,2689.6
12,240327_SEFL21H_trauma_11_12 Box 2.wmv,trauma,shock,shock_10,6.666666667,2649.133333
13,240327_SEFL21H_trauma_13_14 Box 1.wmv,trauma,shock,shock_10,6.666666667,2877.2
14,240327_SEFL21H_trauma_13_14 Box 2.wmv,trauma,shock,shock_10,0,2923.6
15,240327_SEFL21H_trauma_15_16 Box 1.wmv,trauma,shock,shock_10,0,2911
16,240327_SEFL21H_trauma_15_16 Box 2.wmv,trauma,shock,shock_10,0,1828.533333
17,240327_SEFL21H_trauma_17_18 Box 1.wmv,trauma,shock,shock_10,0,2904
18,240327_SEFL21H_trauma_17_18 Box 2.wmv,trauma,shock,shock_10,10,3138.166667
20,240327_SEFL21H_trauma_19_20 Box 2.wmv,trauma,shock,shock_10,6.666666667,2121.033333
22,240327_SEFL21H_trauma_21_22 Box 2.wmv,trauma,shock,shock_10,0,2401.666667
25,240327_SEFL21H_trauma_24_25 Box 2.wmv,trauma,shock,shock_10,0,2598.7
27,240327_SEFL21H_trauma_26_27 Box 2.wmv,trauma,shock,shock_10,0,2281.4
19,240327_SEFL21H_trauma_19_20 Box 1.wmv,trauma,shock,shock_2,0,3505.2
21,240327_SEFL21H_trauma_21_22 Box 1.wmv,trauma,shock,shock_2,0,2439
24,240327_SEFL21H_trauma_24_25 Box 1.wmv,trauma,shock,shock_2,0,2558.8
26,240327_SEFL21H_trauma_26_27 Box 1.wmv,trauma,shock,shock_2,0,2945.733333
28,240327_SEFL21H_trauma_28 Box 1.wmv,trauma,shock,shock_2,0,2215.133333
1,240327_SEFL21H_trauma_01_02 Box 1.wmv,trauma,shock,shock_2,0,2955.566667
2,240327_SEFL21H_trauma_01_02 Box 2.wmv,trauma,shock,shock_2,0,3162.233333
3,240327_SEFL21H_trauma_03_04 Box 1.wmv,trauma,shock,shock_2,0,3156.2
4,240327_SEFL21H_trauma_03_04 Box 2.wmv,trauma,shock,shock_2,0,2376.3
5,240327_SEFL21H_trauma_05_06 Box 1.wmv,trauma,shock,shock_2,0,3312.233333
6,240327_SEFL21H_trauma_05_06 Box 2.wmv,trauma,shock,shock_2,0,1884.166667
7,240327_SEFL21H_trauma_07_08 Box 1.wmv,trauma,shock,shock_2,0,3834.1
8,240327_SEFL21H_trauma_07_08 Box 2.wmv,trauma,shock,shock_2,0,2375.966667
9,240327_SEFL21H_trauma_09_10 Box 1.wmv,trauma,shock,shock_2,0,2473.033333
10,240327_SEFL21H_trauma_09_10 Box 2.wmv,trauma,shock,shock_2,0,2724.633333
11,240327_SEFL21H_trauma_11_12 Box 1.wmv,trauma,shock,shock_2,0,1932.366667
12,240327_SEFL21H_trauma_11_12 Box 2.wmv,trauma,shock,shock_2,0,2861.333333
13,240327_SEFL21H_trauma_13_14 Box 1.wmv,trauma,shock,shock_2,0,3214.166667
14,240327_SEFL21H_trauma_13_14 Box 2.wmv,trauma,shock,shock_2,0,2732.766667
15,240327_SEFL21H_trauma_15_16 Box 1.wmv,trauma,shock,shock_2,0,2778.766667
16,240327_SEFL21H_trauma_15_16 Box 2.wmv,trauma,shock,shock_2,0,3263
17,240327_SEFL21H_trauma_17_18 Box 1.wmv,trauma,shock,shock_2,0,2219.9
18,240327_SEFL21H_trauma_17_18 Box 2.wmv,trauma,shock,shock_2,0,2389.133333
20,240327_SEFL21H_trauma_19_20 Box 2.wmv,trauma,shock,shock_2,0,2412.266667
22,240327_SEFL21H_trauma_21_22 Box 2.wmv,trauma,shock,shock_2,0,3252.833333
25,240327_SEFL21H_trauma_24_25 Box 2.wmv,trauma,shock,shock_2,0,2745.466667
27,240327_SEFL21H_trauma_26_27 Box 2.wmv,trauma,shock,shock_2,0,2494.766667
19,240327_SEFL21H_trauma_19_20 Box 1.wmv,trauma,shock,shock_3,0,2596.3
21,240327_SEFL21H_trauma_21_22 Box 1.wmv,trauma,shock,shock_3,0,2422.5
24,240327_SEFL21H_trauma_24_25 Box 1.wmv,trauma,shock,shock_3,0,2949.666667
26,240327_SEFL21H_trauma_26_27 Box 1.wmv,trauma,shock,shock_3,10,3048.3
28,240327_SEFL21H_trauma_28 Box 1.wmv,trauma,shock,shock_3,0,1834
1,240327_SEFL21H_trauma_01_02 Box 1.wmv,trauma,shock,shock_3,6.666666667,2223.433333
2,240327_SEFL21H_trauma_01_02 Box 2.wmv,trauma,shock,shock_3,0,3139.833333
3,240327_SEFL21H_trauma_03_04 Box 1.wmv,trauma,shock,shock_3,0,2782.866667
4,240327_SEFL21H_trauma_03_04 Box 2.wmv,trauma,shock,shock_3,6.666666667,2900.933333
5,240327_SEFL21H_trauma_05_06 Box 1.wmv,trauma,shock,shock_3,0,2865.8
6,240327_SEFL21H_trauma_05_06 Box 2.wmv,trauma,shock,shock_3,0,2525.9
7,240327_SEFL21H_trauma_07_08 Box 1.wmv,trauma,shock,shock_3,0,2692.533333
8,240327_SEFL21H_trauma_07_08 Box 2.wmv,trauma,shock,shock_3,0,2906.5
9,240327_SEFL21H_trauma_09_10 Box 1.wmv,trauma,shock,shock_3,0,3281.133333
10,240327_SEFL21H_trauma_09_10 Box 2.wmv,trauma,shock,shock_3,0,3256.433333
11,240327_SEFL21H_trauma_11_12 Box 1.wmv,trauma,shock,shock_3,0,2081.466667
12,240327_SEFL21H_trauma_11_12 Box 2.wmv,trauma,shock,shock_3,0,2602.966667
13,240327_SEFL21H_trauma_13_14 Box 1.wmv,trauma,shock,shock_3,6.666666667,2487.433333
14,240327_SEFL21H_trauma_13_14 Box 2.wmv,trauma,shock,shock_3,0,3523.1
15,240327_SEFL21H_trauma_15_16 Box 1.wmv,trauma,shock,shock_3,16.66666667,2182.5
16,240327_SEFL21H_trauma_15_16 Box 2.wmv,trauma,shock,shock_3,0,3038.166667
17,240327_SEFL21H_trauma_17_18 Box 1.wmv,trauma,shock,shock_3,0,2144.4
18,240327_SEFL21H_trauma_17_18 Box 2.wmv,trauma,shock,shock_3,0,3038.1
20,240327_SEFL21H_trauma_19_20 Box 2.wmv,trauma,shock,shock_3,0,2441.466667
22,240327_SEFL21H_trauma_21_22 Box 2.wmv,trauma,shock,shock_3,0,2832.366667
25,240327_SEFL21H_trauma_24_25 Box 2.wmv,trauma,shock,shock_3,6.666666667,2471.966667
27,240327_SEFL21H_trauma_26_27 Box 2.wmv,trauma,shock,shock_3,3.333333333,3010.6
19,240327_SEFL21H_trauma_19_20 Box 1.wmv,trauma,shock,shock_4,0,2625.866667
21,240327_SEFL21H_trauma_21_22 Box 1.wmv,trauma,shock,shock_4,0,2593.2
24,240327_SEFL21H_trauma_24_25 Box 1.wmv,trauma,shock,shock_4,0,3118.366667
26,240327_SEFL21H_trauma_26_27 Box 1.wmv,trauma,shock,shock_4,0,2387
28,240327_SEFL21H_trauma_28 Box 1.wmv,trauma,shock,shock_4,0,2188.866667
1,240327_SEFL21H_trauma_01_02 Box 1.wmv,trauma,shock,shock_4,6.666666667,2698.4
2,240327_SEFL21H_trauma_01_02 Box 2.wmv,trauma,shock,shock_4,0,2564.833333
3,240327_SEFL21H_trauma_03_04 Box 1.wmv,trauma,shock,shock_4,0,2087.766667
4,240327_SEFL21H_trauma_03_04 Box 2.wmv,trauma,shock,shock_4,6.666666667,2253.8
5,240327_SEFL21H_trauma_05_06 Box 1.wmv,trauma,shock,shock_4,0,2751.066667
6,240327_SEFL21H_trauma_05_06 Box 2.wmv,trauma,shock,shock_4,0,1937.266667
7,240327_SEFL21H_trauma_07_08 Box 1.wmv,trauma,shock,shock_4,3.333333333,2353.933333
8,240327_SEFL21H_trauma_07_08 Box 2.wmv,trauma,shock,shock_4,0,2474.866667
9,240327_SEFL21H_trauma_09_10 Box 1.wmv,trauma,shock,shock_4,10,2401.833333
10,240327_SEFL21H_trauma_09_10 Box 2.wmv,trauma,shock,shock_4,0,1494.566667
11,240327_SEFL21H_trauma_11_12 Box 1.wmv,trauma,shock,shock_4,0,2876.866667
12,240327_SEFL21H_trauma_11_12 Box 2.wmv,trauma,shock,shock_4,3.333333333,2901.266667
13,240327_SEFL21H_trauma_13_14 Box 1.wmv,trauma,shock,shock_4,0,3177.2
14,240327_SEFL21H_trauma_13_14 Box 2.wmv,trauma,shock,shock_4,6.666666667,2236.633333
15,240327_SEFL21H_trauma_15_16 Box 1.wmv,trauma,shock,shock_4,0,2298.933333
16,240327_SEFL21H_trauma_15_16 Box 2.wmv,trauma,shock,shock_4,0,2913.233333
17,240327_SEFL21H_trauma_17_18 Box 1.wmv,trauma,shock,shock_4,0,2140.133333
18,240327_SEFL21H_trauma_17_18 Box 2.wmv,trauma,shock,shock_4,0,2761.233333
20,240327_SEFL21H_trauma_19_20 Box 2.wmv,trauma,shock,shock_4,0,2850.366667
22,240327_SEFL21H_trauma_21_22 Box 2.wmv,trauma,shock,shock_4,3.333333333,4135.533333
25,240327_SEFL21H_trauma_24_25 Box 2.wmv,trauma,shock,shock_4,6.666666667,2634.866667
27,240327_SEFL21H_trauma_26_27 Box 2.wmv,trauma,shock,shock_4,10,3058.933333
19,240327_SEFL21H_trauma_19_20 Box 1.wmv,trauma,shock,shock_5,0,2388.7
21,240327_SEFL21H_trauma_21_22 Box 1.wmv,trauma,shock,shock_5,0,2781.433333
24,240327_SEFL21H_trauma_24_25 Box 1.wmv,trauma,shock,shock_5,0,2622.333333
26,240327_SEFL21H_trauma_26_27 Box 1.wmv,trauma,shock,shock_5,3.333333333,2704.766667
28,240327_SEFL21H_trauma_28 Box 1.wmv,trauma,shock,shock_5,0,1797.633333
1,240327_SEFL21H_trauma_01_02 Box 1.wmv,trauma,shock,shock_5,3.333333333,2623.566667
2,240327_SEFL21H_trauma_01_02 Box 2.wmv,trauma,shock,shock_5,0,2933.866667
3,240327_SEFL21H_trauma_03_04 Box 1.wmv,trauma,shock,shock_5,10,2892.8
4,240327_SEFL21H_trauma_03_04 Box 2.wmv,trauma,shock,shock_5,6.666666667,2450.133333
5,240327_SEFL21H_trauma_05_06 Box 1.wmv,trauma,shock,shock_5,0,2934.2
6,240327_SEFL21H_trauma_05_06 Box 2.wmv,trauma,shock,shock_5,13.33333333,2682.133333
7,240327_SEFL21H_trauma_07_08 Box 1.wmv,trauma,shock,shock_5,0,2416.3
8,240327_SEFL21H_trauma_07_08 Box 2.wmv,trauma,shock,shock_5,0,2659.833333
9,240327_SEFL21H_trauma_09_10 Box 1.wmv,trauma,shock,shock_5,0,2515
10,240327_SEFL21H_trauma_09_10 Box 2.wmv,trauma,shock,shock_5,10,2283.566667
11,240327_SEFL21H_trauma_11_12 Box 1.wmv,trauma,shock,shock_5,0,2011.933333
12,240327_SEFL21H_trauma_11_12 Box 2.wmv,trauma,shock,shock_5,3.333333333,2295.766667
13,240327_SEFL21H_trauma_13_14 Box 1.wmv,trauma,shock,shock_5,0,2728.266667
14,240327_SEFL21H_trauma_13_14 Box 2.wmv,trauma,shock,shock_5,0,2467.333333
15,240327_SEFL21H_trauma_15_16 Box 1.wmv,trauma,shock,shock_5,0,2391.866667
16,240327_SEFL21H_trauma_15_16 Box 2.wmv,trauma,shock,shock_5,0,2651.3
17,240327_SEFL21H_trauma_17_18 Box 1.wmv,trauma,shock,shock_5,0,2793.333333
18,240327_SEFL21H_trauma_17_18 Box 2.wmv,trauma,shock,shock_5,3.333333333,3516.566667
20,240327_SEFL21H_trauma_19_20 Box 2.wmv,trauma,shock,shock_5,0,2928.3
22,240327_SEFL21H_trauma_21_22 Box 2.wmv,trauma,shock,shock_5,0,3504.4
25,240327_SEFL21H_trauma_24_25 Box 2.wmv,trauma,shock,shock_5,3.333333333,2956
27,240327_SEFL21H_trauma_26_27 Box 2.wmv,trauma,shock,shock_5,0,2837.133333
19,240327_SEFL21H_trauma_19_20 Box 1.wmv,trauma,shock,shock_6,0,2835.8
21,240327_SEFL21H_trauma_21_22 Box 1.wmv,trauma,shock,shock_6,3.333333333,2761.233333
24,240327_SEFL21H_trauma_24_25 Box 1.wmv,trauma,shock,shock_6,0,2557.466667
26,240327_SEFL21H_trauma_26_27 Box 1.wmv,trauma,shock,shock_6,10,2186
28,240327_SEFL21H_trauma_28 Box 1.wmv,trauma,shock,shock_6,6.666666667,2766.6
1,240327_SEFL21H_trauma_01_02 Box 1.wmv,trauma,shock,shock_6,3.333333333,3500.166667
2,240327_SEFL21H_trauma_01_02 Box 2.wmv,trauma,shock,shock_6,0,2268.2
3,240327_SEFL21H_trauma_03_04 Box 1.wmv,trauma,shock,shock_6,0,2980.033333
4,240327_SEFL21H_trauma_03_04 Box 2.wmv,trauma,shock,shock_6,6.666666667,2846.533333
5,240327_SEFL21H_trauma_05_06 Box 1.wmv,trauma,shock,shock_6,0,1994.633333
6,240327_SEFL21H_trauma_05_06 Box 2.wmv,trauma,shock,shock_6,13.33333333,1724.366667
7,240327_SEFL21H_trauma_07_08 Box 1.wmv,trauma,shock,shock_6,3.333333333,3314.366667
8,240327_SEFL21H_trauma_07_08 Box 2.wmv,trauma,shock,shock_6,0,3021.8
9,240327_SEFL21H_trauma_09_10 Box 1.wmv,trauma,shock,shock_6,0,2726.3
10,240327_SEFL21H_trauma_09_10 Box 2.wmv,trauma,shock,shock_6,6.666666667,2265.733333
11,240327_SEFL21H_trauma_11_12 Box 1.wmv,trauma,shock,shock_6,0,2461.133333
12,240327_SEFL21H_trauma_11_12 Box 2.wmv,trauma,shock,shock_6,0,2452.1
13,240327_SEFL21H_trauma_13_14 Box 1.wmv,trauma,shock,shock_6,16.66666667,2061.466667
14,240327_SEFL21H_trauma_13_14 Box 2.wmv,trauma,shock,shock_6,0,3211.166667
15,240327_SEFL21H_trauma_15_16 Box 1.wmv,trauma,shock,shock_6,13.33333333,2636.833333
16,240327_SEFL21H_trauma_15_16 Box 2.wmv,trauma,shock,shock_6,0,2447.766667
17,240327_SEFL21H_trauma_17_18 Box 1.wmv,trauma,shock,shock_6,0,1817.733333
18,240327_SEFL21H_trauma_17_18 Box 2.wmv,trauma,shock,shock_6,3.333333333,3955.566667
20,240327_SEFL21H_trauma_19_20 Box 2.wmv,trauma,shock,shock_6,13.33333333,2924.6
22,240327_SEFL21H_trauma_21_22 Box 2.wmv,trauma,shock,shock_6,0,3507.633333
25,240327_SEFL21H_trauma_24_25 Box 2.wmv,trauma,shock,shock_6,0,3928.566667
27,240327_SEFL21H_trauma_26_27 Box 2.wmv,trauma,shock,shock_6,6.666666667,3224.5
19,240327_SEFL21H_trauma_19_20 Box 1.wmv,trauma,shock,shock_7,6.666666667,1481.266667
21,240327_SEFL21H_trauma_21_22 Box 1.wmv,trauma,shock,shock_7,0,2399.433333
24,240327_SEFL21H_trauma_24_25 Box 1.wmv,trauma,shock,shock_7,6.666666667,2805.966667
26,240327_SEFL21H_trauma_26_27 Box 1.wmv,trauma,shock,shock_7,0,2999.066667
28,240327_SEFL21H_trauma_28 Box 1.wmv,trauma,shock,shock_7,10,1923.933333
1,240327_SEFL21H_trauma_01_02 Box 1.wmv,trauma,shock,shock_7,6.666666667,3101.833333
2,240327_SEFL21H_trauma_01_02 Box 2.wmv,trauma,shock,shock_7,0,3117.366667
3,240327_SEFL21H_trauma_03_04 Box 1.wmv,trauma,shock,shock_7,6.666666667,2314.933333
4,240327_SEFL21H_trauma_03_04 Box 2.wmv,trauma,shock,shock_7,0,2750.9
5,240327_SEFL21H_trauma_05_06 Box 1.wmv,trauma,shock,shock_7,0,3193
6,240327_SEFL21H_trauma_05_06 Box 2.wmv,trauma,shock,shock_7,0,2665.9
7,240327_SEFL21H_trauma_07_08 Box 1.wmv,trauma,shock,shock_7,3.333333333,3218.7
8,240327_SEFL21H_trauma_07_08 Box 2.wmv,trauma,shock,shock_7,0,3025.666667
9,240327_SEFL21H_trauma_09_10 Box 1.wmv,trauma,shock,shock_7,13.33333333,2878.566667
10,240327_SEFL21H_trauma_09_10 Box 2.wmv,trauma,shock,shock_7,10,1580.566667
11,240327_SEFL21H_trauma_11_12 Box 1.wmv,trauma,shock,shock_7,6.666666667,2348.933333
12,240327_SEFL21H_trauma_11_12 Box 2.wmv,trauma,shock,shock_7,0,1759.266667
13,240327_SEFL21H_trauma_13_14 Box 1.wmv,trauma,shock,shock_7,0,3230.433333
14,240327_SEFL21H_trauma_13_14 Box 2.wmv,trauma,shock,shock_7,0,2387.3
15,240327_SEFL21H_trauma_15_16 Box 1.wmv,trauma,shock,shock_7,6.666666667,3266.166667
16,240327_SEFL21H_trauma_15_16 Box 2.wmv,trauma,shock,shock_7,0,2501.266667
17,240327_SEFL21H_trauma_17_18 Box 1.wmv,trauma,shock,shock_7,0,2148.7
18,240327_SEFL21H_trauma_17_18 Box 2.wmv,trauma,shock,shock_7,0,3943.233333
20,240327_SEFL21H_trauma_19_20 Box 2.wmv,trauma,shock,shock_7,6.666666667,2358.133333
22,240327_SEFL21H_trauma_21_22 Box 2.wmv,trauma,shock,shock_7,0,2703.2
25,240327_SEFL21H_trauma_24_25 Box 2.wmv,trauma,shock,shock_7,0,2584.8
27,240327_SEFL21H_trauma_26_27 Box 2.wmv,trauma,shock,shock_7,0,2516.333333
19,240327_SEFL21H_trauma_19_20 Box 1.wmv,trauma,shock,shock_8,0,2433.8
21,240327_SEFL21H_trauma_21_22 Box 1.wmv,trauma,shock,shock_8,0,2392.533333
24,240327_SEFL21H_trauma_24_25 Box 1.wmv,trauma,shock,shock_8,6.666666667,2488.4
26,240327_SEFL21H_trauma_26_27 Box 1.wmv,trauma,shock,shock_8,6.666666667,2198.866667
28,240327_SEFL21H_trauma_28 Box 1.wmv,trauma,shock,shock_8,6.666666667,2275.666667
1,240327_SEFL21H_trauma_01_02 Box 1.wmv,trauma,shock,shock_8,16.66666667,2274.666667
2,240327_SEFL21H_trauma_01_02 Box 2.wmv,trauma,shock,shock_8,0,3150.366667
3,240327_SEFL21H_trauma_03_04 Box 1.wmv,trauma,shock,shock_8,0,3001.433333
4,240327_SEFL21H_trauma_03_04 Box 2.wmv,trauma,shock,shock_8,6.666666667,3138.733333
5,240327_SEFL21H_trauma_05_06 Box 1.wmv,trauma,shock,shock_8,6.666666667,2692.333333
6,240327_SEFL21H_trauma_05_06 Box 2.wmv,trauma,shock,shock_8,13.33333333,2600.433333
7,240327_SEFL21H_trauma_07_08 Box 1.wmv,trauma,shock,shock_8,3.333333333,1378.8
8,240327_SEFL21H_trauma_07_08 Box 2.wmv,trauma,shock,shock_8,0,2651.833333
9,240327_SEFL21H_trauma_09_10 Box 1.wmv,trauma,shock,shock_8,0,2420.166667
10,240327_SEFL21H_trauma_09_10 Box 2.wmv,trauma,shock,shock_8,0,2132.766667
11,240327_SEFL21H_trauma_11_12 Box 1.wmv,trauma,shock,shock_8,3.333333333,2562.033333
12,240327_SEFL21H_trauma_11_12 Box 2.wmv,trauma,shock,shock_8,6.666666667,1644.4
13,240327_SEFL21H_trauma_13_14 Box 1.wmv,trauma,shock,shock_8,6.666666667,2599.3
14,240327_SEFL21H_trauma_13_14 Box 2.wmv,trauma,shock,shock_8,0,2545.133333
15,240327_SEFL21H_trauma_15_16 Box 1.wmv,trauma,shock,shock_8,3.333333333,2667
16,240327_SEFL21H_trauma_15_16 Box 2.wmv,trauma,shock,shock_8,0,2482.066667
17,240327_SEFL21H_trauma_17_18 Box 1.wmv,trauma,shock,shock_8,0,3514.4
18,240327_SEFL21H_trauma_17_18 Box 2.wmv,trauma,shock,shock_8,10,2464.9
20,240327_SEFL21H_trauma_19_20 Box 2.wmv,trauma,shock,shock_8,0,2375.633333
22,240327_SEFL21H_trauma_21_22 Box 2.wmv,trauma,shock,shock_8,3.333333333,2388.266667
25,240327_SEFL21H_trauma_24_25 Box 2.wmv,trauma,shock,shock_8,3.333333333,3332.5
27,240327_SEFL21H_trauma_26_27 Box 2.wmv,trauma,shock,shock_8,0,3355.4
19,240327_SEFL21H_trauma_19_20 Box 1.wmv,trauma,shock,shock_9,16.66666667,1846.3
21,240327_SEFL21H_trauma_21_22 Box 1.wmv,trauma,shock,shock_9,0,2867.666667
24,240327_SEFL21H_trauma_24_25 Box 1.wmv,trauma,shock,shock_9,3.333333333,2993.866667
26,240327_SEFL21H_trauma_26_27 Box 1.wmv,trauma,shock,shock_9,0,2104.366667
28,240327_SEFL21H_trauma_28 Box 1.wmv,trauma,shock,shock_9,0,1870.866667
1,240327_SEFL21H_trauma_01_02 Box 1.wmv,trauma,shock,shock_9,3.333333333,2571.066667
2,240327_SEFL21H_trauma_01_02 Box 2.wmv,trauma,shock,shock_9,6.666666667,2644.733333
3,240327_SEFL21H_trauma_03_04 Box 1.wmv,trauma,shock,shock_9,0,3208.733333
4,240327_SEFL21H_trauma_03_04 Box 2.wmv,trauma,shock,shock_9,6.666666667,2467.133333
5,240327_SEFL21H_trauma_05_06 Box 1.wmv,trauma,shock,shock_9,0,2750.133333
6,240327_SEFL21H_trauma_05_06 Box 2.wmv,trauma,shock,shock_9,13.33333333,2627.733333
7,240327_SEFL21H_trauma_07_08 Box 1.wmv,trauma,shock,shock_9,0,2433.633333
8,240327_SEFL21H_trauma_07_08 Box 2.wmv,trauma,shock,shock_9,0,2397.266667
9,240327_SEFL21H_trauma_09_10 Box 1.wmv,trauma,shock,shock_9,0,2661
10,240327_SEFL21H_trauma_09_10 Box 2.wmv,trauma,shock,shock_9,3.333333333,1368.933333
11,240327_SEFL21H_trauma_11_12 Box 1.wmv,trauma,shock,shock_9,0,2170.1
12,240327_SEFL21H_trauma_11_12 Box 2.wmv,trauma,shock,shock_9,3.333333333,1998.533333
13,240327_SEFL21H_trauma_13_14 Box 1.wmv,trauma,shock,shock_9,13.33333333,2601.033333
14,240327_SEFL21H_trauma_13_14 Box 2.wmv,trauma,shock,shock_9,0,2372.133333
15,240327_SEFL21H_trauma_15_16 Box 1.wmv,trauma,shock,shock_9,6.666666667,1864.266667
16,240327_SEFL21H_trauma_15_16 Box 2.wmv,trauma,shock,shock_9,0,3003.7
17,240327_SEFL21H_trauma_17_18 Box 1.wmv,trauma,shock,shock_9,6.666666667,2272.2
18,240327_SEFL21H_trauma_17_18 Box 2.wmv,trauma,shock,shock_9,3.333333333,3288.7
20,240327_SEFL21H_trauma_19_20 Box 2.wmv,trauma,shock,shock_9,6.666666667,2173.233333
22,240327_SEFL21H_trauma_21_22 Box 2.wmv,trauma,shock,shock_9,13.33333333,2440.6
25,240327_SEFL21H_trauma_24_25 Box 2.wmv,trauma,shock,shock_9,3.333333333,2718.866667
27,240327_SEFL21H_trauma_26_27 Box 2.wmv,trauma,shock,shock_9,6.666666667,3023.3
1,240329_SEFL21H_traumatest_g1,traumatest,min,min01,49.89,11.36
1,240329_SEFL21H_traumatest_g1,traumatest,min,min02,59.17,15.17
1,240329_SEFL21H_traumatest_g1,traumatest,min,min03,45.67,33.55
1,240329_SEFL21H_traumatest_g1,traumatest,min,min04,76.44,11.84
1,240329_SEFL21H_traumatest_g1,traumatest,min,min05,48.89,43.02
1,240329_SEFL21H_traumatest_g1,traumatest,min,min06,8.56,117.92
1,240329_SEFL21H_traumatest_g1,traumatest,min,min07,4,171.54
1,240329_SEFL21H_traumatest_g1,traumatest,min,min08,13.33,112.87
1,240329_SEFL21H_traumatest_g1,traumatest,avg,avg,38.24,64.66
2,240329_SEFL21H_traumatest_g1,traumatest,min,min01,9.06,80.41
2,240329_SEFL21H_traumatest_g1,traumatest,min,min02,22.67,44.72
2,240329_SEFL21H_traumatest_g1,traumatest,min,min03,14.33,54.15
2,240329_SEFL21H_traumatest_g1,traumatest,min,min04,24,98.05
2,240329_SEFL21H_traumatest_g1,traumatest,min,min05,0,204.57
2,240329_SEFL21H_traumatest_g1,traumatest,min,min06,9.89,114.81
2,240329_SEFL21H_traumatest_g1,traumatest,min,min07,12.33,140.13
2,240329_SEFL21H_traumatest_g1,traumatest,min,min08,21.17,122.59
2,240329_SEFL21H_traumatest_g1,traumatest,avg,avg,14.57,107.43
3,240329_SEFL21H_traumatest_g1,traumatest,min,min01,30.28,83.93
3,240329_SEFL21H_traumatest_g1,traumatest,min,min02,59.72,40.77
3,240329_SEFL21H_traumatest_g1,traumatest,min,min03,68.44,19.56
3,240329_SEFL21H_traumatest_g1,traumatest,min,min04,32.28,113.78
3,240329_SEFL21H_traumatest_g1,traumatest,min,min05,12.33,143.47
3,240329_SEFL21H_traumatest_g1,traumatest,min,min06,15,123.14
3,240329_SEFL21H_traumatest_g1,traumatest,min,min07,8.61,134.47
3,240329_SEFL21H_traumatest_g1,traumatest,min,min08,24.83,99.97
3,240329_SEFL21H_traumatest_g1,traumatest,avg,avg,31.53,94.89
4,240329_SEFL21H_traumatest_g1,traumatest,min,min01,32.28,100.17
4,240329_SEFL21H_traumatest_g1,traumatest,min,min02,57.39,18.16
4,240329_SEFL21H_traumatest_g1,traumatest,min,min03,83.67,2.43
4,240329_SEFL21H_traumatest_g1,traumatest,min,min04,66.67,12.03
4,240329_SEFL21H_traumatest_g1,traumatest,min,min05,82.33,5.16
4,240329_SEFL21H_traumatest_g1,traumatest,min,min06,61.61,13.84
4,240329_SEFL21H_traumatest_g1,traumatest,min,min07,59.94,9.44
4,240329_SEFL21H_traumatest_g1,traumatest,min,min08,53.5,17.34
4,240329_SEFL21H_traumatest_g1,traumatest,avg,avg,62.18,22.32
5,240329_SEFL21H_traumatest_g2,traumatest,min,min01,12.06,104.06
5,240329_SEFL21H_traumatest_g2,traumatest,min,min02,24.06,60.91
5,240329_SEFL21H_traumatest_g2,traumatest,min,min03,24.22,72.3
5,240329_SEFL21H_traumatest_g2,traumatest,min,min04,5.56,189.49
5,240329_SEFL21H_traumatest_g2,traumatest,min,min05,8.22,137.56
5,240329_SEFL21H_traumatest_g2,traumatest,min,min06,18.72,147.18
5,240329_SEFL21H_traumatest_g2,traumatest,min,min07,3.94,176.78
5,240329_SEFL21H_traumatest_g2,traumatest,min,min08,6.5,181.98
5,240329_SEFL21H_traumatest_g2,traumatest,avg,avg,13.07,133.78
6,240329_SEFL21H_traumatest_g2,traumatest,min,min01,3.44,87.31
6,240329_SEFL21H_traumatest_g2,traumatest,min,min02,11.06,111.13
6,240329_SEFL21H_traumatest_g2,traumatest,min,min03,10.83,89.6
6,240329_SEFL21H_traumatest_g2,traumatest,min,min04,31.61,68.87
6,240329_SEFL21H_traumatest_g2,traumatest,min,min05,8.56,143.71
6,240329_SEFL21H_traumatest_g2,traumatest,min,min06,20.94,101.62
6,240329_SEFL21H_traumatest_g2,traumatest,min,min07,26.17,73.15
6,240329_SEFL21H_traumatest_g2,traumatest,min,min08,14.33,111.02
6,240329_SEFL21H_traumatest_g2,traumatest,avg,avg,15.93,98.3
7,240329_SEFL21H_traumatest_g2,traumatest,min,min01,11.44,140.38
7,240329_SEFL21H_traumatest_g2,traumatest,min,min02,23.44,95.98
7,240329_SEFL21H_traumatest_g2,traumatest,min,min03,25,109.41
7,240329_SEFL21H_traumatest_g2,traumatest,min,min04,29.83,86.72
7,240329_SEFL21H_traumatest_g2,traumatest,min,min05,28.39,115.94
7,240329_SEFL21H_traumatest_g2,traumatest,min,min06,49.72,69.11
7,240329_SEFL21H_traumatest_g2,traumatest,min,min07,28.56,117.11
7,240329_SEFL21H_traumatest_g2,traumatest,min,min08,29.72,59.4
7,240329_SEFL21H_traumatest_g2,traumatest,avg,avg,28.41,99.26
8,240329_SEFL21H_traumatest_g2,traumatest,min,min01,0,244.94
8,240329_SEFL21H_traumatest_g2,traumatest,min,min02,0,235.28
8,240329_SEFL21H_traumatest_g2,traumatest,min,min03,0,196.03
8,240329_SEFL21H_traumatest_g2,traumatest,min,min04,0,189.17
8,240329_SEFL21H_traumatest_g2,traumatest,min,min05,3.83,204.16
8,240329_SEFL21H_traumatest_g2,traumatest,min,min06,0,255.85
8,240329_SEFL21H_traumatest_g2,traumatest,min,min07,2.11,213.81
8,240329_SEFL21H_traumatest_g2,traumatest,min,min08,0,224.15
8,240329_SEFL21H_traumatest_g2,traumatest,avg,avg,0.74,220.42
9,240329_SEFL21H_traumatest_g3,traumatest,min,min01,0,363.45
9,240329_SEFL21H_traumatest_g3,traumatest,min,min02,0,318.83
9,240329_SEFL21H_traumatest_g3,traumatest,min,min03,0,272.47
9,240329_SEFL21H_traumatest_g3,traumatest,min,min04,0,294.12
9,240329_SEFL21H_traumatest_g3,traumatest,min,min05,0,214.52
9,240329_SEFL21H_traumatest_g3,traumatest,min,min06,0,241.84
9,240329_SEFL21H_traumatest_g3,traumatest,min,min07,0,231
9,240329_SEFL21H_traumatest_g3,traumatest,min,min08,0,153.02
9,240329_SEFL21H_traumatest_g3,traumatest,avg,avg,0,261.16
10,240329_SEFL21H_traumatest_g3,traumatest,min,min01,5.83,126.36
10,240329_SEFL21H_traumatest_g3,traumatest,min,min02,7.22,142.02
10,240329_SEFL21H_traumatest_g3,traumatest,min,min03,6.44,136.2
10,240329_SEFL21H_traumatest_g3,traumatest,min,min04,8.94,117.05
10,240329_SEFL21H_traumatest_g3,traumatest,min,min05,9.78,175.63
10,240329_SEFL21H_traumatest_g3,traumatest,min,min06,5.39,151.79
10,240329_SEFL21H_traumatest_g3,traumatest,min,min07,18.17,90.15
10,240329_SEFL21H_traumatest_g3,traumatest,min,min08,5.67,157.57
10,240329_SEFL21H_traumatest_g3,traumatest,avg,avg,8.51,137.1
11,240329_SEFL21H_traumatest_g3,traumatest,min,min01,3.89,129.3
11,240329_SEFL21H_traumatest_g3,traumatest,min,min02,9.78,86.61
11,240329_SEFL21H_traumatest_g3,traumatest,min,min03,0,195.81
11,240329_SEFL21H_traumatest_g3,traumatest,min,min04,1.83,158.77
11,240329_SEFL21H_traumatest_g3,traumatest,min,min05,2.39,181.98
11,240329_SEFL21H_traumatest_g3,traumatest,min,min06,3.61,166.49
11,240329_SEFL21H_traumatest_g3,traumatest,min,min07,1.67,153.26
11,240329_SEFL21H_traumatest_g3,traumatest,min,min08,0,140.23
11,240329_SEFL21H_traumatest_g3,traumatest,avg,avg,2.94,151.56
12,240329_SEFL21H_traumatest_g3,traumatest,min,min01,20.78,91.02
12,240329_SEFL21H_traumatest_g3,traumatest,min,min02,52.22,32.25
12,240329_SEFL21H_traumatest_g3,traumatest,min,min03,48.89,28.62
12,240329_SEFL21H_traumatest_g3,traumatest,min,min04,60.61,21.63
12,240329_SEFL21H_traumatest_g3,traumatest,min,min05,62.61,26.04
12,240329_SEFL21H_traumatest_g3,traumatest,min,min06,69.44,14.5
12,240329_SEFL21H_traumatest_g3,traumatest,min,min07,27.39,72.75
12,240329_SEFL21H_traumatest_g3,traumatest,min,min08,48.06,30.4
12,240329_SEFL21H_traumatest_g3,traumatest,avg,avg,48.85,39.65
13,240329_SEFL21H_traumatest_g4,traumatest,min,min01,65.28,37.78
13,240329_SEFL21H_traumatest_g4,traumatest,min,min02,95,0.91
13,240329_SEFL21H_traumatest_g4,traumatest,min,min03,86.06,4.89
13,240329_SEFL21H_traumatest_g4,traumatest,min,min04,94,1.37
13,240329_SEFL21H_traumatest_g4,traumatest,min,min05,72.89,7.81
13,240329_SEFL21H_traumatest_g4,traumatest,min,min06,20.72,96.5
13,240329_SEFL21H_traumatest_g4,traumatest,min,min07,4.06,137.75
13,240329_SEFL21H_traumatest_g4,traumatest,min,min08,3.67,187.66
13,240329_SEFL21H_traumatest_g4,traumatest,avg,avg,55.31,59.33
14,240329_SEFL21H_traumatest_g4,traumatest,min,min01,21.67,30.62
14,240329_SEFL21H_traumatest_g4,traumatest,min,min02,25.56,46.31
14,240329_SEFL21H_traumatest_g4,traumatest,min,min03,18,85.6
14,240329_SEFL21H_traumatest_g4,traumatest,min,min04,3.67,101.66
14,240329_SEFL21H_traumatest_g4,traumatest,min,min05,5.67,109.59
14,240329_SEFL21H_traumatest_g4,traumatest,min,min06,3.89,129.13
14,240329_SEFL21H_traumatest_g4,traumatest,min,min07,3.17,165.82
14,240329_SEFL21H_traumatest_g4,traumatest,min,min08,0,159
14,240329_SEFL21H_traumatest_g4,traumatest,avg,avg,10.2,103.47
15,240329_SEFL21H_traumatest_g4,traumatest,min,min01,22.56,62.35
15,240329_SEFL21H_traumatest_g4,traumatest,min,min02,42.28,66.9
15,240329_SEFL21H_traumatest_g4,traumatest,min,min03,37.28,65.99
15,240329_SEFL21H_traumatest_g4,traumatest,min,min04,25.61,82.99
15,240329_SEFL21H_traumatest_g4,traumatest,min,min05,55.17,32.69
15,240329_SEFL21H_traumatest_g4,traumatest,min,min06,22.33,118.91
15,240329_SEFL21H_traumatest_g4,traumatest,min,min07,20.67,103.93
15,240329_SEFL21H_traumatest_g4,traumatest,min,min08,28.39,67.48
15,240329_SEFL21H_traumatest_g4,traumatest,avg,avg,32.06,75.15
16,240329_SEFL21H_traumatest_g4,traumatest,min,min01,0,205.86
16,240329_SEFL21H_traumatest_g4,traumatest,min,min02,0,211.31
16,240329_SEFL21H_traumatest_g4,traumatest,min,min03,2.33,251.98
16,240329_SEFL21H_traumatest_g4,traumatest,min,min04,4.61,141.91
16,240329_SEFL21H_traumatest_g4,traumatest,min,min05,1.94,241
16,240329_SEFL21H_traumatest_g4,traumatest,min,min06,0,160.74
16,240329_SEFL21H_traumatest_g4,traumatest,min,min07,2.22,198.02
16,240329_SEFL21H_traumatest_g4,traumatest,min,min08,0,229.32
16,240329_SEFL21H_traumatest_g4,traumatest,avg,avg,1.39,205.02
17,240329_SEFL21H_traumatest_g5,traumatest,min,min01,0,151.69
17,240329_SEFL21H_traumatest_g5,traumatest,min,min02,0,163.12
17,240329_SEFL21H_traumatest_g5,traumatest,min,min03,1.72,177.38
17,240329_SEFL21H_traumatest_g5,traumatest,min,min04,0,133.18
17,240329_SEFL21H_traumatest_g5,traumatest,min,min05,0,184.19
17,240329_SEFL21H_traumatest_g5,traumatest,min,min06,1.72,162.01
17,240329_SEFL21H_traumatest_g5,traumatest,min,min07,0,158.35
17,240329_SEFL21H_traumatest_g5,traumatest,min,min08,0,151.73
17,240329_SEFL21H_traumatest_g5,traumatest,avg,avg,0.69,160.21
18,240329_SEFL21H_traumatest_g5,traumatest,min,min01,20.22,89.75
18,240329_SEFL21H_traumatest_g5,traumatest,min,min02,36.94,43.91
18,240329_SEFL21H_traumatest_g5,traumatest,min,min03,38.06,92.58
18,240329_SEFL21H_traumatest_g5,traumatest,min,min04,58.72,40.25
18,240329_SEFL21H_traumatest_g5,traumatest,min,min05,27.11,84.45
18,240329_SEFL21H_traumatest_g5,traumatest,min,min06,37.22,78.43
18,240329_SEFL21H_traumatest_g5,traumatest,min,min07,71.06,35.07
18,240329_SEFL21H_traumatest_g5,traumatest,min,min08,26.56,92.67
18,240329_SEFL21H_traumatest_g5,traumatest,avg,avg,39.55,69.64
19,240329_SEFL21H_traumatest_g5,traumatest,min,min01,52.17,13.94
19,240329_SEFL21H_traumatest_g5,traumatest,min,min02,52.61,38.64
19,240329_SEFL21H_traumatest_g5,traumatest,min,min03,59.11,33.37
19,240329_SEFL21H_traumatest_g5,traumatest,min,min04,19.5,81.75
19,240329_SEFL21H_traumatest_g5,traumatest,min,min05,64.83,32.24
19,240329_SEFL21H_traumatest_g5,traumatest,min,min06,49.17,42.03
19,240329_SEFL21H_traumatest_g5,traumatest,min,min07,19.89,170.54
19,240329_SEFL21H_traumatest_g5,traumatest,min,min08,4.06,91.56
19,240329_SEFL21H_traumatest_g5,traumatest,avg,avg,40.35,63.01
20,240329_SEFL21H_traumatest_g5,traumatest,min,min01,17.61,131.33
20,240329_SEFL21H_traumatest_g5,traumatest,min,min02,23.83,98.36
20,240329_SEFL21H_traumatest_g5,traumatest,min,min03,50.56,57.46
20,240329_SEFL21H_traumatest_g5,traumatest,min,min04,49.94,50.2
20,240329_SEFL21H_traumatest_g5,traumatest,min,min05,32.22,116.1
20,240329_SEFL21H_traumatest_g5,traumatest,min,min06,43.61,35.13
20,240329_SEFL21H_traumatest_g5,traumatest,min,min07,10.44,107.12
20,240329_SEFL21H_traumatest_g5,traumatest,min,min08,34.89,101.48
20,240329_SEFL21H_traumatest_g5,traumatest,avg,avg,33.1,87.15
21,240329_SEFL21H_traumatest_g6,traumatest,min,min01,2.39,157.48
21,240329_SEFL21H_traumatest_g6,traumatest,min,min02,0,194.27
21,240329_SEFL21H_traumatest_g6,traumatest,min,min03,0,242.84
21,240329_SEFL21H_traumatest_g6,traumatest,min,min04,1.67,235.59
21,240329_SEFL21H_traumatest_g6,traumatest,min,min05,2.11,228.57
21,240329_SEFL21H_traumatest_g6,traumatest,min,min06,0,166.69
21,240329_SEFL21H_traumatest_g6,traumatest,min,min07,1.67,189.08
21,240329_SEFL21H_traumatest_g6,traumatest,min,min08,0,207.21
21,240329_SEFL21H_traumatest_g6,traumatest,avg,avg,0.98,202.72
22,240329_SEFL21H_traumatest_g6,traumatest,min,min01,13.06,78.33
22,240329_SEFL21H_traumatest_g6,traumatest,min,min02,88.83,2.55
22,240329_SEFL21H_traumatest_g6,traumatest,min,min03,31.67,67.43
22,240329_SEFL21H_traumatest_g6,traumatest,min,min04,26.89,36.12
22,240329_SEFL21H_traumatest_g6,traumatest,min,min05,53.56,22.97
22,240329_SEFL21H_traumatest_g6,traumatest,min,min06,8.61,107.32
22,240329_SEFL21H_traumatest_g6,traumatest,min,min07,22.44,93.91
22,240329_SEFL21H_traumatest_g6,traumatest,min,min08,19.5,84.86
22,240329_SEFL21H_traumatest_g6,traumatest,avg,avg,33.18,61.69
24,240329_SEFL21H_traumatest_g6,traumatest,min,min01,0,232.81
24,240329_SEFL21H_traumatest_g6,traumatest,min,min02,0,185.82
24,240329_SEFL21H_traumatest_g6,traumatest,min,min03,0,177.17
24,240329_SEFL21H_traumatest_g6,traumatest,min,min04,1.67,227.04
24,240329_SEFL21H_traumatest_g6,traumatest,min,min05,0,184.69
24,240329_SEFL21H_traumatest_g6,traumatest,min,min06,0,252.42
24,240329_SEFL21H_traumatest_g6,traumatest,min,min07,0,214.56
24,240329_SEFL21H_traumatest_g6,traumatest,min,min08,1.72,214.33
24,240329_SEFL21H_traumatest_g6,traumatest,avg,avg,0.42,211.11
25,240329_SEFL21H_traumatest_g6,traumatest,min,min01,2,266.36
25,240329_SEFL21H_traumatest_g6,traumatest,min,min02,5.89,186.91
25,240329_SEFL21H_traumatest_g6,traumatest,min,min03,3.83,207.3
25,240329_SEFL21H_traumatest_g6,traumatest,min,min04,9.33,179.19
25,240329_SEFL21H_traumatest_g6,traumatest,min,min05,11.83,147.89
25,240329_SEFL21H_traumatest_g6,traumatest,min,min06,14.67,149.6
25,240329_SEFL21H_traumatest_g6,traumatest,min,min07,11.67,137.28
25,240329_SEFL21H_traumatest_g6,traumatest,min,min08,6.5,165.66
25,240329_SEFL21H_traumatest_g6,traumatest,avg,avg,8.22,180.02
26,240329_SEFL21H_traumatest_g7,traumatest,min,min01,2,112.33
26,240329_SEFL21H_traumatest_g7,traumatest,min,min02,0,187.39
26,240329_SEFL21H_traumatest_g7,traumatest,min,min03,3.78,147.11
26,240329_SEFL21H_traumatest_g7,traumatest,min,min04,16.17,143.31
26,240329_SEFL21H_traumatest_g7,traumatest,min,min05,4.61,162.85
26,240329_SEFL21H_traumatest_g7,traumatest,min,min06,16.39,84.43
26,240329_SEFL21H_traumatest_g7,traumatest,min,min07,0,198.51
26,240329_SEFL21H_traumatest_g7,traumatest,min,min08,2.61,162.39
26,240329_SEFL21H_traumatest_g7,traumatest,avg,avg,5.87,149.79
27,240329_SEFL21H_traumatest_g7,traumatest,min,min01,33.17,107.79
27,240329_SEFL21H_traumatest_g7,traumatest,min,min02,39.67,83.78
27,240329_SEFL21H_traumatest_g7,traumatest,min,min03,38.67,74.96
27,240329_SEFL21H_traumatest_g7,traumatest,min,min04,26.56,94.8
27,240329_SEFL21H_traumatest_g7,traumatest,min,min05,36.33,118.2
27,240329_SEFL21H_traumatest_g7,traumatest,min,min06,45.72,107.49
27,240329_SEFL21H_traumatest_g7,traumatest,min,min07,67.83,27.17
27,240329_SEFL21H_traumatest_g7,traumatest,min,min08,45.44,68.8
27,240329_SEFL21H_traumatest_g7,traumatest,avg,avg,41.67,85.37
28,240329_SEFL21H_traumatest_g7,traumatest,min,min01,8,106.45
28,240329_SEFL21H_traumatest_g7,traumatest,min,min02,4.11,126.34
28,240329_SEFL21H_traumatest_g7,traumatest,min,min03,7.61,205.86
28,240329_SEFL21H_traumatest_g7,traumatest,min,min04,10,188.3
28,240329_SEFL21H_traumatest_g7,traumatest,min,min05,5,183.96
28,240329_SEFL21H_traumatest_g7,traumatest,min,min06,9.67,164.11
28,240329_SEFL21H_traumatest_g7,traumatest,min,min07,0,191.55
28,240329_SEFL21H_traumatest_g7,traumatest,min,min08,0,169.88
28,240329_SEFL21H_traumatest_g7,traumatest,avg,avg,5.63,167.06
1,240331_SEFL21H_novstressor_g1,mildstressor,prepost,bl,0,433.47
1,240331_SEFL21H_novstressor_g1,mildstressor,prepost,post,11.33,190.17
1,240331_SEFL21H_novstressor_g1,mildstressor,startle,startle_pre,0,759.06
1,240331_SEFL21H_novstressor_g1,mildstressor,startle,startle_startle,0,576.27
1,240331_SEFL21H_novstressor_g1,mildstressor,startle,startle_post,0,66.72
2,240331_SEFL21H_novstressor_g1,mildstressor,prepost,bl,0.83,423.91
2,240331_SEFL21H_novstressor_g1,mildstressor,prepost,post,71.67,38.61
2,240331_SEFL21H_novstressor_g1,mildstressor,startle,startle_pre,0,526.14
2,240331_SEFL21H_novstressor_g1,mildstressor,startle,startle_startle,0,511.8
2,240331_SEFL21H_novstressor_g1,mildstressor,startle,startle_post,88.89,25.82
3,240331_SEFL21H_novstressor_g1,mildstressor,prepost,bl,17.13,165.41
3,240331_SEFL21H_novstressor_g1,mildstressor,prepost,post,0,170.43
3,240331_SEFL21H_novstressor_g1,mildstressor,startle,startle_pre,0,41.5
3,240331_SEFL21H_novstressor_g1,mildstressor,startle,startle_startle,0,533.59
3,240331_SEFL21H_novstressor_g1,mildstressor,startle,startle_post,0,244.1
4,240331_SEFL21H_novstressor_g1,mildstressor,prepost,bl,0,439.61
4,240331_SEFL21H_novstressor_g1,mildstressor,prepost,post,12.67,122.95
4,240331_SEFL21H_novstressor_g1,mildstressor,startle,startle_pre,0,315.98
4,240331_SEFL21H_novstressor_g1,mildstressor,startle,startle_startle,0,714.6
4,240331_SEFL21H_novstressor_g1,mildstressor,startle,startle_post,0,31.07
5,240331_SEFL21H_novstressor_g2,mildstressor,prepost,bl,0,513.53
5,240331_SEFL21H_novstressor_g2,mildstressor,prepost,post,0,200.81
5,240331_SEFL21H_novstressor_g2,mildstressor,startle,startle_pre,0,468.42
5,240331_SEFL21H_novstressor_g2,mildstressor,startle,startle_startle,0,907.48
5,240331_SEFL21H_novstressor_g2,mildstressor,startle,startle_post,0,212.86
6,240331_SEFL21H_novstressor_g2,mildstressor,prepost,bl,0.63,351.74
6,240331_SEFL21H_novstressor_g2,mildstressor,prepost,post,58.67,68.35
6,240331_SEFL21H_novstressor_g2,mildstressor,startle,startle_pre,0,90.29
6,240331_SEFL21H_novstressor_g2,mildstressor,startle,startle_startle,0,398.71
6,240331_SEFL21H_novstressor_g2,mildstressor,startle,startle_post,87.78,18.4
7,240331_SEFL21H_novstressor_g2,mildstressor,prepost,bl,1.98,360.66
7,240331_SEFL21H_novstressor_g2,mildstressor,prepost,post,16.67,243.69
7,240331_SEFL21H_novstressor_g2,mildstressor,startle,startle_pre,0,193.64
7,240331_SEFL21H_novstressor_g2,mildstressor,startle,startle_startle,0,630.03
7,240331_SEFL21H_novstressor_g2,mildstressor,startle,startle_post,0,413.07
8,240331_SEFL21H_novstressor_g2,mildstressor,prepost,bl,0,578.03
8,240331_SEFL21H_novstressor_g2,mildstressor,prepost,post,0,284.91
8,240331_SEFL21H_novstressor_g2,mildstressor,startle,startle_pre,0,395.61
8,240331_SEFL21H_novstressor_g2,mildstressor,startle,startle_startle,0,683.64
8,240331_SEFL21H_novstressor_g2,mildstressor,startle,startle_post,0,155.78
9,240331_SEFL21H_novstressor_g3,mildstressor,prepost,bl,0,572.38
9,240331_SEFL21H_novstressor_g3,mildstressor,prepost,post,0,328.46
9,240331_SEFL21H_novstressor_g3,mildstressor,startle,startle_pre,0,447.34
9,240331_SEFL21H_novstressor_g3,mildstressor,startle,startle_startle,0,1166.28
9,240331_SEFL21H_novstressor_g3,mildstressor,startle,startle_post,0,379.76
10,240331_SEFL21H_novstressor_g3,mildstressor,prepost,bl,0,464.37
10,240331_SEFL21H_novstressor_g3,mildstressor,prepost,post,33,55.71
10,240331_SEFL21H_novstressor_g3,mildstressor,startle,startle_pre,0,370.01
10,240331_SEFL21H_novstressor_g3,mildstressor,startle,startle_startle,0,508.1
10,240331_SEFL21H_novstressor_g3,mildstressor,startle,startle_post,0,94.47
11,240331_SEFL21H_novstressor_g3,mildstressor,prepost,bl,0,371.21
11,240331_SEFL21H_novstressor_g3,mildstressor,prepost,post,46.67,106.44
11,240331_SEFL21H_novstressor_g3,mildstressor,startle,startle_pre,0,157.1
11,240331_SEFL21H_novstressor_g3,mildstressor,startle,startle_startle,0,449.27
11,240331_SEFL21H_novstressor_g3,mildstressor,startle,startle_post,55.56,115.41
12,240331_SEFL21H_novstressor_g3,mildstressor,prepost,bl,1.48,360.81
12,240331_SEFL21H_novstressor_g3,mildstressor,prepost,post,41.67,58.08
12,240331_SEFL21H_novstressor_g3,mildstressor,startle,startle_pre,0,265.7
12,240331_SEFL21H_novstressor_g3,mildstressor,startle,startle_startle,0,722.88
12,240331_SEFL21H_novstressor_g3,mildstressor,startle,startle_post,56.67,71.49
13,240331_SEFL21H_novstressor_g4,mildstressor,prepost,bl,0.74,367.35
13,240331_SEFL21H_novstressor_g4,mildstressor,prepost,post,62.33,67.14
13,240331_SEFL21H_novstressor_g4,mildstressor,startle,startle_pre,0,538.14
13,240331_SEFL21H_novstressor_g4,mildstressor,startle,startle_startle,0,686.57
13,240331_SEFL21H_novstressor_g4,mildstressor,startle,startle_post,85.56,38.68
14,240331_SEFL21H_novstressor_g4,mildstressor,prepost,bl,1.11,422.68
14,240331_SEFL21H_novstressor_g4,mildstressor,prepost,post,0,160.31
14,240331_SEFL21H_novstressor_g4,mildstressor,startle,startle_pre,0,148.77
14,240331_SEFL21H_novstressor_g4,mildstressor,startle,startle_startle,0,335.53
14,240331_SEFL21H_novstressor_g4,mildstressor,startle,startle_post,0,52.98
15,240331_SEFL21H_novstressor_g4,mildstressor,prepost,bl,3.85,259.22
15,240331_SEFL21H_novstressor_g4,mildstressor,prepost,post,57.67,100.83
15,240331_SEFL21H_novstressor_g4,mildstressor,startle,startle_pre,0,235.96
15,240331_SEFL21H_novstressor_g4,mildstressor,startle,startle_startle,0,506.58
15,240331_SEFL21H_novstressor_g4,mildstressor,startle,startle_post,51.11,192.04
16,240331_SEFL21H_novstressor_g4,mildstressor,prepost,bl,0,590.94
16,240331_SEFL21H_novstressor_g4,mildstressor,prepost,post,0,545.31
16,240331_SEFL21H_novstressor_g4,mildstressor,startle,startle_pre,0,61.91
16,240331_SEFL21H_novstressor_g4,mildstressor,startle,startle_startle,0,810.89
16,240331_SEFL21H_novstressor_g4,mildstressor,startle,startle_post,0,562.8
17,240331_SEFL21H_novstressor_g5,mildstressor,prepost,bl,0,549.46
17,240331_SEFL21H_novstressor_g5,mildstressor,prepost,post,0,399.55
17,240331_SEFL21H_novstressor_g5,mildstressor,startle,startle_pre,0,647.61
17,240331_SEFL21H_novstressor_g5,mildstressor,startle,startle_startle,0,743.58
17,240331_SEFL21H_novstressor_g5,mildstressor,startle,startle_post,0,442.53
18,240331_SEFL21H_novstressor_g5,mildstressor,prepost,bl,3.02,321.74
18,240331_SEFL21H_novstressor_g5,mildstressor,prepost,post,49.33,100.1
18,240331_SEFL21H_novstressor_g5,mildstressor,startle,startle_pre,0,413.48
18,240331_SEFL21H_novstressor_g5,mildstressor,startle,startle_startle,0,613.76
18,240331_SEFL21H_novstressor_g5,mildstressor,startle,startle_post,38.89,110.41
19,240331_SEFL21H_novstressor_g5,mildstressor,prepost,bl,0.61,394.13
19,240331_SEFL21H_novstressor_g5,mildstressor,prepost,post,32,712.32
19,240331_SEFL21H_novstressor_g5,mildstressor,startle,startle_pre,0,303.62
19,240331_SEFL21H_novstressor_g5,mildstressor,startle,startle_startle,0,916.7
19,240331_SEFL21H_novstressor_g5,mildstressor,startle,startle_post,0,1775.31
20,240331_SEFL21H_novstressor_g5,mildstressor,prepost,bl,0,403.24
20,240331_SEFL21H_novstressor_g5,mildstressor,prepost,post,42.67,108.86
20,240331_SEFL21H_novstressor_g5,mildstressor,startle,startle_pre,0,377.18
20,240331_SEFL21H_novstressor_g5,mildstressor,startle,startle_startle,0,637.78
20,240331_SEFL21H_novstressor_g5,mildstressor,startle,startle_post,0,104.71
21,240331_SEFL21H_novstressor_g6,mildstressor,prepost,bl,0,511.41
21,240331_SEFL21H_novstressor_g6,mildstressor,prepost,post,12,152.18
21,240331_SEFL21H_novstressor_g6,mildstressor,startle,startle_pre,0,430.3
21,240331_SEFL21H_novstressor_g6,mildstressor,startle,startle_startle,0,792.28
21,240331_SEFL21H_novstressor_g6,mildstressor,startle,startle_post,40,75.91
22,240331_SEFL21H_novstressor_g6,mildstressor,prepost,bl,2,280.2
22,240331_SEFL21H_novstressor_g6,mildstressor,prepost,post,60.33,61.49
22,240331_SEFL21H_novstressor_g6,mildstressor,startle,startle_pre,0,482
22,240331_SEFL21H_novstressor_g6,mildstressor,startle,startle_startle,0,724.7
22,240331_SEFL21H_novstressor_g6,mildstressor,startle,startle_post,38.89,107.47
24,240331_SEFL21H_novstressor_g6,mildstressor,prepost,bl,0,355.57
24,240331_SEFL21H_novstressor_g6,mildstressor,prepost,post,23.67,213.11
24,240331_SEFL21H_novstressor_g6,mildstressor,startle,startle_pre,0,174.17
24,240331_SEFL21H_novstressor_g6,mildstressor,startle,startle_startle,0,936.3
24,240331_SEFL21H_novstressor_g6,mildstressor,startle,startle_post,41.11,86.39
25,240331_SEFL21H_novstressor_g6,mildstressor,prepost,bl,0,521.18
25,240331_SEFL21H_novstressor_g6,mildstressor,prepost,post,20.67,262.68
25,240331_SEFL21H_novstressor_g6,mildstressor,startle,startle_pre,0,724.71
25,240331_SEFL21H_novstressor_g6,mildstressor,startle,startle_startle,0,1028.54
25,240331_SEFL21H_novstressor_g6,mildstressor,startle,startle_post,68.89,130.94
26,240331_SEFL21H_novstressor_g7,mildstressor,prepost,bl,0,518.29
26,240331_SEFL21H_novstressor_g7,mildstressor,prepost,post,10,56.44
26,240331_SEFL21H_novstressor_g7,mildstressor,startle,startle_pre,0,447.86
26,240331_SEFL21H_novstressor_g7,mildstressor,startle,startle_startle,0,508.98
26,240331_SEFL21H_novstressor_g7,mildstressor,startle,startle_post,0,36.64
27,240331_SEFL21H_novstressor_g7,mildstressor,prepost,bl,2.87,343.81
27,240331_SEFL21H_novstressor_g7,mildstressor,prepost,post,52.67,69.93
27,240331_SEFL21H_novstressor_g7,mildstressor,startle,startle_pre,0,44.93
27,240331_SEFL21H_novstressor_g7,mildstressor,startle,startle_startle,0,577.19
27,240331_SEFL21H_novstressor_g7,mildstressor,startle,startle_post,87.78,5.91
28,240331_SEFL21H_novstressor_g7,mildstressor,prepost,bl,0,398.18
28,240331_SEFL21H_novstressor_g7,mildstressor,prepost,post,12.67,261.29
28,240331_SEFL21H_novstressor_g7,mildstressor,startle,startle_pre,0,265.81
28,240331_SEFL21H_novstressor_g7,mildstressor,startle,startle_startle,0,794.96
28,240331_SEFL21H_novstressor_g7,mildstressor,startle,startle_post,42.22,94.18
1,240401_SEFL21H_sefltest_g1,sefltest,min,min01,1.83,341.52
1,240401_SEFL21H_sefltest_g1,sefltest,min,min02,11.72,217.41
1,240401_SEFL21H_sefltest_g1,sefltest,min,min03,5.56,287.6
1,240401_SEFL21H_sefltest_g1,sefltest,min,min04,18,201.57
1,240401_SEFL21H_sefltest_g1,sefltest,min,min05,10.61,196.03
1,240401_SEFL21H_sefltest_g1,sefltest,min,min06,7,305.04
1,240401_SEFL21H_sefltest_g1,sefltest,min,min07,2.5,313.69
1,240401_SEFL21H_sefltest_g1,sefltest,min,min08,4.17,279.54
1,240401_SEFL21H_sefltest_g1,sefltest,avg,avg,7.67,267.8
2,240401_SEFL21H_sefltest_g1,sefltest,min,min01,0,293.4
2,240401_SEFL21H_sefltest_g1,sefltest,min,min02,13.22,162.32
2,240401_SEFL21H_sefltest_g1,sefltest,min,min03,18.67,190.57
2,240401_SEFL21H_sefltest_g1,sefltest,min,min04,18.33,188.59
2,240401_SEFL21H_sefltest_g1,sefltest,min,min05,8.89,277.97
2,240401_SEFL21H_sefltest_g1,sefltest,min,min06,6.61,274.26
2,240401_SEFL21H_sefltest_g1,sefltest,min,min07,12.33,213.45
2,240401_SEFL21H_sefltest_g1,sefltest,min,min08,23.28,221.25
2,240401_SEFL21H_sefltest_g1,sefltest,avg,avg,12.69,227.72
3,240401_SEFL21H_sefltest_g1,sefltest,min,min01,19.5,163.7
3,240401_SEFL21H_sefltest_g1,sefltest,min,min02,22.56,99.19
3,240401_SEFL21H_sefltest_g1,sefltest,min,min03,36.5,59.78
3,240401_SEFL21H_sefltest_g1,sefltest,min,min04,19.61,106.03
3,240401_SEFL21H_sefltest_g1,sefltest,min,min05,31.89,86.35
3,240401_SEFL21H_sefltest_g1,sefltest,min,min06,29.28,106.5
3,240401_SEFL21H_sefltest_g1,sefltest,min,min07,43.44,83.48
3,240401_SEFL21H_sefltest_g1,sefltest,min,min08,15.17,111
3,240401_SEFL21H_sefltest_g1,sefltest,avg,avg,27.41,102
4,240401_SEFL21H_sefltest_g1,sefltest,min,min01,0,321.19
4,240401_SEFL21H_sefltest_g1,sefltest,min,min02,5.39,195.48
4,240401_SEFL21H_sefltest_g1,sefltest,min,min03,14.78,218.52
4,240401_SEFL21H_sefltest_g1,sefltest,min,min04,7.78,276.76
4,240401_SEFL21H_sefltest_g1,sefltest,min,min05,3.61,243.55
4,240401_SEFL21H_sefltest_g1,sefltest,min,min06,1.94,295.37
4,240401_SEFL21H_sefltest_g1,sefltest,min,min07,0,282.61
4,240401_SEFL21H_sefltest_g1,sefltest,min,min08,8.44,291.52
4,240401_SEFL21H_sefltest_g1,sefltest,avg,avg,5.24,265.62
5,240401_SEFL21H_sefltest_g2,sefltest,min,min01,1.83,328.27
5,240401_SEFL21H_sefltest_g2,sefltest,min,min02,1.67,338.31
5,240401_SEFL21H_sefltest_g2,sefltest,min,min03,1.67,337.96
5,240401_SEFL21H_sefltest_g2,sefltest,min,min04,0,501.25
5,240401_SEFL21H_sefltest_g2,sefltest,min,min05,0,433.59
5,240401_SEFL21H_sefltest_g2,sefltest,min,min06,0,414.69
5,240401_SEFL21H_sefltest_g2,sefltest,min,min07,4.44,233.38
5,240401_SEFL21H_sefltest_g2,sefltest,min,min08,1.83,436.68
5,240401_SEFL21H_sefltest_g2,sefltest,avg,avg,1.43,378.02
6,240401_SEFL21H_sefltest_g2,sefltest,min,min01,0,196.22
6,240401_SEFL21H_sefltest_g2,sefltest,min,min02,23.78,132.59
6,240401_SEFL21H_sefltest_g2,sefltest,min,min03,40.11,82.14
6,240401_SEFL21H_sefltest_g2,sefltest,min,min04,12.56,172.62
6,240401_SEFL21H_sefltest_g2,sefltest,min,min05,22.61,151.42
6,240401_SEFL21H_sefltest_g2,sefltest,min,min06,17.94,121.19
6,240401_SEFL21H_sefltest_g2,sefltest,min,min07,7.94,180.29
6,240401_SEFL21H_sefltest_g2,sefltest,min,min08,17.78,176.61
6,240401_SEFL21H_sefltest_g2,sefltest,avg,avg,18.1,151.64
7,240401_SEFL21H_sefltest_g2,sefltest,min,min01,1.89,245.5
7,240401_SEFL21H_sefltest_g2,sefltest,min,min02,18.61,132.88
7,240401_SEFL21H_sefltest_g2,sefltest,min,min03,15.67,167.14
7,240401_SEFL21H_sefltest_g2,sefltest,min,min04,26.83,148.89
7,240401_SEFL21H_sefltest_g2,sefltest,min,min05,12.78,157.09
7,240401_SEFL21H_sefltest_g2,sefltest,min,min06,45.39,92.76
7,240401_SEFL21H_sefltest_g2,sefltest,min,min07,8.5,188.29
7,240401_SEFL21H_sefltest_g2,sefltest,min,min08,28.5,82.25
7,240401_SEFL21H_sefltest_g2,sefltest,avg,avg,19.77,151.85
8,240401_SEFL21H_sefltest_g2,sefltest,min,min01,0,458.95
8,240401_SEFL21H_sefltest_g2,sefltest,min,min02,6.33,288.13
8,240401_SEFL21H_sefltest_g2,sefltest,min,min03,1.94,327.18
8,240401_SEFL21H_sefltest_g2,sefltest,min,min04,0,363.34
8,240401_SEFL21H_sefltest_g2,sefltest,min,min05,1.67,249.7
8,240401_SEFL21H_sefltest_g2,sefltest,min,min06,5.33,251.37
8,240401_SEFL21H_sefltest_g2,sefltest,min,min07,1.78,297.08
8,240401_SEFL21H_sefltest_g2,sefltest,min,min08,9.83,225.85
8,240401_SEFL21H_sefltest_g2,sefltest,avg,avg,3.36,307.7
9,240401_SEFL21H_sefltest_g3,sefltest,min,min01,0,403.22
9,240401_SEFL21H_sefltest_g3,sefltest,min,min02,0,485.2
9,240401_SEFL21H_sefltest_g3,sefltest,min,min03,0,449.17
9,240401_SEFL21H_sefltest_g3,sefltest,min,min04,0,404.16
9,240401_SEFL21H_sefltest_g3,sefltest,min,min05,0,401.29
9,240401_SEFL21H_sefltest_g3,sefltest,min,min06,0,458.81
9,240401_SEFL21H_sefltest_g3,sefltest,min,min07,0,533.23
9,240401_SEFL21H_sefltest_g3,sefltest,min,min08,0,402.13
9,240401_SEFL21H_sefltest_g3,sefltest,avg,avg,0.35,442.15
10,240401_SEFL21H_sefltest_g3,sefltest,min,min01,0,253.99
10,240401_SEFL21H_sefltest_g3,sefltest,min,min02,2.33,208.69
10,240401_SEFL21H_sefltest_g3,sefltest,min,min03,6.61,224.71
10,240401_SEFL21H_sefltest_g3,sefltest,min,min04,2.39,214.4
10,240401_SEFL21H_sefltest_g3,sefltest,min,min05,14.61,177.52
10,240401_SEFL21H_sefltest_g3,sefltest,min,min06,7.11,203.51
10,240401_SEFL21H_sefltest_g3,sefltest,min,min07,11.78,168.67
10,240401_SEFL21H_sefltest_g3,sefltest,min,min08,19.94,165.4
10,240401_SEFL21H_sefltest_g3,sefltest,avg,avg,8.1,202.11
11,240401_SEFL21H_sefltest_g3,sefltest,min,min01,0,240.18
11,240401_SEFL21H_sefltest_g3,sefltest,min,min02,7.61,169.26
11,240401_SEFL21H_sefltest_g3,sefltest,min,min03,4.61,199.2
11,240401_SEFL21H_sefltest_g3,sefltest,min,min04,5.56,179.39
11,240401_SEFL21H_sefltest_g3,sefltest,min,min05,2.44,219.17
11,240401_SEFL21H_sefltest_g3,sefltest,min,min06,1.94,222.33
11,240401_SEFL21H_sefltest_g3,sefltest,min,min07,0,245.32
11,240401_SEFL21H_sefltest_g3,sefltest,min,min08,2.39,235.68
11,240401_SEFL21H_sefltest_g3,sefltest,avg,avg,3.07,213.82
12,240401_SEFL21H_sefltest_g3,sefltest,min,min01,0,280.07
12,240401_SEFL21H_sefltest_g3,sefltest,min,min02,7.33,156.75
12,240401_SEFL21H_sefltest_g3,sefltest,min,min03,8.39,191.3
12,240401_SEFL21H_sefltest_g3,sefltest,min,min04,14.44,228.34
12,240401_SEFL21H_sefltest_g3,sefltest,min,min05,16.22,119.61
12,240401_SEFL21H_sefltest_g3,sefltest,min,min06,12.22,186.12
12,240401_SEFL21H_sefltest_g3,sefltest,min,min07,3.56,191.38
12,240401_SEFL21H_sefltest_g3,sefltest,min,min08,10.72,167.9
12,240401_SEFL21H_sefltest_g3,sefltest,avg,avg,9.62,190.18
13,240401_SEFL21H_sefltest_g4,sefltest,min,min01,0,232.92
13,240401_SEFL21H_sefltest_g4,sefltest,min,min02,6.33,234.07
13,240401_SEFL21H_sefltest_g4,sefltest,min,min03,8.56,278.76
13,240401_SEFL21H_sefltest_g4,sefltest,min,min04,2.22,269.64
13,240401_SEFL21H_sefltest_g4,sefltest,min,min05,0,343.91
13,240401_SEFL21H_sefltest_g4,sefltest,min,min06,5.11,316.06
13,240401_SEFL21H_sefltest_g4,sefltest,min,min07,18.33,187.33
13,240401_SEFL21H_sefltest_g4,sefltest,min,min08,3.89,209.74
13,240401_SEFL21H_sefltest_g4,sefltest,avg,avg,5.56,259.05
14,240401_SEFL21H_sefltest_g4,sefltest,min,min01,2.11,276.31
14,240401_SEFL21H_sefltest_g4,sefltest,min,min02,3.33,202.74
14,240401_SEFL21H_sefltest_g4,sefltest,min,min03,0,255.49
14,240401_SEFL21H_sefltest_g4,sefltest,min,min04,11,216.42
14,240401_SEFL21H_sefltest_g4,sefltest,min,min05,2,219.65
14,240401_SEFL21H_sefltest_g4,sefltest,min,min06,2.06,193.15
14,240401_SEFL21H_sefltest_g4,sefltest,min,min07,17.89,181.95
14,240401_SEFL21H_sefltest_g4,sefltest,min,min08,9.83,190.66
14,240401_SEFL21H_sefltest_g4,sefltest,avg,avg,6.26,217.05
15,240401_SEFL21H_sefltest_g4,sefltest,min,min01,3.89,186.05
15,240401_SEFL21H_sefltest_g4,sefltest,min,min02,16.67,150.95
15,240401_SEFL21H_sefltest_g4,sefltest,min,min03,27.44,90.38
15,240401_SEFL21H_sefltest_g4,sefltest,min,min04,28.78,114.43
15,240401_SEFL21H_sefltest_g4,sefltest,min,min05,30.56,100.78
15,240401_SEFL21H_sefltest_g4,sefltest,min,min06,10.17,165.17
15,240401_SEFL21H_sefltest_g4,sefltest,min,min07,8.56,179.34
15,240401_SEFL21H_sefltest_g4,sefltest,min,min08,34.83,149.29
15,240401_SEFL21H_sefltest_g4,sefltest,avg,avg,20.21,142.05
16,240401_SEFL21H_sefltest_g4,sefltest,min,min01,0,451.12
16,240401_SEFL21H_sefltest_g4,sefltest,min,min02,0,394.8
16,240401_SEFL21H_sefltest_g4,sefltest,min,min03,1.67,284.58
16,240401_SEFL21H_sefltest_g4,sefltest,min,min04,0,408.61
16,240401_SEFL21H_sefltest_g4,sefltest,min,min05,0,393.37
16,240401_SEFL21H_sefltest_g4,sefltest,min,min06,5.22,327.07
16,240401_SEFL21H_sefltest_g4,sefltest,min,min07,0,275.26
16,240401_SEFL21H_sefltest_g4,sefltest,min,min08,0,302.66
16,240401_SEFL21H_sefltest_g4,sefltest,avg,avg,0.86,354.68
17,240401_SEFL21H_sefltest_g5,sefltest,min,min01,0,412.21
17,240401_SEFL21H_sefltest_g5,sefltest,min,min02,5.5,211.3
17,240401_SEFL21H_sefltest_g5,sefltest,min,min03,3.94,299.5
17,240401_SEFL21H_sefltest_g5,sefltest,min,min04,4.28,310.18
17,240401_SEFL21H_sefltest_g5,sefltest,min,min05,0,306.05
17,240401_SEFL21H_sefltest_g5,sefltest,min,min06,1.89,369.77
17,240401_SEFL21H_sefltest_g5,sefltest,min,min07,1.94,291.51
17,240401_SEFL21H_sefltest_g5,sefltest,min,min08,2.28,414.09
17,240401_SEFL21H_sefltest_g5,sefltest,avg,avg,2.48,326.83
18,240401_SEFL21H_sefltest_g5,sefltest,min,min01,4.33,259.08
18,240401_SEFL21H_sefltest_g5,sefltest,min,min02,7.5,312.43
18,240401_SEFL21H_sefltest_g5,sefltest,min,min03,13.11,261.5
18,240401_SEFL21H_sefltest_g5,sefltest,min,min04,17,247.81
18,240401_SEFL21H_sefltest_g5,sefltest,min,min05,13.89,245.43
18,240401_SEFL21H_sefltest_g5,sefltest,min,min06,11,235.9
18,240401_SEFL21H_sefltest_g5,sefltest,min,min07,7.39,316.25
18,240401_SEFL21H_sefltest_g5,sefltest,min,min08,2.61,306.14
18,240401_SEFL21H_sefltest_g5,sefltest,avg,avg,9.73,273.07
19,240401_SEFL21H_sefltest_g5,sefltest,min,min01,7.5,288.2
19,240401_SEFL21H_sefltest_g5,sefltest,min,min02,14.5,171.21
19,240401_SEFL21H_sefltest_g5,sefltest,min,min03,12,197.93
19,240401_SEFL21H_sefltest_g5,sefltest,min,min04,26.72,160.26
19,240401_SEFL21H_sefltest_g5,sefltest,min,min05,21.22,217.1
19,240401_SEFL21H_sefltest_g5,sefltest,min,min06,13.61,164.79
19,240401_SEFL21H_sefltest_g5,sefltest,min,min07,12.11,258.41
19,240401_SEFL21H_sefltest_g5,sefltest,min,min08,16.22,259.34
19,240401_SEFL21H_sefltest_g5,sefltest,avg,avg,15.69,214.66
20,240401_SEFL21H_sefltest_g5,sefltest,min,min01,6.5,189.51
20,240401_SEFL21H_sefltest_g5,sefltest,min,min02,16.56,220.82
20,240401_SEFL21H_sefltest_g5,sefltest,min,min03,17.06,182.59
20,240401_SEFL21H_sefltest_g5,sefltest,min,min04,39.89,73.6
20,240401_SEFL21H_sefltest_g5,sefltest,min,min05,24.06,191.7
20,240401_SEFL21H_sefltest_g5,sefltest,min,min06,18.22,191.98
20,240401_SEFL21H_sefltest_g5,sefltest,min,min07,4.56,247.19
20,240401_SEFL21H_sefltest_g5,sefltest,min,min08,9.44,240.47
20,240401_SEFL21H_sefltest_g5,sefltest,avg,avg,17.45,192.23
21,240401_SEFL21H_sefltest_g6,sefltest,min,min01,0,360.98
21,240401_SEFL21H_sefltest_g6,sefltest,min,min02,1.89,363.26
21,240401_SEFL21H_sefltest_g6,sefltest,min,min03,0,358.19
21,240401_SEFL21H_sefltest_g6,sefltest,min,min04,4.11,382.04
21,240401_SEFL21H_sefltest_g6,sefltest,min,min05,3.44,365.53
21,240401_SEFL21H_sefltest_g6,sefltest,min,min06,2.44,309.24
21,240401_SEFL21H_sefltest_g6,sefltest,min,min07,3.78,287.57
21,240401_SEFL21H_sefltest_g6,sefltest,min,min08,0,417.17
21,240401_SEFL21H_sefltest_g6,sefltest,avg,avg,1.96,355.5
22,240401_SEFL21H_sefltest_g6,sefltest,min,min01,0,245.01
22,240401_SEFL21H_sefltest_g6,sefltest,min,min02,7.33,161.82
22,240401_SEFL21H_sefltest_g6,sefltest,min,min03,7.5,179.42
22,240401_SEFL21H_sefltest_g6,sefltest,min,min04,14.28,201.33
22,240401_SEFL21H_sefltest_g6,sefltest,min,min05,10.67,179.08
22,240401_SEFL21H_sefltest_g6,sefltest,min,min06,10.67,159.31
22,240401_SEFL21H_sefltest_g6,sefltest,min,min07,24.33,147.7
22,240401_SEFL21H_sefltest_g6,sefltest,min,min08,12.5,139.15
22,240401_SEFL21H_sefltest_g6,sefltest,avg,avg,11.09,176.6
24,240401_SEFL21H_sefltest_g6,sefltest,min,min01,0,336.88
24,240401_SEFL21H_sefltest_g6,sefltest,min,min02,0,250.74
24,240401_SEFL21H_sefltest_g6,sefltest,min,min03,0,230.9
24,240401_SEFL21H_sefltest_g6,sefltest,min,min04,5.67,230.33
24,240401_SEFL21H_sefltest_g6,sefltest,min,min05,3.5,183.6
24,240401_SEFL21H_sefltest_g6,sefltest,min,min06,3.67,270.24
24,240401_SEFL21H_sefltest_g6,sefltest,min,min07,5.22,214.2
24,240401_SEFL21H_sefltest_g6,sefltest,min,min08,1.89,215.48
24,240401_SEFL21H_sefltest_g6,sefltest,avg,avg,2.49,241.55
25,240401_SEFL21H_sefltest_g6,sefltest,min,min01,0,426.99
25,240401_SEFL21H_sefltest_g6,sefltest,min,min02,2.5,319.84
25,240401_SEFL21H_sefltest_g6,sefltest,min,min03,2.17,370.31
25,240401_SEFL21H_sefltest_g6,sefltest,min,min04,4.89,252.9
25,240401_SEFL21H_sefltest_g6,sefltest,min,min05,2.06,247.47
25,240401_SEFL21H_sefltest_g6,sefltest,min,min06,10.67,288.56
25,240401_SEFL21H_sefltest_g6,sefltest,min,min07,0,305.29
25,240401_SEFL21H_sefltest_g6,sefltest,min,min08,2.44,320.4
25,240401_SEFL21H_sefltest_g6,sefltest,avg,avg,3.09,316.47
26,240401_SEFL21H_sefltest_g7,sefltest,min,min01,1.89,254.77
26,240401_SEFL21H_sefltest_g7,sefltest,min,min02,0,284.17
26,240401_SEFL21H_sefltest_g7,sefltest,min,min03,0,245.51
26,240401_SEFL21H_sefltest_g7,sefltest,min,min04,2.17,254.56
26,240401_SEFL21H_sefltest_g7,sefltest,min,min05,5.72,228.8
26,240401_SEFL21H_sefltest_g7,sefltest,min,min06,15.78,170.79
26,240401_SEFL21H_sefltest_g7,sefltest,min,min07,0,184.88
26,240401_SEFL21H_sefltest_g7,sefltest,min,min08,4.22,252.28
26,240401_SEFL21H_sefltest_g7,sefltest,avg,avg,3.72,234.47
27,240401_SEFL21H_sefltest_g7,sefltest,min,min01,1.78,246.32
27,240401_SEFL21H_sefltest_g7,sefltest,min,min02,21.67,175.85
27,240401_SEFL21H_sefltest_g7,sefltest,min,min03,20.61,191.42
27,240401_SEFL21H_sefltest_g7,sefltest,min,min04,23.83,186.06
27,240401_SEFL21H_sefltest_g7,sefltest,min,min05,33.89,165.62
27,240401_SEFL21H_sefltest_g7,sefltest,min,min06,26.72,107.58
27,240401_SEFL21H_sefltest_g7,sefltest,min,min07,8.33,218.75
27,240401_SEFL21H_sefltest_g7,sefltest,min,min08,29.17,157.08
27,240401_SEFL21H_sefltest_g7,sefltest,avg,avg,20.75,181.09
28,240401_SEFL21H_sefltest_g7,sefltest,min,min01,0,257.37
28,240401_SEFL21H_sefltest_g7,sefltest,min,min02,0,201.73
28,240401_SEFL21H_sefltest_g7,sefltest,min,min03,6.39,214.08
28,240401_SEFL21H_sefltest_g7,sefltest,min,min04,5.28,125.52
28,240401_SEFL21H_sefltest_g7,sefltest,min,min05,5.11,238.09
28,240401_SEFL21H_sefltest_g7,sefltest,min,min06,6.11,246.09
28,240401_SEFL21H_sefltest_g7,sefltest,min,min07,11.78,189.13
28,240401_SEFL21H_sefltest_g7,sefltest,min,min08,5.72,184.79
28,240401_SEFL21H_sefltest_g7,sefltest,avg,avg,5.05,207.1