Animal,Experiment,Box,phase,subphase,component,freezing,motion
1,230306_SEFL21G3_mildstressor_g4,1,mildstressor,prepost,bl,9.46,239.63
1,230306_SEFL21G3_mildstressor_g4,1,mildstressor,prepost,post,100,0.27
1,230306_SEFL21G3_mildstressor_g4,1,mildstressor,startle,startle_pre,0,99.91
1,230306_SEFL21G3_mildstressor_g4,1,mildstressor,startle,startle_startle,0,606.79
1,230306_SEFL21G3_mildstressor_g4,1,mildstressor,startle,startle_post,100,0.87
2,230306_SEFL21G3_mildstressor_g4,2,mildstressor,prepost,bl,0,601.18
2,230306_SEFL21G3_mildstressor_g4,2,mildstressor,prepost,post,0,267.87
2,230306_SEFL21G3_mildstressor_g4,2,mildstressor,startle,startle_pre,0,580.58
2,230306_SEFL21G3_mildstressor_g4,2,mildstressor,startle,startle_startle,0,574.13
2,230306_SEFL21G3_mildstressor_g4,2,mildstressor,startle,startle_post,0,38.58
3,230306_SEFL21G3_mildstressor_g4,3,mildstressor,prepost,bl,0.85,441.06
3,230306_SEFL21G3_mildstressor_g4,3,mildstressor,prepost,post,58.67,62.22
3,230306_SEFL21G3_mildstressor_g4,3,mildstressor,startle,startle_pre,0,524.3
3,230306_SEFL21G3_mildstressor_g4,3,mildstressor,startle,startle_startle,0,467.08
3,230306_SEFL21G3_mildstressor_g4,3,mildstressor,startle,startle_post,88.89,8.94
4,230306_SEFL21G3_mildstressor_g1,1,mildstressor,prepost,bl,0.69,490.15
4,230306_SEFL21G3_mildstressor_g1,1,mildstressor,prepost,post,0,406.44
4,230306_SEFL21G3_mildstressor_g1,1,mildstressor,startle,startle_pre,0,209.82
4,230306_SEFL21G3_mildstressor_g1,1,mildstressor,startle,startle_startle,0,640.46
4,230306_SEFL21G3_mildstressor_g1,1,mildstressor,startle,startle_post,0,565.74
5,230306_SEFL21G3_mildstressor_g1,2,mildstressor,prepost,bl,0,347.63
5,230306_SEFL21G3_mildstressor_g1,2,mildstressor,prepost,post,0,127.68
5,230306_SEFL21G3_mildstressor_g1,2,mildstressor,startle,startle_pre,0,414.46
5,230306_SEFL21G3_mildstressor_g1,2,mildstressor,startle,startle_startle,0,755
5,230306_SEFL21G3_mildstressor_g1,2,mildstressor,startle,startle_post,0,92.84
6,230306_SEFL21G3_mildstressor_g4,4,mildstressor,prepost,bl,0,615.63
6,230306_SEFL21G3_mildstressor_g4,4,mildstressor,prepost,post,11,260.12
6,230306_SEFL21G3_mildstressor_g4,4,mildstressor,startle,startle_pre,0,526.02
6,230306_SEFL21G3_mildstressor_g4,4,mildstressor,startle,startle_startle,0,497.81
6,230306_SEFL21G3_mildstressor_g4,4,mildstressor,startle,startle_post,36.67,30.84
7,230306_SEFL21G3_mildstressor_g5,1,mildstressor,prepost,bl,9.69,155.2
7,230306_SEFL21G3_mildstressor_g5,1,mildstressor,prepost,post,70.33,39.69
7,230306_SEFL21G3_mildstressor_g5,1,mildstressor,startle,startle_pre,0,355.32
7,230306_SEFL21G3_mildstressor_g5,1,mildstressor,startle,startle_startle,0,570.19
7,230306_SEFL21G3_mildstressor_g5,1,mildstressor,startle,startle_post,63.33,90.83
8,230306_SEFL21G3_mildstressor_g5,2,mildstressor,prepost,bl,0,605.39
8,230306_SEFL21G3_mildstressor_g5,2,mildstressor,prepost,post,0,515.33
8,230306_SEFL21G3_mildstressor_g5,2,mildstressor,startle,startle_pre,0,689.44
8,230306_SEFL21G3_mildstressor_g5,2,mildstressor,startle,startle_startle,0,1278.76
8,230306_SEFL21G3_mildstressor_g5,2,mildstressor,startle,startle_post,0,407.52
9,230306_SEFL21G3_mildstressor_g5,3,mildstressor,prepost,bl,0,420.25
9,230306_SEFL21G3_mildstressor_g5,3,mildstressor,prepost,post,0,233.67
9,230306_SEFL21G3_mildstressor_g5,3,mildstressor,startle,startle_pre,0,257.06
9,230306_SEFL21G3_mildstressor_g5,3,mildstressor,startle,startle_startle,0,980.07
9,230306_SEFL21G3_mildstressor_g5,3,mildstressor,startle,startle_post,0,301.83
10,230306_SEFL21G3_mildstressor_g1,3,mildstressor,prepost,bl,0,425.72
10,230306_SEFL21G3_mildstressor_g1,3,mildstressor,prepost,post,37.33,64.58
10,230306_SEFL21G3_mildstressor_g1,3,mildstressor,startle,startle_pre,0,423.89
10,230306_SEFL21G3_mildstressor_g1,3,mildstressor,startle,startle_startle,0,893.24
10,230306_SEFL21G3_mildstressor_g1,3,mildstressor,startle,startle_post,54.44,28.13
11,230306_SEFL21G3_mildstressor_g1,4,mildstressor,prepost,bl,2.94,299.14
11,230306_SEFL21G3_mildstressor_g1,4,mildstressor,prepost,post,78.33,7.18
11,230306_SEFL21G3_mildstressor_g1,4,mildstressor,startle,startle_pre,100,0.83
11,230306_SEFL21G3_mildstressor_g1,4,mildstressor,startle,startle_startle,0,600.02
11,230306_SEFL21G3_mildstressor_g1,4,mildstressor,startle,startle_post,96.67,0.68
12,230306_SEFL21G3_mildstressor_g2,1,mildstressor,prepost,bl,0,375.86
12,230306_SEFL21G3_mildstressor_g2,1,mildstressor,prepost,post,0,126.46
12,230306_SEFL21G3_mildstressor_g2,1,mildstressor,startle,startle_pre,0,273.56
12,230306_SEFL21G3_mildstressor_g2,1,mildstressor,startle,startle_startle,0,846.23
12,230306_SEFL21G3_mildstressor_g2,1,mildstressor,startle,startle_post,0,61.43
13,230306_SEFL21G3_mildstressor_g5,4,mildstressor,prepost,bl,0,568.59
13,230306_SEFL21G3_mildstressor_g5,4,mildstressor,prepost,post,0,239.03
13,230306_SEFL21G3_mildstressor_g5,4,mildstressor,startle,startle_pre,0,240.33
13,230306_SEFL21G3_mildstressor_g5,4,mildstressor,startle,startle_startle,0,673.7
13,230306_SEFL21G3_mildstressor_g5,4,mildstressor,startle,startle_post,0,241.63
14,230306_SEFL21G3_mildstressor_g6,1,mildstressor,prepost,bl,2.78,321.05
14,230306_SEFL21G3_mildstressor_g6,1,mildstressor,prepost,post,0,167.39
14,230306_SEFL21G3_mildstressor_g6,1,mildstressor,startle,startle_pre,0,705.54
14,230306_SEFL21G3_mildstressor_g6,1,mildstressor,startle,startle_startle,0,1544.08
14,230306_SEFL21G3_mildstressor_g6,1,mildstressor,startle,startle_post,0,152.06
15,230306_SEFL21G3_mildstressor_g6,2,mildstressor,prepost,bl,0,518.49
15,230306_SEFL21G3_mildstressor_g6,2,mildstressor,prepost,post,0,324.64
15,230306_SEFL21G3_mildstressor_g6,2,mildstressor,startle,startle_pre,0,352.44
15,230306_SEFL21G3_mildstressor_g6,2,mildstressor,startle,startle_startle,0,574.84
15,230306_SEFL21G3_mildstressor_g6,2,mildstressor,startle,startle_post,0,255.86
16,230306_SEFL21G3_mildstressor_g2,2,mildstressor,prepost,bl,0,441.75
16,230306_SEFL21G3_mildstressor_g2,2,mildstressor,prepost,post,0,208.65
16,230306_SEFL21G3_mildstressor_g2,2,mildstressor,startle,startle_pre,0,369.79
16,230306_SEFL21G3_mildstressor_g2,2,mildstressor,startle,startle_startle,0,813.64
16,230306_SEFL21G3_mildstressor_g2,2,mildstressor,startle,startle_post,0,381.33
17,230306_SEFL21G3_mildstressor_g2,3,mildstressor,prepost,bl,0,331.29
17,230306_SEFL21G3_mildstressor_g2,3,mildstressor,prepost,post,39.33,26.54
17,230306_SEFL21G3_mildstressor_g2,3,mildstressor,startle,startle_pre,0,108.06
17,230306_SEFL21G3_mildstressor_g2,3,mildstressor,startle,startle_startle,0,474.87
17,230306_SEFL21G3_mildstressor_g2,3,mildstressor,startle,startle_post,50,11.47
18,230306_SEFL21G3_mildstressor_g2,4,mildstressor,prepost,bl,0,492.52
18,230306_SEFL21G3_mildstressor_g2,4,mildstressor,prepost,post,0,403.16
18,230306_SEFL21G3_mildstressor_g2,4,mildstressor,startle,startle_pre,0,324.89
18,230306_SEFL21G3_mildstressor_g2,4,mildstressor,startle,startle_startle,0,431.49
18,230306_SEFL21G3_mildstressor_g2,4,mildstressor,startle,startle_post,0,613.69
19,230306_SEFL21G3_mildstressor_g3,1,mildstressor,prepost,bl,0,382.82
19,230306_SEFL21G3_mildstressor_g3,1,mildstressor,prepost,post,0,188.18
19,230306_SEFL21G3_mildstressor_g3,1,mildstressor,startle,startle_pre,0,876.63
19,230306_SEFL21G3_mildstressor_g3,1,mildstressor,startle,startle_startle,0,1037.58
19,230306_SEFL21G3_mildstressor_g3,1,mildstressor,startle,startle_post,0,173.08
20,230306_SEFL21G3_mildstressor_g3,2,mildstressor,prepost,bl,0,364.49
20,230306_SEFL21G3_mildstressor_g3,2,mildstressor,prepost,post,47.33,54.69
20,230306_SEFL21G3_mildstressor_g3,2,mildstressor,startle,startle_pre,0,356.51
20,230306_SEFL21G3_mildstressor_g3,2,mildstressor,startle,startle_startle,0,655.57
20,230306_SEFL21G3_mildstressor_g3,2,mildstressor,startle,startle_post,63.33,48.2
21,230306_SEFL21G3_mildstressor_g3,3,mildstressor,prepost,bl,0,488.63
21,230306_SEFL21G3_mildstressor_g3,3,mildstressor,prepost,post,0,401.43
21,230306_SEFL21G3_mildstressor_g3,3,mildstressor,startle,startle_pre,0,814.39
21,230306_SEFL21G3_mildstressor_g3,3,mildstressor,startle,startle_startle,0,428.07
21,230306_SEFL21G3_mildstressor_g3,3,mildstressor,startle,startle_post,0,138.57
22,230306_SEFL21G3_mildstressor_g3,4,mildstressor,prepost,bl,3.94,294.17
22,230306_SEFL21G3_mildstressor_g3,4,mildstressor,prepost,post,42,29.88
22,230306_SEFL21G3_mildstressor_g3,4,mildstressor,startle,startle_pre,0,504.03
22,230306_SEFL21G3_mildstressor_g3,4,mildstressor,startle,startle_startle,0,656.01
22,230306_SEFL21G3_mildstressor_g3,4,mildstressor,startle,startle_post,74.44,22.03
23,230306_SEFL21G3_mildstressor_g6,3,mildstressor,prepost,bl,0,289.85
23,230306_SEFL21G3_mildstressor_g6,3,mildstressor,prepost,post,73.67,34.65
23,230306_SEFL21G3_mildstressor_g6,3,mildstressor,startle,startle_pre,0,198.18
23,230306_SEFL21G3_mildstressor_g6,3,mildstressor,startle,startle_startle,0,577.28
23,230306_SEFL21G3_mildstressor_g6,3,mildstressor,startle,startle_post,60,97.32
24,230306_SEFL21G3_mildstressor_g6,4,mildstressor,prepost,bl,0,512.6
24,230306_SEFL21G3_mildstressor_g6,4,mildstressor,prepost,post,0,360.65
24,230306_SEFL21G3_mildstressor_g6,4,mildstressor,startle,startle_pre,0,482.31
24,230306_SEFL21G3_mildstressor_g6,4,mildstressor,startle,startle_startle,0,1234.29
24,230306_SEFL21G3_mildstressor_g6,4,mildstressor,startle,startle_post,0,163.7
1,230307_SEFL21G3_sefltest_g4,1,mildstressortest,min,min01,0,371.85
1,230307_SEFL21G3_sefltest_g4,1,mildstressortest,min,min02,4,365.34
1,230307_SEFL21G3_sefltest_g4,1,mildstressortest,min,min03,3.67,303.51
1,230307_SEFL21G3_sefltest_g4,1,mildstressortest,min,min04,2.28,330.3
1,230307_SEFL21G3_sefltest_g4,1,mildstressortest,min,min05,5.39,316.68
1,230307_SEFL21G3_sefltest_g4,1,mildstressortest,min,min06,5,327.71
1,230307_SEFL21G3_sefltest_g4,1,mildstressortest,min,min07,11.78,220.48
1,230307_SEFL21G3_sefltest_g4,1,mildstressortest,min,min08,0,294.84
1,230307_SEFL21G3_sefltest_g4,1,mildstressortest,avg,avg,4.01,316.34
2,230307_SEFL21G3_sefltest_g4,2,mildstressortest,min,min01,0,408.95
2,230307_SEFL21G3_sefltest_g4,2,mildstressortest,min,min02,1.83,352.89
2,230307_SEFL21G3_sefltest_g4,2,mildstressortest,min,min03,0,364.19
2,230307_SEFL21G3_sefltest_g4,2,mildstressortest,min,min04,0,415.55
2,230307_SEFL21G3_sefltest_g4,2,mildstressortest,min,min05,0,273.5
2,230307_SEFL21G3_sefltest_g4,2,mildstressortest,min,min06,0,374.31
2,230307_SEFL21G3_sefltest_g4,2,mildstressortest,min,min07,0,318.54
2,230307_SEFL21G3_sefltest_g4,2,mildstressortest,min,min08,1.72,378.37
2,230307_SEFL21G3_sefltest_g4,2,mildstressortest,avg,avg,0.44,360.79
3,230307_SEFL21G3_sefltest_g4,3,mildstressortest,min,min01,0,631.63
3,230307_SEFL21G3_sefltest_g4,3,mildstressortest,min,min02,0,513.25
3,230307_SEFL21G3_sefltest_g4,3,mildstressortest,min,min03,0,509.79
3,230307_SEFL21G3_sefltest_g4,3,mildstressortest,min,min04,0,302.16
3,230307_SEFL21G3_sefltest_g4,3,mildstressortest,min,min05,0,436.16
3,230307_SEFL21G3_sefltest_g4,3,mildstressortest,min,min06,1.72,472.09
3,230307_SEFL21G3_sefltest_g4,3,mildstressortest,min,min07,0,327.22
3,230307_SEFL21G3_sefltest_g4,3,mildstressortest,min,min08,0,210.3
3,230307_SEFL21G3_sefltest_g4,3,mildstressortest,avg,avg,0.22,425.32
4,230307_SEFL21G3_sefltest_g1,1,mildstressortest,min,min01,0,380.81
4,230307_SEFL21G3_sefltest_g1,1,mildstressortest,min,min02,0,235.84
4,230307_SEFL21G3_sefltest_g1,1,mildstressortest,min,min03,5.06,242.84
4,230307_SEFL21G3_sefltest_g1,1,mildstressortest,min,min04,4.72,194.25
4,230307_SEFL21G3_sefltest_g1,1,mildstressortest,min,min05,9.44,237.88
4,230307_SEFL21G3_sefltest_g1,1,mildstressortest,min,min06,17.83,197.52
4,230307_SEFL21G3_sefltest_g1,1,mildstressortest,min,min07,17.83,193.83
4,230307_SEFL21G3_sefltest_g1,1,mildstressortest,min,min08,16.72,178.18
4,230307_SEFL21G3_sefltest_g1,1,mildstressortest,avg,avg,8.95,232.64
5,230307_SEFL21G3_sefltest_g1,2,mildstressortest,min,min01,0,329
5,230307_SEFL21G3_sefltest_g1,2,mildstressortest,min,min02,4.22,209.38
5,230307_SEFL21G3_sefltest_g1,2,mildstressortest,min,min03,3.78,257.36
5,230307_SEFL21G3_sefltest_g1,2,mildstressortest,min,min04,18.06,142.35
5,230307_SEFL21G3_sefltest_g1,2,mildstressortest,min,min05,23.56,147.89
5,230307_SEFL21G3_sefltest_g1,2,mildstressortest,min,min06,17,203.88
5,230307_SEFL21G3_sefltest_g1,2,mildstressortest,min,min07,25.22,161.12
5,230307_SEFL21G3_sefltest_g1,2,mildstressortest,min,min08,12.61,132.98
5,230307_SEFL21G3_sefltest_g1,2,mildstressortest,avg,avg,13.13,198
6,230307_SEFL21G3_sefltest_g4,4,mildstressortest,min,min01,0,481.76
6,230307_SEFL21G3_sefltest_g4,4,mildstressortest,min,min02,0,314
6,230307_SEFL21G3_sefltest_g4,4,mildstressortest,min,min03,0,417.58
6,230307_SEFL21G3_sefltest_g4,4,mildstressortest,min,min04,0,417.94
6,230307_SEFL21G3_sefltest_g4,4,mildstressortest,min,min05,0,343.72
6,230307_SEFL21G3_sefltest_g4,4,mildstressortest,min,min06,0,348.6
6,230307_SEFL21G3_sefltest_g4,4,mildstressortest,min,min07,0,382.7
6,230307_SEFL21G3_sefltest_g4,4,mildstressortest,min,min08,0,275.83
6,230307_SEFL21G3_sefltest_g4,4,mildstressortest,avg,avg,0,372.77
7,230307_SEFL21G3_sefltest_g5,1,mildstressortest,min,min01,2.83,75.27
7,230307_SEFL21G3_sefltest_g5,1,mildstressortest,min,min02,0,65.14
7,230307_SEFL21G3_sefltest_g5,1,mildstressortest,min,min03,0,59.01
7,230307_SEFL21G3_sefltest_g5,1,mildstressortest,min,min04,0,43.9
7,230307_SEFL21G3_sefltest_g5,1,mildstressortest,min,min05,17.5,29.5
7,230307_SEFL21G3_sefltest_g5,1,mildstressortest,min,min06,58.22,6.11
7,230307_SEFL21G3_sefltest_g5,1,mildstressortest,min,min07,54.78,6.2
7,230307_SEFL21G3_sefltest_g5,1,mildstressortest,min,min08,11.56,15.62
7,230307_SEFL21G3_sefltest_g5,1,mildstressortest,avg,avg,18.25,37.59
8,230307_SEFL21G3_sefltest_g5,2,mildstressortest,min,min01,0,457.73
8,230307_SEFL21G3_sefltest_g5,2,mildstressortest,min,min02,0,387.54
8,230307_SEFL21G3_sefltest_g5,2,mildstressortest,min,min03,0,437.95
8,230307_SEFL21G3_sefltest_g5,2,mildstressortest,min,min04,0,371.88
8,230307_SEFL21G3_sefltest_g5,2,mildstressortest,min,min05,0,379.98
8,230307_SEFL21G3_sefltest_g5,2,mildstressortest,min,min06,4,422.67
8,230307_SEFL21G3_sefltest_g5,2,mildstressortest,min,min07,0,351.55
8,230307_SEFL21G3_sefltest_g5,2,mildstressortest,min,min08,0,308.93
8,230307_SEFL21G3_sefltest_g5,2,mildstressortest,avg,avg,0.5,389.78
9,230307_SEFL21G3_sefltest_g5,3,mildstressortest,min,min01,0,530.56
9,230307_SEFL21G3_sefltest_g5,3,mildstressortest,min,min02,0,412.1
9,230307_SEFL21G3_sefltest_g5,3,mildstressortest,min,min03,0,534.72
9,230307_SEFL21G3_sefltest_g5,3,mildstressortest,min,min04,1.78,388.24
9,230307_SEFL21G3_sefltest_g5,3,mildstressortest,min,min05,0,255.6
9,230307_SEFL21G3_sefltest_g5,3,mildstressortest,min,min06,0,383.97
9,230307_SEFL21G3_sefltest_g5,3,mildstressortest,min,min07,0,409.92
9,230307_SEFL21G3_sefltest_g5,3,mildstressortest,min,min08,0,353.96
9,230307_SEFL21G3_sefltest_g5,3,mildstressortest,avg,avg,0.22,408.63
10,230307_SEFL21G3_sefltest_g1,3,mildstressortest,min,min01,1.94,246.18
10,230307_SEFL21G3_sefltest_g1,3,mildstressortest,min,min02,13.72,119.94
10,230307_SEFL21G3_sefltest_g1,3,mildstressortest,min,min03,5.61,188.19
10,230307_SEFL21G3_sefltest_g1,3,mildstressortest,min,min04,12.94,162.72
10,230307_SEFL21G3_sefltest_g1,3,mildstressortest,min,min05,31.11,149.26
10,230307_SEFL21G3_sefltest_g1,3,mildstressortest,min,min06,9.33,217.93
10,230307_SEFL21G3_sefltest_g1,3,mildstressortest,min,min07,26.67,110.62
10,230307_SEFL21G3_sefltest_g1,3,mildstressortest,min,min08,0,212.27
10,230307_SEFL21G3_sefltest_g1,3,mildstressortest,avg,avg,12.76,175.89
11,230307_SEFL21G3_sefltest_g1,4,mildstressortest,min,min01,0,262.52
11,230307_SEFL21G3_sefltest_g1,4,mildstressortest,min,min02,1.78,156.99
11,230307_SEFL21G3_sefltest_g1,4,mildstressortest,min,min03,6.78,140.19
11,230307_SEFL21G3_sefltest_g1,4,mildstressortest,min,min04,1.94,152.58
11,230307_SEFL21G3_sefltest_g1,4,mildstressortest,min,min05,25.17,102.16
11,230307_SEFL21G3_sefltest_g1,4,mildstressortest,min,min06,8.83,218.41
11,230307_SEFL21G3_sefltest_g1,4,mildstressortest,min,min07,4.56,210.2
11,230307_SEFL21G3_sefltest_g1,4,mildstressortest,min,min08,0,143.44
11,230307_SEFL21G3_sefltest_g1,4,mildstressortest,avg,avg,6.15,173.31
12,230307_SEFL21G3_sefltest_g2,1,mildstressortest,min,min01,0,208.47
12,230307_SEFL21G3_sefltest_g2,1,mildstressortest,min,min02,3.78,142.86
12,230307_SEFL21G3_sefltest_g2,1,mildstressortest,min,min03,9.94,237.47
12,230307_SEFL21G3_sefltest_g2,1,mildstressortest,min,min04,1.78,171.07
12,230307_SEFL21G3_sefltest_g2,1,mildstressortest,min,min05,16.72,161.17
12,230307_SEFL21G3_sefltest_g2,1,mildstressortest,min,min06,9.72,162.31
12,230307_SEFL21G3_sefltest_g2,1,mildstressortest,min,min07,11.89,180.69
12,230307_SEFL21G3_sefltest_g2,1,mildstressortest,min,min08,5.78,102.31
12,230307_SEFL21G3_sefltest_g2,1,mildstressortest,avg,avg,7.83,170.79
13,230307_SEFL21G3_sefltest_g5,4,mildstressortest,min,min01,0,436.87
13,230307_SEFL21G3_sefltest_g5,4,mildstressortest,min,min02,0,305.75
13,230307_SEFL21G3_sefltest_g5,4,mildstressortest,min,min03,5.28,226.62
13,230307_SEFL21G3_sefltest_g5,4,mildstressortest,min,min04,2.56,245.1
13,230307_SEFL21G3_sefltest_g5,4,mildstressortest,min,min05,2.06,279.59
13,230307_SEFL21G3_sefltest_g5,4,mildstressortest,min,min06,3.83,274.62
13,230307_SEFL21G3_sefltest_g5,4,mildstressortest,min,min07,19.17,193.18
13,230307_SEFL21G3_sefltest_g5,4,mildstressortest,min,min08,12.39,195.18
13,230307_SEFL21G3_sefltest_g5,4,mildstressortest,avg,avg,5.66,269.61
14,230307_SEFL21G3_sefltest_g6,1,mildstressortest,min,min01,0,585.68
14,230307_SEFL21G3_sefltest_g6,1,mildstressortest,min,min02,0,493.17
14,230307_SEFL21G3_sefltest_g6,1,mildstressortest,min,min03,0,411.73
14,230307_SEFL21G3_sefltest_g6,1,mildstressortest,min,min04,0,391.75
14,230307_SEFL21G3_sefltest_g6,1,mildstressortest,min,min05,0,355.06
14,230307_SEFL21G3_sefltest_g6,1,mildstressortest,min,min06,1.72,416.41
14,230307_SEFL21G3_sefltest_g6,1,mildstressortest,min,min07,0,365.46
14,230307_SEFL21G3_sefltest_g6,1,mildstressortest,min,min08,0,367.91
14,230307_SEFL21G3_sefltest_g6,1,mildstressortest,avg,avg,0.22,423.4
15,230307_SEFL21G3_sefltest_g6,2,mildstressortest,min,min01,0,318.62
15,230307_SEFL21G3_sefltest_g6,2,mildstressortest,min,min02,4.89,244.02
15,230307_SEFL21G3_sefltest_g6,2,mildstressortest,min,min03,4.11,247.5
15,230307_SEFL21G3_sefltest_g6,2,mildstressortest,min,min04,9.22,183.96
15,230307_SEFL21G3_sefltest_g6,2,mildstressortest,min,min05,19.61,179.6
15,230307_SEFL21G3_sefltest_g6,2,mildstressortest,min,min06,0,201.48
15,230307_SEFL21G3_sefltest_g6,2,mildstressortest,min,min07,2.5,303.77
15,230307_SEFL21G3_sefltest_g6,2,mildstressortest,min,min08,14.06,226.77
15,230307_SEFL21G3_sefltest_g6,2,mildstressortest,avg,avg,6.97,238.21
16,230307_SEFL21G3_sefltest_g2,2,mildstressortest,min,min01,2.44,266.34
16,230307_SEFL21G3_sefltest_g2,2,mildstressortest,min,min02,1.67,217.76
16,230307_SEFL21G3_sefltest_g2,2,mildstressortest,min,min03,9.44,150.03
16,230307_SEFL21G3_sefltest_g2,2,mildstressortest,min,min04,17.22,96.49
16,230307_SEFL21G3_sefltest_g2,2,mildstressortest,min,min05,5.17,277.46
16,230307_SEFL21G3_sefltest_g2,2,mildstressortest,min,min06,1.67,215.8
16,230307_SEFL21G3_sefltest_g2,2,mildstressortest,min,min07,16.78,150.67
16,230307_SEFL21G3_sefltest_g2,2,mildstressortest,min,min08,7.11,124.86
16,230307_SEFL21G3_sefltest_g2,2,mildstressortest,avg,avg,7.69,187.42
17,230307_SEFL21G3_sefltest_g2,3,mildstressortest,min,min01,0,366.28
17,230307_SEFL21G3_sefltest_g2,3,mildstressortest,min,min02,0,331.94
17,230307_SEFL21G3_sefltest_g2,3,mildstressortest,min,min03,0,412.4
17,230307_SEFL21G3_sefltest_g2,3,mildstressortest,min,min04,0,239.89
17,230307_SEFL21G3_sefltest_g2,3,mildstressortest,min,min05,3.11,241.72
17,230307_SEFL21G3_sefltest_g2,3,mildstressortest,min,min06,0,249.09
17,230307_SEFL21G3_sefltest_g2,3,mildstressortest,min,min07,8,196.42
17,230307_SEFL21G3_sefltest_g2,3,mildstressortest,min,min08,4.5,116.23
17,230307_SEFL21G3_sefltest_g2,3,mildstressortest,avg,avg,1.95,269.25
18,230307_SEFL21G3_sefltest_g2,4,mildstressortest,min,min01,2,355.57
18,230307_SEFL21G3_sefltest_g2,4,mildstressortest,min,min02,0,287.87
18,230307_SEFL21G3_sefltest_g2,4,mildstressortest,min,min03,4.06,273.27
18,230307_SEFL21G3_sefltest_g2,4,mildstressortest,min,min04,2.61,242.89
18,230307_SEFL21G3_sefltest_g2,4,mildstressortest,min,min05,7.61,207.96
18,230307_SEFL21G3_sefltest_g2,4,mildstressortest,min,min06,5.39,206.46
18,230307_SEFL21G3_sefltest_g2,4,mildstressortest,min,min07,8.5,190.23
18,230307_SEFL21G3_sefltest_g2,4,mildstressortest,min,min08,14.06,159.04
18,230307_SEFL21G3_sefltest_g2,4,mildstressortest,avg,avg,5.53,240.41
19,230307_SEFL21G3_sefltest_g3,1,mildstressortest,min,min01,0,580.4
19,230307_SEFL21G3_sefltest_g3,1,mildstressortest,min,min02,0,552.04
19,230307_SEFL21G3_sefltest_g3,1,mildstressortest,min,min03,0,449.59
19,230307_SEFL21G3_sefltest_g3,1,mildstressortest,min,min04,0,403.94
19,230307_SEFL21G3_sefltest_g3,1,mildstressortest,min,min05,2.11,358.2
19,230307_SEFL21G3_sefltest_g3,1,mildstressortest,min,min06,0,411.42
19,230307_SEFL21G3_sefltest_g3,1,mildstressortest,min,min07,0,454.78
19,230307_SEFL21G3_sefltest_g3,1,mildstressortest,min,min08,0,342.27
19,230307_SEFL21G3_sefltest_g3,1,mildstressortest,avg,avg,0.26,444.08
20,230307_SEFL21G3_sefltest_g3,2,mildstressortest,min,min01,2.11,104.46
20,230307_SEFL21G3_sefltest_g3,2,mildstressortest,min,min02,2.44,99.19
20,230307_SEFL21G3_sefltest_g3,2,mildstressortest,min,min03,0,46.12
20,230307_SEFL21G3_sefltest_g3,2,mildstressortest,min,min04,2.44,141.49
20,230307_SEFL21G3_sefltest_g3,2,mildstressortest,min,min05,0,216.51
20,230307_SEFL21G3_sefltest_g3,2,mildstressortest,min,min06,8.11,107.98
20,230307_SEFL21G3_sefltest_g3,2,mildstressortest,min,min07,0,317.82
20,230307_SEFL21G3_sefltest_g3,2,mildstressortest,min,min08,2,352.28
20,230307_SEFL21G3_sefltest_g3,2,mildstressortest,avg,avg,2.14,173.23
21,230307_SEFL21G3_sefltest_g3,3,mildstressortest,,min01,0,442.92
21,230307_SEFL21G3_sefltest_g3,3,mildstressortest,,min02,0,477.04
21,230307_SEFL21G3_sefltest_g3,3,mildstressortest,,min03,11.17,290.29
21,230307_SEFL21G3_sefltest_g3,3,mildstressortest,,min04,3.83,301.9
21,230307_SEFL21G3_sefltest_g3,3,mildstressortest,,min05,7.28,189.72
21,230307_SEFL21G3_sefltest_g3,3,mildstressortest,,min06,6.33,281.15
21,230307_SEFL21G3_sefltest_g3,3,mildstressortest,,min07,15.22,274.78
21,230307_SEFL21G3_sefltest_g3,3,mildstressortest,,min08,3.72,262.92
21,230307_SEFL21G3_sefltest_g3,3,mildstressortest,,avg,5.94,315.09
22,230307_SEFL21G3_sefltest_g3,4,mildstressortest,,min01,0,428.94
22,230307_SEFL21G3_sefltest_g3,4,mildstressortest,,min02,0,473.39
22,230307_SEFL21G3_sefltest_g3,4,mildstressortest,,min03,0,352.98
22,230307_SEFL21G3_sefltest_g3,4,mildstressortest,,min04,0,309.77
22,230307_SEFL21G3_sefltest_g3,4,mildstressortest,,min05,0,273.81
22,230307_SEFL21G3_sefltest_g3,4,mildstressortest,,min06,0,280.54
22,230307_SEFL21G3_sefltest_g3,4,mildstressortest,,min07,0,274.67
22,230307_SEFL21G3_sefltest_g3,4,mildstressortest,,min08,0,197.23
22,230307_SEFL21G3_sefltest_g3,4,mildstressortest,,avg,0,323.91
23,230307_SEFL21G3_sefltest_g6,3,mildstressortest,,min01,0,419.22
23,230307_SEFL21G3_sefltest_g6,3,mildstressortest,,min02,0,469.86
23,230307_SEFL21G3_sefltest_g6,3,mildstressortest,,min03,0,420.21
23,230307_SEFL21G3_sefltest_g6,3,mildstressortest,,min04,0,403.59
23,230307_SEFL21G3_sefltest_g6,3,mildstressortest,,min05,0,332.2
23,230307_SEFL21G3_sefltest_g6,3,mildstressortest,,min06,2.06,310.67
23,230307_SEFL21G3_sefltest_g6,3,mildstressortest,,min07,1.67,212.03
23,230307_SEFL21G3_sefltest_g6,3,mildstressortest,,min08,0,399.66
23,230307_SEFL21G3_sefltest_g6,3,mildstressortest,,avg,0.47,370.93
24,230307_SEFL21G3_sefltest_g6,4,mildstressortest,,min01,0,358.39
24,230307_SEFL21G3_sefltest_g6,4,mildstressortest,,min02,0,291.55
24,230307_SEFL21G3_sefltest_g6,4,mildstressortest,,min03,3.5,283.2
24,230307_SEFL21G3_sefltest_g6,4,mildstressortest,,min04,22.39,184.04
24,230307_SEFL21G3_sefltest_g6,4,mildstressortest,,min05,10.94,196.21
24,230307_SEFL21G3_sefltest_g6,4,mildstressortest,,min06,8.33,207.28
24,230307_SEFL21G3_sefltest_g6,4,mildstressortest,,min07,10.22,237
24,230307_SEFL21G3_sefltest_g6,4,mildstressortest,,min08,6.06,231.3
24,230307_SEFL21G3_sefltest_g6,4,mildstressortest,,avg,7.71,248.62
1,230309_SEFL21G3_trauma_g4,1,trauma,baseline,baseline,16.59,86.14
1,230309_SEFL21G3_trauma_g4,1,trauma,shock,shock01,0,452.1
1,230309_SEFL21G3_trauma_g4,1,trauma,shock,shock02,0,275.37
1,230309_SEFL21G3_trauma_g4,1,trauma,shock,shock03,0,279.03
1,230309_SEFL21G3_trauma_g4,1,trauma,shock,shock04,0,343.93
1,230309_SEFL21G3_trauma_g4,1,trauma,shock,shock05,0,353.8
1,230309_SEFL21G3_trauma_g4,1,trauma,shock,shock06,0,233.4
1,230309_SEFL21G3_trauma_g4,1,trauma,shock,shock07,0,633.6
1,230309_SEFL21G3_trauma_g4,1,trauma,shock,shock08,0,207.2
1,230309_SEFL21G3_trauma_g4,1,trauma,shock,shock09,0,331.2
1,230309_SEFL21G3_trauma_g4,1,trauma,shock,shock10,0,174.5
1,230309_SEFL21G3_trauma_g4,1,trauma,postshock,postshock01,79.78,6.12
1,230309_SEFL21G3_trauma_g4,1,trauma,postshock,postshock02,60.89,63.39
1,230309_SEFL21G3_trauma_g4,1,trauma,postshock,postshock03,73.44,15.54
1,230309_SEFL21G3_trauma_g4,1,trauma,postshock,postshock04,83.78,5.27
1,230309_SEFL21G3_trauma_g4,1,trauma,postshock,postshock05,100,0.02
1,230309_SEFL21G3_trauma_g4,1,trauma,postshock,postshock06,83.44,15.1
1,230309_SEFL21G3_trauma_g4,1,trauma,postshock,postshock07,93.78,0.83
1,230309_SEFL21G3_trauma_g4,1,trauma,postshock,postshock08,59.67,11.53
1,230309_SEFL21G3_trauma_g4,1,trauma,postshock,postshock09,98.78,0.33
1,230309_SEFL21G3_trauma_g4,1,trauma,postshock,postshock10,60.44,25.45
2,230309_SEFL21G3_trauma_g4,2,trauma,baseline,baseline,0,248.77
2,230309_SEFL21G3_trauma_g4,2,trauma,shock,shock01,0,1818.73
2,230309_SEFL21G3_trauma_g4,2,trauma,shock,shock02,0,1195.07
2,230309_SEFL21G3_trauma_g4,2,trauma,shock,shock03,0,658.47
2,230309_SEFL21G3_trauma_g4,2,trauma,shock,shock04,0,946.73
2,230309_SEFL21G3_trauma_g4,2,trauma,shock,shock05,0,922.57
2,230309_SEFL21G3_trauma_g4,2,trauma,shock,shock06,0,1227.83
2,230309_SEFL21G3_trauma_g4,2,trauma,shock,shock07,0,1004.17
2,230309_SEFL21G3_trauma_g4,2,trauma,shock,shock08,0,897.33
2,230309_SEFL21G3_trauma_g4,2,trauma,shock,shock09,0,523.8
2,230309_SEFL21G3_trauma_g4,2,trauma,shock,shock10,0,622.67
2,230309_SEFL21G3_trauma_g4,2,trauma,postshock,postshock01,4.44,105.02
2,230309_SEFL21G3_trauma_g4,2,trauma,postshock,postshock02,22.22,158.92
2,230309_SEFL21G3_trauma_g4,2,trauma,postshock,postshock03,0,198.69
2,230309_SEFL21G3_trauma_g4,2,trauma,postshock,postshock04,4.44,216.32
2,230309_SEFL21G3_trauma_g4,2,trauma,postshock,postshock05,11,197.24
2,230309_SEFL21G3_trauma_g4,2,trauma,postshock,postshock06,39.89,64.2
2,230309_SEFL21G3_trauma_g4,2,trauma,postshock,postshock07,26.78,46.32
2,230309_SEFL21G3_trauma_g4,2,trauma,postshock,postshock08,14.33,143.79
2,230309_SEFL21G3_trauma_g4,2,trauma,postshock,postshock09,56.11,26.05
2,230309_SEFL21G3_trauma_g4,2,trauma,postshock,postshock10,0,173.04
3,230309_SEFL21G3_trauma_g4,3,trauma,baseline,baseline,2.56,181.94
3,230309_SEFL21G3_trauma_g4,3,trauma,shock,shock01,0,826.1
3,230309_SEFL21G3_trauma_g4,3,trauma,shock,shock02,0,1064.3
3,230309_SEFL21G3_trauma_g4,3,trauma,shock,shock03,0,410.53
3,230309_SEFL21G3_trauma_g4,3,trauma,shock,shock04,0,848.73
3,230309_SEFL21G3_trauma_g4,3,trauma,shock,shock05,0,615.87
3,230309_SEFL21G3_trauma_g4,3,trauma,shock,shock06,0,950.93
3,230309_SEFL21G3_trauma_g4,3,trauma,shock,shock07,0,456.13
3,230309_SEFL21G3_trauma_g4,3,trauma,shock,shock08,0,466.87
3,230309_SEFL21G3_trauma_g4,3,trauma,shock,shock09,0,518.7
3,230309_SEFL21G3_trauma_g4,3,trauma,shock,shock10,0,532.97
3,230309_SEFL21G3_trauma_g4,3,trauma,postshock,postshock01,19.78,168.34
3,230309_SEFL21G3_trauma_g4,3,trauma,postshock,postshock02,17.67,70.82
3,230309_SEFL21G3_trauma_g4,3,trauma,postshock,postshock03,0,248.82
3,230309_SEFL21G3_trauma_g4,3,trauma,postshock,postshock04,4.11,184.71
3,230309_SEFL21G3_trauma_g4,3,trauma,postshock,postshock05,0,190.77
3,230309_SEFL21G3_trauma_g4,3,trauma,postshock,postshock06,0,43.24
3,230309_SEFL21G3_trauma_g4,3,trauma,postshock,postshock07,0,97.4
3,230309_SEFL21G3_trauma_g4,3,trauma,postshock,postshock08,8.89,53.48
3,230309_SEFL21G3_trauma_g4,3,trauma,postshock,postshock09,13.67,22.76
3,230309_SEFL21G3_trauma_g4,3,trauma,postshock,postshock10,0,167.85
4,230309_SEFL21G3_trauma_g1,1,trauma,baseline,baseline,2.71,183.06
4,230309_SEFL21G3_trauma_g1,1,trauma,shock,shock01,0,1113.73
4,230309_SEFL21G3_trauma_g1,1,trauma,shock,shock02,0,694.83
4,230309_SEFL21G3_trauma_g1,1,trauma,shock,shock03,0,474.57
4,230309_SEFL21G3_trauma_g1,1,trauma,shock,shock04,0,724.37
4,230309_SEFL21G3_trauma_g1,1,trauma,shock,shock05,0,183.9
4,230309_SEFL21G3_trauma_g1,1,trauma,shock,shock06,0,287.07
4,230309_SEFL21G3_trauma_g1,1,trauma,shock,shock07,0,399.6
4,230309_SEFL21G3_trauma_g1,1,trauma,shock,shock08,0,756.63
4,230309_SEFL21G3_trauma_g1,1,trauma,shock,shock09,0,445.9
4,230309_SEFL21G3_trauma_g1,1,trauma,shock,shock10,0,704.07
4,230309_SEFL21G3_trauma_g1,1,trauma,postshock,postshock01,3.67,217.03
4,230309_SEFL21G3_trauma_g1,1,trauma,postshock,postshock02,35.22,99.42
4,230309_SEFL21G3_trauma_g1,1,trauma,postshock,postshock03,31.78,94.42
4,230309_SEFL21G3_trauma_g1,1,trauma,postshock,postshock04,13.44,54.94
4,230309_SEFL21G3_trauma_g1,1,trauma,postshock,postshock05,28.33,49.38
4,230309_SEFL21G3_trauma_g1,1,trauma,postshock,postshock06,24.78,27.98
4,230309_SEFL21G3_trauma_g1,1,trauma,postshock,postshock07,33.33,50.91
4,230309_SEFL21G3_trauma_g1,1,trauma,postshock,postshock08,46.44,11.44
4,230309_SEFL21G3_trauma_g1,1,trauma,postshock,postshock09,23,114.58
4,230309_SEFL21G3_trauma_g1,1,trauma,postshock,postshock10,69,8.46
5,230309_SEFL21G3_trauma_g1,2,trauma,baseline,baseline,2.95,208.26
5,230309_SEFL21G3_trauma_g1,2,trauma,shock,shock01,0,643.1
5,230309_SEFL21G3_trauma_g1,2,trauma,shock,shock02,0,957.4
5,230309_SEFL21G3_trauma_g1,2,trauma,shock,shock03,0,1025.1
5,230309_SEFL21G3_trauma_g1,2,trauma,shock,shock04,0,703.73
5,230309_SEFL21G3_trauma_g1,2,trauma,shock,shock05,0,455.1
5,230309_SEFL21G3_trauma_g1,2,trauma,shock,shock06,0,861.53
5,230309_SEFL21G3_trauma_g1,2,trauma,shock,shock07,0,256.93
5,230309_SEFL21G3_trauma_g1,2,trauma,shock,shock08,0,449.33
5,230309_SEFL21G3_trauma_g1,2,trauma,shock,shock09,0,645.23
5,230309_SEFL21G3_trauma_g1,2,trauma,shock,shock10,0,464.8
5,230309_SEFL21G3_trauma_g1,2,trauma,postshock,postshock01,7.33,163.66
5,230309_SEFL21G3_trauma_g1,2,trauma,postshock,postshock02,14.89,130.48
5,230309_SEFL21G3_trauma_g1,2,trauma,postshock,postshock03,48.44,30.54
5,230309_SEFL21G3_trauma_g1,2,trauma,postshock,postshock04,17.67,138.09
5,230309_SEFL21G3_trauma_g1,2,trauma,postshock,postshock05,17.78,55.73
5,230309_SEFL21G3_trauma_g1,2,trauma,postshock,postshock06,52.56,10.65
5,230309_SEFL21G3_trauma_g1,2,trauma,postshock,postshock07,0,156.84
5,230309_SEFL21G3_trauma_g1,2,trauma,postshock,postshock08,34.11,95.91
5,230309_SEFL21G3_trauma_g1,2,trauma,postshock,postshock09,35.56,57.15
5,230309_SEFL21G3_trauma_g1,2,trauma,postshock,postshock10,25.56,58.41
6,230309_SEFL21G3_trauma_g4,4,trauma,baseline,baseline,0,288.07
6,230309_SEFL21G3_trauma_g4,4,trauma,shock,shock01,0,1093.67
6,230309_SEFL21G3_trauma_g4,4,trauma,shock,shock02,0,495.03
6,230309_SEFL21G3_trauma_g4,4,trauma,shock,shock03,0,391.57
6,230309_SEFL21G3_trauma_g4,4,trauma,shock,shock04,0,423.03
6,230309_SEFL21G3_trauma_g4,4,trauma,shock,shock05,0,943.57
6,230309_SEFL21G3_trauma_g4,4,trauma,shock,shock06,0,778.1
6,230309_SEFL21G3_trauma_g4,4,trauma,shock,shock07,0,722.37
6,230309_SEFL21G3_trauma_g4,4,trauma,shock,shock08,0,801.37
6,230309_SEFL21G3_trauma_g4,4,trauma,shock,shock09,0,662.3
6,230309_SEFL21G3_trauma_g4,4,trauma,shock,shock10,0,496.5
6,230309_SEFL21G3_trauma_g4,4,trauma,postshock,postshock01,3.78,188.12
6,230309_SEFL21G3_trauma_g4,4,trauma,postshock,postshock02,11.89,159.77
6,230309_SEFL21G3_trauma_g4,4,trauma,postshock,postshock03,33.11,76.74
6,230309_SEFL21G3_trauma_g4,4,trauma,postshock,postshock04,21.56,198.57
6,230309_SEFL21G3_trauma_g4,4,trauma,postshock,postshock05,31,134.08
6,230309_SEFL21G3_trauma_g4,4,trauma,postshock,postshock06,69.56,17.22
6,230309_SEFL21G3_trauma_g4,4,trauma,postshock,postshock07,19.89,106.15
6,230309_SEFL21G3_trauma_g4,4,trauma,postshock,postshock08,8.33,258.78
6,230309_SEFL21G3_trauma_g4,4,trauma,postshock,postshock09,28.11,121.16
6,230309_SEFL21G3_trauma_g4,4,trauma,postshock,postshock10,58,21.64
7,230309_SEFL21G3_trauma_g5,1,trauma,baseline,baseline,0.32,159.29
7,230309_SEFL21G3_trauma_g5,1,trauma,shock,shock01,0,959.33
7,230309_SEFL21G3_trauma_g5,1,trauma,shock,shock02,0,669.27
7,230309_SEFL21G3_trauma_g5,1,trauma,shock,shock03,0,701.43
7,230309_SEFL21G3_trauma_g5,1,trauma,shock,shock04,0,609.27
7,230309_SEFL21G3_trauma_g5,1,trauma,shock,shock05,0,396.4
7,230309_SEFL21G3_trauma_g5,1,trauma,shock,shock06,0,314.67
7,230309_SEFL21G3_trauma_g5,1,trauma,shock,shock07,0,321.5
7,230309_SEFL21G3_trauma_g5,1,trauma,shock,shock08,0,545.67
7,230309_SEFL21G3_trauma_g5,1,trauma,shock,shock09,0,377.07
7,230309_SEFL21G3_trauma_g5,1,trauma,shock,shock10,0,382.1
7,230309_SEFL21G3_trauma_g5,1,trauma,postshock,postshock01,3.44,219.58
7,230309_SEFL21G3_trauma_g5,1,trauma,postshock,postshock02,24.44,62.82
7,230309_SEFL21G3_trauma_g5,1,trauma,postshock,postshock03,39.44,21.02
7,230309_SEFL21G3_trauma_g5,1,trauma,postshock,postshock04,36.56,22.16
7,230309_SEFL21G3_trauma_g5,1,trauma,postshock,postshock05,78.67,6.89
7,230309_SEFL21G3_trauma_g5,1,trauma,postshock,postshock06,34,40.9
7,230309_SEFL21G3_trauma_g5,1,trauma,postshock,postshock07,69.89,24.08
7,230309_SEFL21G3_trauma_g5,1,trauma,postshock,postshock08,71.78,24.86
7,230309_SEFL21G3_trauma_g5,1,trauma,postshock,postshock09,47.67,47.31
7,230309_SEFL21G3_trauma_g5,1,trauma,postshock,postshock10,45,36.79
8,230309_SEFL21G3_trauma_g5,2,trauma,baseline,baseline,0,319.42
8,230309_SEFL21G3_trauma_g5,2,trauma,shock,shock01,0,1053.07
8,230309_SEFL21G3_trauma_g5,2,trauma,shock,shock02,0,782.6
8,230309_SEFL21G3_trauma_g5,2,trauma,shock,shock03,0,817.13
8,230309_SEFL21G3_trauma_g5,2,trauma,shock,shock04,0,1354.17
8,230309_SEFL21G3_trauma_g5,2,trauma,shock,shock05,0,889.33
8,230309_SEFL21G3_trauma_g5,2,trauma,shock,shock06,0,1336.2
8,230309_SEFL21G3_trauma_g5,2,trauma,shock,shock07,0,1001.5
8,230309_SEFL21G3_trauma_g5,2,trauma,shock,shock08,0,996.93
8,230309_SEFL21G3_trauma_g5,2,trauma,shock,shock09,0,1304.47
8,230309_SEFL21G3_trauma_g5,2,trauma,shock,shock10,0,899.23
8,230309_SEFL21G3_trauma_g5,2,trauma,postshock,postshock01,0,244.97
8,230309_SEFL21G3_trauma_g5,2,trauma,postshock,postshock02,0,291.07
8,230309_SEFL21G3_trauma_g5,2,trauma,postshock,postshock03,5.89,257.34
8,230309_SEFL21G3_trauma_g5,2,trauma,postshock,postshock04,0,115.3
8,230309_SEFL21G3_trauma_g5,2,trauma,postshock,postshock05,0,202.77
8,230309_SEFL21G3_trauma_g5,2,trauma,postshock,postshock06,26.67,50.74
8,230309_SEFL21G3_trauma_g5,2,trauma,postshock,postshock07,32.33,54.78
8,230309_SEFL21G3_trauma_g5,2,trauma,postshock,postshock08,47.67,25.75
8,230309_SEFL21G3_trauma_g5,2,trauma,postshock,postshock09,14.11,54.75
8,230309_SEFL21G3_trauma_g5,2,trauma,postshock,postshock10,37,23.82
9,230309_SEFL21G3_trauma_g5,3,trauma,baseline,baseline,1.53,181.15
9,230309_SEFL21G3_trauma_g5,3,trauma,shock,shock01,0,1077.77
9,230309_SEFL21G3_trauma_g5,3,trauma,shock,shock02,0,532.23
9,230309_SEFL21G3_trauma_g5,3,trauma,shock,shock03,0,436.03
9,230309_SEFL21G3_trauma_g5,3,trauma,shock,shock04,0,342.1
9,230309_SEFL21G3_trauma_g5,3,trauma,shock,shock05,0,368.2
9,230309_SEFL21G3_trauma_g5,3,trauma,shock,shock06,0,1184.4
9,230309_SEFL21G3_trauma_g5,3,trauma,shock,shock07,0,601
9,230309_SEFL21G3_trauma_g5,3,trauma,shock,shock08,0,596.6
9,230309_SEFL21G3_trauma_g5,3,trauma,shock,shock09,0,450.6
9,230309_SEFL21G3_trauma_g5,3,trauma,shock,shock10,0,638.27
9,230309_SEFL21G3_trauma_g5,3,trauma,postshock,postshock01,40.67,38.59
9,230309_SEFL21G3_trauma_g5,3,trauma,postshock,postshock02,18.33,167.52
9,230309_SEFL21G3_trauma_g5,3,trauma,postshock,postshock03,9.22,103.19
9,230309_SEFL21G3_trauma_g5,3,trauma,postshock,postshock04,8.56,52.78
9,230309_SEFL21G3_trauma_g5,3,trauma,postshock,postshock05,0,158.89
9,230309_SEFL21G3_trauma_g5,3,trauma,postshock,postshock06,33.33,32.26
9,230309_SEFL21G3_trauma_g5,3,trauma,postshock,postshock07,41.89,28.66
9,230309_SEFL21G3_trauma_g5,3,trauma,postshock,postshock08,3.78,148.53
9,230309_SEFL21G3_trauma_g5,3,trauma,postshock,postshock09,30.22,88.62
9,230309_SEFL21G3_trauma_g5,3,trauma,postshock,postshock10,14.56,63.38
10,230309_SEFL21G3_trauma_g1,3,trauma,baseline,baseline,2.39,188.86
10,230309_SEFL21G3_trauma_g1,3,trauma,shock,shock01,0,1493.8
10,230309_SEFL21G3_trauma_g1,3,trauma,shock,shock02,0,397.73
10,230309_SEFL21G3_trauma_g1,3,trauma,shock,shock03,0,816.8
10,230309_SEFL21G3_trauma_g1,3,trauma,shock,shock04,0,407.7
10,230309_SEFL21G3_trauma_g1,3,trauma,shock,shock05,0,817.87
10,230309_SEFL21G3_trauma_g1,3,trauma,shock,shock06,0,577.3
10,230309_SEFL21G3_trauma_g1,3,trauma,shock,shock07,0,707.17
10,230309_SEFL21G3_trauma_g1,3,trauma,shock,shock08,0,385.27
10,230309_SEFL21G3_trauma_g1,3,trauma,shock,shock09,0,262.43
10,230309_SEFL21G3_trauma_g1,3,trauma,shock,shock10,0,417.73
10,230309_SEFL21G3_trauma_g1,3,trauma,postshock,postshock01,10.56,36.52
10,230309_SEFL21G3_trauma_g1,3,trauma,postshock,postshock02,55.22,22.64
10,230309_SEFL21G3_trauma_g1,3,trauma,postshock,postshock03,14.56,98.08
10,230309_SEFL21G3_trauma_g1,3,trauma,postshock,postshock04,26.78,49.51
10,230309_SEFL21G3_trauma_g1,3,trauma,postshock,postshock05,32.67,24.48
10,230309_SEFL21G3_trauma_g1,3,trauma,postshock,postshock06,41.22,33.8
10,230309_SEFL21G3_trauma_g1,3,trauma,postshock,postshock07,33.22,28.75
10,230309_SEFL21G3_trauma_g1,3,trauma,postshock,postshock08,15.78,98.53
10,230309_SEFL21G3_trauma_g1,3,trauma,postshock,postshock09,90,2.57
10,230309_SEFL21G3_trauma_g1,3,trauma,postshock,postshock10,53.67,20.24
11,230309_SEFL21G3_trauma_g1,4,trauma,baseline,baseline,2.08,68.32
11,230309_SEFL21G3_trauma_g1,4,trauma,shock,shock01,0,1075.9
11,230309_SEFL21G3_trauma_g1,4,trauma,shock,shock02,0,202.57
11,230309_SEFL21G3_trauma_g1,4,trauma,shock,shock03,0,175.23
11,230309_SEFL21G3_trauma_g1,4,trauma,shock,shock04,0,198.97
11,230309_SEFL21G3_trauma_g1,4,trauma,shock,shock05,0,275.73
11,230309_SEFL21G3_trauma_g1,4,trauma,shock,shock06,0,259.67
11,230309_SEFL21G3_trauma_g1,4,trauma,shock,shock07,0,358.43
11,230309_SEFL21G3_trauma_g1,4,trauma,shock,shock08,0,262.07
11,230309_SEFL21G3_trauma_g1,4,trauma,shock,shock09,0,220.2
11,230309_SEFL21G3_trauma_g1,4,trauma,shock,shock10,0,59.6
11,230309_SEFL21G3_trauma_g1,4,trauma,postshock,postshock01,43.67,11.43
11,230309_SEFL21G3_trauma_g1,4,trauma,postshock,postshock02,24.22,19.25
11,230309_SEFL21G3_trauma_g1,4,trauma,postshock,postshock03,73,30.07
11,230309_SEFL21G3_trauma_g1,4,trauma,postshock,postshock04,0,100
11,230309_SEFL21G3_trauma_g1,4,trauma,postshock,postshock05,58.56,44.44
11,230309_SEFL21G3_trauma_g1,4,trauma,postshock,postshock06,42.89,61.89
11,230309_SEFL21G3_trauma_g1,4,trauma,postshock,postshock07,16.56,58.13
11,230309_SEFL21G3_trauma_g1,4,trauma,postshock,postshock08,42.33,22.49
11,230309_SEFL21G3_trauma_g1,4,trauma,postshock,postshock09,82.11,3.52
11,230309_SEFL21G3_trauma_g1,4,trauma,postshock,postshock10,50.78,15.37
12,230309_SEFL21G3_trauma_g2,1,trauma,baseline,baseline,0.99,171.32
12,230309_SEFL21G3_trauma_g2,1,trauma,shock,shock01,0,756.47
12,230309_SEFL21G3_trauma_g2,1,trauma,shock,shock02,0,534.6
12,230309_SEFL21G3_trauma_g2,1,trauma,shock,shock03,0,610.07
12,230309_SEFL21G3_trauma_g2,1,trauma,shock,shock04,0,397.2
12,230309_SEFL21G3_trauma_g2,1,trauma,shock,shock05,0,337.83
12,230309_SEFL21G3_trauma_g2,1,trauma,shock,shock06,0,303.03
12,230309_SEFL21G3_trauma_g2,1,trauma,shock,shock07,0,499.13
12,230309_SEFL21G3_trauma_g2,1,trauma,shock,shock08,0,551.8
12,230309_SEFL21G3_trauma_g2,1,trauma,shock,shock09,0,383.83
12,230309_SEFL21G3_trauma_g2,1,trauma,shock,shock10,0,523.53
12,230309_SEFL21G3_trauma_g2,1,trauma,postshock,postshock01,0,199.54
12,230309_SEFL21G3_trauma_g2,1,trauma,postshock,postshock02,40.89,23.39
12,230309_SEFL21G3_trauma_g2,1,trauma,postshock,postshock03,49.22,15.32
12,230309_SEFL21G3_trauma_g2,1,trauma,postshock,postshock04,8,66.98
12,230309_SEFL21G3_trauma_g2,1,trauma,postshock,postshock05,8.33,93.07
12,230309_SEFL21G3_trauma_g2,1,trauma,postshock,postshock06,4.11,72.27
12,230309_SEFL21G3_trauma_g2,1,trauma,postshock,postshock07,41.22,15.56
12,230309_SEFL21G3_trauma_g2,1,trauma,postshock,postshock08,0,84.19
12,230309_SEFL21G3_trauma_g2,1,trauma,postshock,postshock09,24.56,142.65
12,230309_SEFL21G3_trauma_g2,1,trauma,postshock,postshock10,19.78,39.67
13,230309_SEFL21G3_trauma_g5,4,trauma,baseline,baseline,3.61,188.74
13,230309_SEFL21G3_trauma_g5,4,trauma,shock,shock01,0,1496.43
13,230309_SEFL21G3_trauma_g5,4,trauma,shock,shock02,0,797.7
13,230309_SEFL21G3_trauma_g5,4,trauma,shock,shock03,0,728.17
13,230309_SEFL21G3_trauma_g5,4,trauma,shock,shock04,0,762.77
13,230309_SEFL21G3_trauma_g5,4,trauma,shock,shock05,0,260.53
13,230309_SEFL21G3_trauma_g5,4,trauma,shock,shock06,0,742.5
13,230309_SEFL21G3_trauma_g5,4,trauma,shock,shock07,0,649.77
13,230309_SEFL21G3_trauma_g5,4,trauma,shock,shock08,0,907.2
13,230309_SEFL21G3_trauma_g5,4,trauma,shock,shock09,0,476.3
13,230309_SEFL21G3_trauma_g5,4,trauma,shock,shock10,0,358.23
13,230309_SEFL21G3_trauma_g5,4,trauma,postshock,postshock01,82.89,10.13
13,230309_SEFL21G3_trauma_g5,4,trauma,postshock,postshock02,44.78,16.72
13,230309_SEFL21G3_trauma_g5,4,trauma,postshock,postshock03,71,13.58
13,230309_SEFL21G3_trauma_g5,4,trauma,postshock,postshock04,22,111.22
13,230309_SEFL21G3_trauma_g5,4,trauma,postshock,postshock05,73.56,12.35
13,230309_SEFL21G3_trauma_g5,4,trauma,postshock,postshock06,33.33,58.49
13,230309_SEFL21G3_trauma_g5,4,trauma,postshock,postshock07,42.22,55.87
13,230309_SEFL21G3_trauma_g5,4,trauma,postshock,postshock08,83.78,4.63
13,230309_SEFL21G3_trauma_g5,4,trauma,postshock,postshock09,85.56,1.51
13,230309_SEFL21G3_trauma_g5,4,trauma,postshock,postshock10,70.22,16.74
14,230309_SEFL21G3_trauma_g6,1,trauma,baseline,baseline,3.46,191.31
14,230309_SEFL21G3_trauma_g6,1,trauma,shock,shock01,0,1233.37
14,230309_SEFL21G3_trauma_g6,1,trauma,shock,shock02,0,903.73
14,230309_SEFL21G3_trauma_g6,1,trauma,shock,shock03,0,629.9
14,230309_SEFL21G3_trauma_g6,1,trauma,shock,shock04,0,812.57
14,230309_SEFL21G3_trauma_g6,1,trauma,shock,shock05,0,475.4
14,230309_SEFL21G3_trauma_g6,1,trauma,shock,shock06,0,847.7
14,230309_SEFL21G3_trauma_g6,1,trauma,shock,shock07,0,572.23
14,230309_SEFL21G3_trauma_g6,1,trauma,shock,shock08,0,432.07
14,230309_SEFL21G3_trauma_g6,1,trauma,shock,shock09,0,452.13
14,230309_SEFL21G3_trauma_g6,1,trauma,shock,shock10,0,382.2
14,230309_SEFL21G3_trauma_g6,1,trauma,postshock,postshock01,0,254.43
14,230309_SEFL21G3_trauma_g6,1,trauma,postshock,postshock02,0,303.78
14,230309_SEFL21G3_trauma_g6,1,trauma,postshock,postshock03,0,240.85
14,230309_SEFL21G3_trauma_g6,1,trauma,postshock,postshock04,0,119.13
14,230309_SEFL21G3_trauma_g6,1,trauma,postshock,postshock05,4.33,125.47
14,230309_SEFL21G3_trauma_g6,1,trauma,postshock,postshock06,49.44,21.94
14,230309_SEFL21G3_trauma_g6,1,trauma,postshock,postshock07,0,106.5
14,230309_SEFL21G3_trauma_g6,1,trauma,postshock,postshock08,0,168.37
14,230309_SEFL21G3_trauma_g6,1,trauma,postshock,postshock09,0,54.68
14,230309_SEFL21G3_trauma_g6,1,trauma,postshock,postshock10,11.56,153.07
15,230309_SEFL21G3_trauma_g6,2,trauma,baseline,baseline,7.4,182.19
15,230309_SEFL21G3_trauma_g6,2,trauma,shock,shock01,0,669.33
15,230309_SEFL21G3_trauma_g6,2,trauma,shock,shock02,0,515.13
15,230309_SEFL21G3_trauma_g6,2,trauma,shock,shock03,0,1074.57
15,230309_SEFL21G3_trauma_g6,2,trauma,shock,shock04,0,647.87
15,230309_SEFL21G3_trauma_g6,2,trauma,shock,shock05,0,521.57
15,230309_SEFL21G3_trauma_g6,2,trauma,shock,shock06,0,715.23
15,230309_SEFL21G3_trauma_g6,2,trauma,shock,shock07,0,568.47
15,230309_SEFL21G3_trauma_g6,2,trauma,shock,shock08,0,629.23
15,230309_SEFL21G3_trauma_g6,2,trauma,shock,shock09,0,1032.4
15,230309_SEFL21G3_trauma_g6,2,trauma,shock,shock10,0,733.77
15,230309_SEFL21G3_trauma_g6,2,trauma,postshock,postshock01,0,160.2
15,230309_SEFL21G3_trauma_g6,2,trauma,postshock,postshock02,19.22,129.98
15,230309_SEFL21G3_trauma_g6,2,trauma,postshock,postshock03,55.33,47.62
15,230309_SEFL21G3_trauma_g6,2,trauma,postshock,postshock04,39.67,86.22
15,230309_SEFL21G3_trauma_g6,2,trauma,postshock,postshock05,36.56,119.47
15,230309_SEFL21G3_trauma_g6,2,trauma,postshock,postshock06,38.33,72.48
15,230309_SEFL21G3_trauma_g6,2,trauma,postshock,postshock07,15.33,144.89
15,230309_SEFL21G3_trauma_g6,2,trauma,postshock,postshock08,52.33,63.85
15,230309_SEFL21G3_trauma_g6,2,trauma,postshock,postshock09,25.67,94.71
15,230309_SEFL21G3_trauma_g6,2,trauma,postshock,postshock10,17.67,153.59
16,230309_SEFL21G3_trauma_g2,2,trauma,baseline,baseline,1.28,257.83
16,230309_SEFL21G3_trauma_g2,2,trauma,shock,shock01,0,911.3
16,230309_SEFL21G3_trauma_g2,2,trauma,shock,shock02,0,855.57
16,230309_SEFL21G3_trauma_g2,2,trauma,shock,shock03,0,558.97
16,230309_SEFL21G3_trauma_g2,2,trauma,shock,shock04,0,942.43
16,230309_SEFL21G3_trauma_g2,2,trauma,shock,shock05,0,551.23
16,230309_SEFL21G3_trauma_g2,2,trauma,shock,shock06,0,946.07
16,230309_SEFL21G3_trauma_g2,2,trauma,shock,shock07,0,891.33
16,230309_SEFL21G3_trauma_g2,2,trauma,shock,shock08,0,853.1
16,230309_SEFL21G3_trauma_g2,2,trauma,shock,shock09,0,239.77
16,230309_SEFL21G3_trauma_g2,2,trauma,shock,shock10,0,965.93
16,230309_SEFL21G3_trauma_g2,2,trauma,postshock,postshock01,0,267.96
16,230309_SEFL21G3_trauma_g2,2,trauma,postshock,postshock02,24.89,89.04
16,230309_SEFL21G3_trauma_g2,2,trauma,postshock,postshock03,0,242.97
16,230309_SEFL21G3_trauma_g2,2,trauma,postshock,postshock04,22.33,54.76
16,230309_SEFL21G3_trauma_g2,2,trauma,postshock,postshock05,54.11,30.92
16,230309_SEFL21G3_trauma_g2,2,trauma,postshock,postshock06,16.67,76.19
16,230309_SEFL21G3_trauma_g2,2,trauma,postshock,postshock07,31.22,34.64
16,230309_SEFL21G3_trauma_g2,2,trauma,postshock,postshock08,45.22,9.7
16,230309_SEFL21G3_trauma_g2,2,trauma,postshock,postshock09,10.11,151.1
16,230309_SEFL21G3_trauma_g2,2,trauma,postshock,postshock10,66.22,11.02
17,230309_SEFL21G3_trauma_g2,3,trauma,baseline,baseline,0,206.4
17,230309_SEFL21G3_trauma_g2,3,trauma,shock,shock01,0,1200.6
17,230309_SEFL21G3_trauma_g2,3,trauma,shock,shock02,0,902.13
17,230309_SEFL21G3_trauma_g2,3,trauma,shock,shock03,0,286.83
17,230309_SEFL21G3_trauma_g2,3,trauma,shock,shock04,0,410.07
17,230309_SEFL21G3_trauma_g2,3,trauma,shock,shock05,0,912.4
17,230309_SEFL21G3_trauma_g2,3,trauma,shock,shock06,0,388.3
17,230309_SEFL21G3_trauma_g2,3,trauma,shock,shock07,0,393.8
17,230309_SEFL21G3_trauma_g2,3,trauma,shock,shock08,0,374.37
17,230309_SEFL21G3_trauma_g2,3,trauma,shock,shock09,0,476.4
17,230309_SEFL21G3_trauma_g2,3,trauma,shock,shock10,0,756.63
17,230309_SEFL21G3_trauma_g2,3,trauma,postshock,postshock01,39.33,17.17
17,230309_SEFL21G3_trauma_g2,3,trauma,postshock,postshock02,20.67,20.6
17,230309_SEFL21G3_trauma_g2,3,trauma,postshock,postshock03,31.33,58.58
17,230309_SEFL21G3_trauma_g2,3,trauma,postshock,postshock04,43,20.38
17,230309_SEFL21G3_trauma_g2,3,trauma,postshock,postshock05,44.67,29.06
17,230309_SEFL21G3_trauma_g2,3,trauma,postshock,postshock06,68.22,5.03
17,230309_SEFL21G3_trauma_g2,3,trauma,postshock,postshock07,43.44,27.93
17,230309_SEFL21G3_trauma_g2,3,trauma,postshock,postshock08,44.56,92.59
17,230309_SEFL21G3_trauma_g2,3,trauma,postshock,postshock09,54.33,19.97
17,230309_SEFL21G3_trauma_g2,3,trauma,postshock,postshock10,51.33,19.9
18,230309_SEFL21G3_trauma_g2,4,trauma,baseline,baseline,8.31,165.23
18,230309_SEFL21G3_trauma_g2,4,trauma,shock,shock01,0,641.57
18,230309_SEFL21G3_trauma_g2,4,trauma,shock,shock02,0,840.83
18,230309_SEFL21G3_trauma_g2,4,trauma,shock,shock03,0,684.87
18,230309_SEFL21G3_trauma_g2,4,trauma,shock,shock04,0,705.8
18,230309_SEFL21G3_trauma_g2,4,trauma,shock,shock05,0,556.4
18,230309_SEFL21G3_trauma_g2,4,trauma,shock,shock06,0,519.03
18,230309_SEFL21G3_trauma_g2,4,trauma,shock,shock07,0,394.43
18,230309_SEFL21G3_trauma_g2,4,trauma,shock,shock08,0,799.53
18,230309_SEFL21G3_trauma_g2,4,trauma,shock,shock09,0,787.7
18,230309_SEFL21G3_trauma_g2,4,trauma,shock,shock10,0,812.07
18,230309_SEFL21G3_trauma_g2,4,trauma,postshock,postshock01,7.67,198.85
18,230309_SEFL21G3_trauma_g2,4,trauma,postshock,postshock02,24.78,107.13
18,230309_SEFL21G3_trauma_g2,4,trauma,postshock,postshock03,8.67,150.02
18,230309_SEFL21G3_trauma_g2,4,trauma,postshock,postshock04,15,39.45
18,230309_SEFL21G3_trauma_g2,4,trauma,postshock,postshock05,20.22,32.42
18,230309_SEFL21G3_trauma_g2,4,trauma,postshock,postshock06,20.11,39.32
18,230309_SEFL21G3_trauma_g2,4,trauma,postshock,postshock07,12.11,91.53
18,230309_SEFL21G3_trauma_g2,4,trauma,postshock,postshock08,0,197.49
18,230309_SEFL21G3_trauma_g2,4,trauma,postshock,postshock09,24.33,119.21
18,230309_SEFL21G3_trauma_g2,4,trauma,postshock,postshock10,30.78,90.84
19,230309_SEFL21G3_trauma_g3,1,trauma,baseline,baseline,0.53,266.83
19,230309_SEFL21G3_trauma_g3,1,trauma,shock,shock01,0,1128.2
19,230309_SEFL21G3_trauma_g3,1,trauma,shock,shock02,0,832.1
19,230309_SEFL21G3_trauma_g3,1,trauma,shock,shock03,0,486.6
19,230309_SEFL21G3_trauma_g3,1,trauma,shock,shock04,0,405.63
19,230309_SEFL21G3_trauma_g3,1,trauma,shock,shock05,0,396.67
19,230309_SEFL21G3_trauma_g3,1,trauma,shock,shock06,0,435.93
19,230309_SEFL21G3_trauma_g3,1,trauma,shock,shock07,0,482
19,230309_SEFL21G3_trauma_g3,1,trauma,shock,shock08,0,391.23
19,230309_SEFL21G3_trauma_g3,1,trauma,shock,shock09,0,518.63
19,230309_SEFL21G3_trauma_g3,1,trauma,shock,shock10,0,306.73
19,230309_SEFL21G3_trauma_g3,1,trauma,postshock,postshock01,0,87.06
19,230309_SEFL21G3_trauma_g3,1,trauma,postshock,postshock02,9.89,56.12
19,230309_SEFL21G3_trauma_g3,1,trauma,postshock,postshock03,28.22,15.56
19,230309_SEFL21G3_trauma_g3,1,trauma,postshock,postshock04,18.11,24.65
19,230309_SEFL21G3_trauma_g3,1,trauma,postshock,postshock05,0,110.71
19,230309_SEFL21G3_trauma_g3,1,trauma,postshock,postshock06,30,26.67
19,230309_SEFL21G3_trauma_g3,1,trauma,postshock,postshock07,26.89,37.31
19,230309_SEFL21G3_trauma_g3,1,trauma,postshock,postshock08,59.78,4.11
19,230309_SEFL21G3_trauma_g3,1,trauma,postshock,postshock09,67.56,4.47
19,230309_SEFL21G3_trauma_g3,1,trauma,postshock,postshock10,63,3.58
20,230309_SEFL21G3_trauma_g3,2,trauma,baseline,baseline,5.83,106.73
20,230309_SEFL21G3_trauma_g3,2,trauma,shock,shock01,0,565.73
20,230309_SEFL21G3_trauma_g3,2,trauma,shock,shock02,0,786.07
20,230309_SEFL21G3_trauma_g3,2,trauma,shock,shock03,0,845.43
20,230309_SEFL21G3_trauma_g3,2,trauma,shock,shock04,0,284.83
20,230309_SEFL21G3_trauma_g3,2,trauma,shock,shock05,0,95.83
20,230309_SEFL21G3_trauma_g3,2,trauma,shock,shock06,0,144.07
20,230309_SEFL21G3_trauma_g3,2,trauma,shock,shock07,0,150.63
20,230309_SEFL21G3_trauma_g3,2,trauma,shock,shock08,0,247.1
20,230309_SEFL21G3_trauma_g3,2,trauma,shock,shock09,0,257.4
20,230309_SEFL21G3_trauma_g3,2,trauma,shock,shock10,0,474.3
20,230309_SEFL21G3_trauma_g3,2,trauma,postshock,postshock01,60.22,16.43
20,230309_SEFL21G3_trauma_g3,2,trauma,postshock,postshock02,72.67,8.82
20,230309_SEFL21G3_trauma_g3,2,trauma,postshock,postshock03,6.56,117.45
20,230309_SEFL21G3_trauma_g3,2,trauma,postshock,postshock04,47.44,13.35
20,230309_SEFL21G3_trauma_g3,2,trauma,postshock,postshock05,6.11,110.56
20,230309_SEFL21G3_trauma_g3,2,trauma,postshock,postshock06,15.44,30.61
20,230309_SEFL21G3_trauma_g3,2,trauma,postshock,postshock07,66.11,10.45
20,230309_SEFL21G3_trauma_g3,2,trauma,postshock,postshock08,71.44,5.8
20,230309_SEFL21G3_trauma_g3,2,trauma,postshock,postshock09,90.89,2.24
20,230309_SEFL21G3_trauma_g3,2,trauma,postshock,postshock10,4.89,86.05
21,230309_SEFL21G3_trauma_g3,3,trauma,baseline,baseline,10.22,214.64
21,230309_SEFL21G3_trauma_g3,3,trauma,shock,shock01,0,1757.63
21,230309_SEFL21G3_trauma_g3,3,trauma,shock,shock02,0,1028.33
21,230309_SEFL21G3_trauma_g3,3,trauma,shock,shock03,0,1144.53
21,230309_SEFL21G3_trauma_g3,3,trauma,shock,shock04,0,1617.07
21,230309_SEFL21G3_trauma_g3,3,trauma,shock,shock05,0,886.9
21,230309_SEFL21G3_trauma_g3,3,trauma,shock,shock06,0,1176.73
21,230309_SEFL21G3_trauma_g3,3,trauma,shock,shock07,0,2019.77
21,230309_SEFL21G3_trauma_g3,3,trauma,shock,shock08,0,618.63
21,230309_SEFL21G3_trauma_g3,3,trauma,shock,shock09,0,495.43
21,230309_SEFL21G3_trauma_g3,3,trauma,shock,shock10,0,458.57
21,230309_SEFL21G3_trauma_g3,3,trauma,postshock,postshock01,6.78,221.95
21,230309_SEFL21G3_trauma_g3,3,trauma,postshock,postshock02,54.89,73.28
21,230309_SEFL21G3_trauma_g3,3,trauma,postshock,postshock03,43,71.62
21,230309_SEFL21G3_trauma_g3,3,trauma,postshock,postshock04,36.67,67.42
21,230309_SEFL21G3_trauma_g3,3,trauma,postshock,postshock05,35.56,82.84
21,230309_SEFL21G3_trauma_g3,3,trauma,postshock,postshock06,0,161.26
21,230309_SEFL21G3_trauma_g3,3,trauma,postshock,postshock07,23.22,57.7
21,230309_SEFL21G3_trauma_g3,3,trauma,postshock,postshock08,17.67,89.66
21,230309_SEFL21G3_trauma_g3,3,trauma,postshock,postshock09,16.44,94.19
21,230309_SEFL21G3_trauma_g3,3,trauma,postshock,postshock10,11.33,144.85
22,230309_SEFL21G3_trauma_g3,4,trauma,baseline,baseline,2.64,113.85
22,230309_SEFL21G3_trauma_g3,4,trauma,shock,shock01,0,765.23
22,230309_SEFL21G3_trauma_g3,4,trauma,shock,shock02,0,562.07
22,230309_SEFL21G3_trauma_g3,4,trauma,shock,shock03,0,272.57
22,230309_SEFL21G3_trauma_g3,4,trauma,shock,shock04,0,469.63
22,230309_SEFL21G3_trauma_g3,4,trauma,shock,shock05,0,120.27
22,230309_SEFL21G3_trauma_g3,4,trauma,shock,shock06,0,328.5
22,230309_SEFL21G3_trauma_g3,4,trauma,shock,shock07,0,280.2
22,230309_SEFL21G3_trauma_g3,4,trauma,shock,shock08,0,367.6
22,230309_SEFL21G3_trauma_g3,4,trauma,shock,shock09,0,288.9
22,230309_SEFL21G3_trauma_g3,4,trauma,shock,shock10,0,449.37
22,230309_SEFL21G3_trauma_g3,4,trauma,postshock,postshock01,76.56,4.38
22,230309_SEFL21G3_trauma_g3,4,trauma,postshock,postshock02,64.22,6.32
22,230309_SEFL21G3_trauma_g3,4,trauma,postshock,postshock03,70.56,13.43
22,230309_SEFL21G3_trauma_g3,4,trauma,postshock,postshock04,18.33,29.72
22,230309_SEFL21G3_trauma_g3,4,trauma,postshock,postshock05,29.22,42.72
22,230309_SEFL21G3_trauma_g3,4,trauma,postshock,postshock06,13.44,28.11
22,230309_SEFL21G3_trauma_g3,4,trauma,postshock,postshock07,51.78,27.72
22,230309_SEFL21G3_trauma_g3,4,trauma,postshock,postshock08,22.67,24.45
22,230309_SEFL21G3_trauma_g3,4,trauma,postshock,postshock09,49.78,10.25
22,230309_SEFL21G3_trauma_g3,4,trauma,postshock,postshock10,37.22,59.42
23,230309_SEFL21G3_trauma_g6,3,trauma,baseline,baseline,0,251.14
23,230309_SEFL21G3_trauma_g6,3,trauma,shock,shock01,0,1236.53
23,230309_SEFL21G3_trauma_g6,3,trauma,shock,shock02,0,621.33
23,230309_SEFL21G3_trauma_g6,3,trauma,shock,shock03,0,463.47
23,230309_SEFL21G3_trauma_g6,3,trauma,shock,shock04,0,345.37
23,230309_SEFL21G3_trauma_g6,3,trauma,shock,shock05,0,412.87
23,230309_SEFL21G3_trauma_g6,3,trauma,shock,shock06,0,344.4
23,230309_SEFL21G3_trauma_g6,3,trauma,shock,shock07,0,261.53
23,230309_SEFL21G3_trauma_g6,3,trauma,shock,shock08,0,114.83
23,230309_SEFL21G3_trauma_g6,3,trauma,shock,shock09,0,100.4
23,230309_SEFL21G3_trauma_g6,3,trauma,shock,shock10,0,70.37
23,230309_SEFL21G3_trauma_g6,3,trauma,postshock,postshock01,3.33,172.53
23,230309_SEFL21G3_trauma_g6,3,trauma,postshock,postshock02,17.33,122.1
23,230309_SEFL21G3_trauma_g6,3,trauma,postshock,postshock03,58.33,35.11
23,230309_SEFL21G3_trauma_g6,3,trauma,postshock,postshock04,23.33,126.59
23,230309_SEFL21G3_trauma_g6,3,trauma,postshock,postshock05,5.44,48.9
23,230309_SEFL21G3_trauma_g6,3,trauma,postshock,postshock06,91.67,5.27
23,230309_SEFL21G3_trauma_g6,3,trauma,postshock,postshock07,92,5.82
23,230309_SEFL21G3_trauma_g6,3,trauma,postshock,postshock08,81.22,10.75
23,230309_SEFL21G3_trauma_g6,3,trauma,postshock,postshock09,100,0.22
23,230309_SEFL21G3_trauma_g6,3,trauma,postshock,postshock10,88.22,2.2
24,230309_SEFL21G3_trauma_g6,4,trauma,baseline,baseline,3.71,228.28
24,230309_SEFL21G3_trauma_g6,4,trauma,shock,shock01,0,1153.2
24,230309_SEFL21G3_trauma_g6,4,trauma,shock,shock02,0,859.37
24,230309_SEFL21G3_trauma_g6,4,trauma,shock,shock03,0,520.97
24,230309_SEFL21G3_trauma_g6,4,trauma,shock,shock04,0,635.47
24,230309_SEFL21G3_trauma_g6,4,trauma,shock,shock05,0,451
24,230309_SEFL21G3_trauma_g6,4,trauma,shock,shock06,0,659.1
24,230309_SEFL21G3_trauma_g6,4,trauma,shock,shock07,0,353.67
24,230309_SEFL21G3_trauma_g6,4,trauma,shock,shock08,0,567.27
24,230309_SEFL21G3_trauma_g6,4,trauma,shock,shock09,0,333.73
24,230309_SEFL21G3_trauma_g6,4,trauma,shock,shock10,0,855.33
24,230309_SEFL21G3_trauma_g6,4,trauma,postshock,postshock01,0,180.83
24,230309_SEFL21G3_trauma_g6,4,trauma,postshock,postshock02,7.22,86.48
24,230309_SEFL21G3_trauma_g6,4,trauma,postshock,postshock03,20.89,81.93
24,230309_SEFL21G3_trauma_g6,4,trauma,postshock,postshock04,17.67,107.77
24,230309_SEFL21G3_trauma_g6,4,trauma,postshock,postshock05,16.78,126.06
24,230309_SEFL21G3_trauma_g6,4,trauma,postshock,postshock06,14.78,69.92
24,230309_SEFL21G3_trauma_g6,4,trauma,postshock,postshock07,59.44,46.34
24,230309_SEFL21G3_trauma_g6,4,trauma,postshock,postshock08,16.56,115.21
24,230309_SEFL21G3_trauma_g6,4,trauma,postshock,postshock09,30,57.2
24,230309_SEFL21G3_trauma_g6,4,trauma,postshock,postshock10,32.33,47.86